[Licensing::Module] Trying to connect to existing licensing client channel...
Built from '6000.4/staging' branch; Version is '6000.4.6f1 (0b051c2e5d54) revision 722204'; Using compiler version '194234433'; Build Type 'Release'
OS: 'Windows 11  (10.0.26200) CoreSingleLanguage' Language: 'en' Physical Memory: 16091 MB
[Licensing::IpcConnector] Successfully connected to: "LicenseClient-LOQ" at "2026-06-17T17:28:17.9003649Z"
BatchMode: 1, IsHumanControllingUs: 0, StartBugReporterOnCrash: 0, Is64bit: 1
System  architecture: x64
Process architecture: x64
Date: 2026-06-17T17:28:17Z

COMMAND LINE ARGUMENTS:
C:\Program Files\Unity\Hub\Editor\6000.4.6f1\Editor\Unity.exe
-adb2
-batchMode
-noUpm
-name
AssetImportWorker5
-projectPath
D:/Kuliah/Virtual Reality/3d-elevator-system
-logFile
Logs/AssetImportWorker5.log
-srvPort
54724
-licensingIpc
LicenseClient-LOQ
-force-d3d12
-job-worker-count
7
-background-job-worker-count
8
-gc-helper-count
1
-name
AssetImport
Successfully changed project path to: D:/Kuliah/Virtual Reality/3d-elevator-system
D:/Kuliah/Virtual Reality/3d-elevator-system
[UnityMemory] Configuration Parameters - Can be set up in boot.config
    "memorysetup-temp-allocator-size-gi-baking-worker=262144"
    "memorysetup-temp-allocator-size-gi-baking-worker=262144"
    "memorysetup-temp-allocator-size-gi-baking-worker=262144"
    "memorysetup-temp-allocator-size-gi-baking-worker=262144"
    "memorysetup-temp-allocator-size-gi-baking-worker=262144"
    "memorysetup-temp-allocator-size-nav-mesh-worker=65536"
    "memorysetup-temp-allocator-size-audio-worker=65536"
    "memorysetup-temp-allocator-size-cloud-worker=32768"
    "memorysetup-temp-allocator-size-gfx=262144"
    "memorysetup-temp-allocator-size-preload-manager=33554432"
    "memorysetup-temp-allocator-size-job-worker=262144"
    "memorysetup-temp-allocator-size-background-worker=32768"
    "memorysetup-allocator-temp-initial-block-size-main=262144"
    "memorysetup-allocator-temp-initial-block-size-worker=262144"
    "memorysetup-bucket-allocator-granularity=16"
    "memorysetup-bucket-allocator-bucket-count=8"
    "memorysetup-bucket-allocator-block-size=33554432"
    "memorysetup-bucket-allocator-block-count=8"
    "memorysetup-main-allocator-block-size=16777216"
    "memorysetup-thread-allocator-block-size=16777216"
    "memorysetup-gfx-main-allocator-block-size=16777216"
    "memorysetup-gfx-thread-allocator-block-size=16777216"
    "memorysetup-cache-allocator-block-size=4194304"
    "memorysetup-typetree-allocator-block-size=2097152"
    "memorysetup-profiler-bucket-allocator-granularity=16"
    "memorysetup-profiler-bucket-allocator-bucket-count=8"
    "memorysetup-profiler-bucket-allocator-block-size=33554432"
    "memorysetup-profiler-bucket-allocator-block-count=8"
    "memorysetup-profiler-allocator-block-size=16777216"
    "memorysetup-profiler-editor-allocator-block-size=1048576"
    "memorysetup-temp-allocator-size-main=16777216"
    "memorysetup-job-temp-allocator-block-size=2097152"
    "memorysetup-job-temp-allocator-block-size-background=1048576"
    "memorysetup-job-temp-allocator-reduction-small-platforms=262144"
Player connection [18092]  Target information:

Player connection [18092]  * "[IP] 192.168.56.1 [Port] 0 [Flags] 2 [Guid] 4186597753 [EditorId] 4186597753 [Version] 1048832 [Id] WindowsEditor(7,LAPTOP-F8GBUHJM) [Debug] 1 [PackageName] WindowsEditor [ProjectName] Editor" 

Player connection [18092]  * "[IP] 10.135.62.109 [Port] 0 [Flags] 2 [Guid] 4186597753 [EditorId] 4186597753 [Version] 1048832 [Id] WindowsEditor(7,LAPTOP-F8GBUHJM) [Debug] 1 [PackageName] WindowsEditor [ProjectName] Editor" 

Player connection [18092] Host joined multi-casting on [225.0.0.222:54997]...
Player connection [18092] Host joined alternative multi-casting on [225.0.0.222:34997]...
JobSystem: Creating JobQueue using job-worker-count value 7
Input System module state changed to: Initialized.
[Physics::Module] Initialized fallback backend.
[Physics::Module] Id: 0xdecafbad
Library Redirect Path: Library/
[Physics::Module] Selected backend.
[Physics::Module] Name: PhysX
[Physics::Module] Id: 0xf2b8ea05
[Physics::Module] SDK Version: 4.1.2
[Physics::Module] Integration Version: 1.0.0
[Physics::Module] Threading Mode: Multi-Threaded
Initialize engine version: 6000.4.6f1 (0b051c2e5d54)
[Subsystems] Discovering subsystems at path C:/Program Files/Unity/Hub/Editor/6000.4.6f1/Editor/Data/Resources/UnitySubsystems
[Subsystems] Discovering subsystems at path D:/Kuliah/Virtual Reality/3d-elevator-system/Assets
Forcing GfxDevice: Direct3D 12
GfxDevice: creating device client; kGfxThreadingModeNonThreaded
d3d12: failed to query info queue interface (0x80004002).
Direct3D:
    Version:         Direct3D 12 [level 12.2]
    Renderer:        NVIDIA GeForce RTX 3050 6GB Laptop GPU (ID=0x25ec)
    Vendor:          NVIDIA
    VRAM:            6002 MB
    App VRAM Budget: 5234 MB
    Driver:          32.0.15.8186
Initialize mono
Mono path[0] = 'C:/Program Files/Unity/Hub/Editor/6000.4.6f1/Editor/Data/Managed'
Mono path[1] = 'C:/Program Files/Unity/Hub/Editor/6000.4.6f1/Editor/Data/MonoBleedingEdge/lib/mono/unityjit-win32'
Mono config path = 'C:/Program Files/Unity/Hub/Editor/6000.4.6f1/Editor/Data/MonoBleedingEdge/etc'
Using monoOptions --debugger-agent=transport=dt_socket,embedding=1,server=y,suspend=n,address=127.0.0.1:56520
CodeReloadManager initialized
Begin MonoManager ReloadAssembly
Registering precompiled unity dll's ...
Register platform support module: C:/Program Files/Unity/Hub/Editor/6000.4.6f1/Editor/Data/PlaybackEngines/WebGLSupport/UnityEditor.WebGL.Extensions.dll
Register platform support module: C:/Program Files/Unity/Hub/Editor/6000.4.6f1/Editor/Data/PlaybackEngines/WindowsStandaloneSupport/UnityEditor.WindowsStandalone.Extensions.dll
Registered in 0.001354 seconds.
Native extension for WindowsStandalone target not found
Native extension for WebGL target not found
Package Manager log level set to [2]
[Package Manager] Failed to launch server process. Reason: Unity was launched with the -noUpm command-line argument
[Package Manager] Unable to send message (not connected to server process).
[Package Manager] Cannot connect to Unity Package Manager local server
[Licensing::Client] Error: HandshakeResponse reported an error:
	ResponseCode: 505
	ResponseStatus: Unsupported protocol version '1.18.1'.
[Licensing::Module] Error: Failed to handshake to channel: "LicenseClient-LOQ"
[Licensing::IpcConnector] LicenseClient-LOQ channel disconnected successfully.
[Licensing::IpcConnector] Successfully connected to: "LicenseClient-LOQ-6000.4.6" at "2026-06-17T17:28:20.1520288Z"
[Licensing::Client] Code 10 while verifying Licensing Client signature (process Id: 11068, path: "C:/Program Files/Unity/Hub/Editor/6000.4.6f1/Editor/Data/Resources/Licensing/Client/Unity.Licensing.Client.exe")
[Licensing::Module] LicensingClient has failed validation; ignoring
[Licensing::Client] Handshaking with LicensingClient:
  Version:                 1.18.1+9fbee8e
  Session Id:              c06cc337c51a46a68f2e3a0712bc2e97
  Correlation Id:          4bf5dc600c1db5c51dc2b9ec8367c116
  External correlation Id: 5837912510731694217
  Machine Id:              OYKFVGYTU/U7QT+36Tnk/ih5/gY=
[Licensing::Module] Successfully connected to LicensingClient on channel: "LicenseClient-LOQ-6000.4.6" (connect: 0.00s, validation: 0.00s, handshake: 0.01s)
[Licensing::IpcConnector] Successfully connected to: "LicenseClient-LOQ-6000.4.6-notifications" at "2026-06-17T17:28:20.1645384Z"
[Licensing::Module] Licensing Background thread has ended after 2.26s
ScheduleIndexationOnStartup MainProcess:False IndexOnStartup:True
Mono: successfully reloaded assembly
- Finished resetting the current domain, in  0.482 seconds
Domain Reload Profiling: 1030ms
	BeginReloadAssembly (152ms)
	RebuildCommonClasses (50ms)
	RebuildNativeTypeToScriptingClass (13ms)
	initialDomainReloadingComplete (72ms)
	LoadAllAssembliesAndSetupDomain (258ms)
		LoadAssemblies (150ms)
		AnalyzeDomain (248ms)
			TypeCache.Refresh (247ms)
				TypeCache.ScanAssembly (230ms)
	FinalizeReload (484ms)
		SetupLoadedEditorAssemblies (0ms)
			InitializePlatformSupportModulesInManaged (59ms)
			BeforeProcessingInitializeOnLoad (102ms)
			ProcessInitializeOnLoadAttributes (140ms)
			ProcessInitializeOnLoadMethodAttributes (95ms)
========================================================================
Worker process is ready to serve import requests
Import Worker Mode flag is 0x00
Begin MonoManager ReloadAssembly
[Licensing::Client] Successfully resolved entitlement details
[Licensing::Module] License group:
  Id: 18968439435909-UnityPersXXXX
  Product: Unity Personal
  Type: Assigned
  Expiration: Unlimited
Assembly Assembly-CSharp-Editor-firstpass.dll at Library/ScriptAssemblies/Assembly-CSharp-Editor-firstpass.dll not valid. Loading of assembly skipped.
Assembly Assembly-CSharp-firstpass.dll at Library/ScriptAssemblies/Assembly-CSharp-firstpass.dll not valid. Loading of assembly skipped.
Assembly DocCodeExamples.dll at Library/ScriptAssemblies/DocCodeExamples.dll not valid. Loading of assembly skipped.
Assembly TestNewCustomAssembly.dll at Library/ScriptAssemblies/TestNewCustomAssembly.dll not valid. Loading of assembly skipped.
Assembly Unity.Collections.BurstCompatibilityGen.dll at Library/ScriptAssemblies/Unity.Collections.BurstCompatibilityGen.dll not valid. Loading of assembly skipped.
Assembly Unity.Collections.DocCodeSamples.dll at Library/ScriptAssemblies/Unity.Collections.DocCodeSamples.dll not valid. Loading of assembly skipped.
Assembly Unity.Collections.PerformanceTests.dll at Library/ScriptAssemblies/Unity.Collections.PerformanceTests.dll not valid. Loading of assembly skipped.
Assembly Unity.Collections.Tests.dll at Library/ScriptAssemblies/Unity.Collections.Tests.dll not valid. Loading of assembly skipped.
Assembly Unity.Collections.Tests.Playmode.dll at Library/ScriptAssemblies/Unity.Collections.Tests.Playmode.dll not valid. Loading of assembly skipped.
Assembly Unity.InputSystem.IntegrationTests.dll at Library/ScriptAssemblies/Unity.InputSystem.IntegrationTests.dll not valid. Loading of assembly skipped.
Assembly Unity.Mathematics.Tests.dll at Library/ScriptAssemblies/Unity.Mathematics.Tests.dll not valid. Loading of assembly skipped.
Assembly Unity.Multiplayer.Center.Editor.Tests.dll at Library/ScriptAssemblies/Unity.Multiplayer.Center.Editor.Tests.dll not valid. Loading of assembly skipped.
Assembly Unity.Multiplayer.Center.Tests.dll at Library/ScriptAssemblies/Unity.Multiplayer.Center.Tests.dll not valid. Loading of assembly skipped.
Assembly Unity.Nuget.Mono-Cecil.dll at Library/ScriptAssemblies/Unity.Nuget.Mono-Cecil.dll not valid. Loading of assembly skipped.
Assembly Unity.PathTracing.Editor.Tests.dll at Library/ScriptAssemblies/Unity.PathTracing.Editor.Tests.dll not valid. Loading of assembly skipped.
Assembly Unity.PathTracing.Runtime.Tests.dll at Library/ScriptAssemblies/Unity.PathTracing.Runtime.Tests.dll not valid. Loading of assembly skipped.
Assembly Unity.RenderPipelines.Core.Editor.Tests.dll at Library/ScriptAssemblies/Unity.RenderPipelines.Core.Editor.Tests.dll not valid. Loading of assembly skipped.
Assembly Unity.RenderPipelines.Core.Runtime.Tests.dll at Library/ScriptAssemblies/Unity.RenderPipelines.Core.Runtime.Tests.dll not valid. Loading of assembly skipped.
Assembly Unity.RenderPipelines.Universal.Config.Editor.Tests.dll at Library/ScriptAssemblies/Unity.RenderPipelines.Universal.Config.Editor.Tests.dll not valid. Loading of assembly skipped.
Assembly Unity.RenderPipelines.Universal.Editor.Tests.dll at Library/ScriptAssemblies/Unity.RenderPipelines.Universal.Editor.Tests.dll not valid. Loading of assembly skipped.
Assembly Unity.RenderPipelines.Universal.Runtime.Tests.dll at Library/ScriptAssemblies/Unity.RenderPipelines.Universal.Runtime.Tests.dll not valid. Loading of assembly skipped.
Assembly Unity.Searcher.EditorTests.dll at Library/ScriptAssemblies/Unity.Searcher.EditorTests.dll not valid. Loading of assembly skipped.
Assembly Unity.Settings.Tests.dll at Library/ScriptAssemblies/Unity.Settings.Tests.dll not valid. Loading of assembly skipped.
Assembly Unity.ShaderGraph.Editor.Tests.dll at Library/ScriptAssemblies/Unity.ShaderGraph.Editor.Tests.dll not valid. Loading of assembly skipped.
Assembly Unity.TextMeshPro.Editor.Tests.dll at Library/ScriptAssemblies/Unity.TextMeshPro.Editor.Tests.dll not valid. Loading of assembly skipped.
Assembly Unity.TextMeshPro.Tests.dll at Library/ScriptAssemblies/Unity.TextMeshPro.Tests.dll not valid. Loading of assembly skipped.
Assembly Unity.UnifiedRayTracing.Editor.Tests.dll at Library/ScriptAssemblies/Unity.UnifiedRayTracing.Editor.Tests.dll not valid. Loading of assembly skipped.
Assembly UnityEditor.UI.Common.Tests.dll at Library/ScriptAssemblies/UnityEditor.UI.Common.Tests.dll not valid. Loading of assembly skipped.
Assembly UnityEditor.UI.EditorTests.dll at Library/ScriptAssemblies/UnityEditor.UI.EditorTests.dll not valid. Loading of assembly skipped.
Assembly UnityEngine.UI.Tests.dll at Library/ScriptAssemblies/UnityEngine.UI.Tests.dll not valid. Loading of assembly skipped.
Native extension for WindowsStandalone target not found
Native extension for WebGL target not found
[Package Manager] Failed to launch server process. Reason: Unity was launched with the -noUpm command-line argument
[Package Manager] Unable to send message (not connected to server process).
[Package Manager] Cannot connect to Unity Package Manager local server
[Package Manager] Failed to launch server process. Reason: Unity was launched with the -noUpm command-line argument
[Package Manager] Unable to send message (not connected to server process).
[Package Manager] Cannot connect to Unity Package Manager local server
[Package Manager] Failed to launch server process. Reason: Unity was launched with the -noUpm command-line argument
[Package Manager] Unable to send message (not connected to server process).
[Package Manager] Cannot connect to Unity Package Manager local server
[MODES] ModeService[none].Initialize
[MODES] ModeService[none].LoadModes
[MODES] Loading mode Default (0) for mode-current-id-Elevator Floor Selection Panel
ScheduleIndexationOnStartup MainProcess:False IndexOnStartup:True
Mono: successfully reloaded assembly
- Finished resetting the current domain, in  0.724 seconds
Domain Reload Profiling: 1583ms
	BeginReloadAssembly (198ms)
		DisableScriptedObjects (6ms)
		CreateAndSetChildDomain (36ms)
	RebuildCommonClasses (48ms)
	RebuildNativeTypeToScriptingClass (13ms)
	initialDomainReloadingComplete (88ms)
	LoadAllAssembliesAndSetupDomain (512ms)
		LoadAssemblies (383ms)
		AnalyzeDomain (232ms)
			TypeCache.Refresh (153ms)
				TypeCache.ScanAssembly (137ms)
			BuildScriptInfoCaches (65ms)
			ResolveRequiredComponents (11ms)
	FinalizeReload (724ms)
		SetupLoadedEditorAssemblies (0ms)
			InitializePlatformSupportModulesInManaged (3ms)
			BeforeProcessingInitializeOnLoad (133ms)
			ProcessInitializeOnLoadAttributes (223ms)
			ProcessInitializeOnLoadMethodAttributes (131ms)
			AfterProcessingInitializeOnLoad (4ms)
		AwakeInstancesAfterBackupRestoration (10ms)
Launched and connected shader compiler UnityShaderCompiler.exe after 0.02 seconds
Unloading 25 Unused Serialized files (Serialized files now loaded: 0)
Unloading 6514 unused Assets / (5.2 MB). Loaded Objects now: 7376.
Memory consumption went from 162.8 MB to 157.6 MB.
Total: 8.754800 ms (FindLiveObjects: 0.549600 ms CreateObjectMapping: 0.396000 ms MarkObjects: 4.540900 ms  DeleteObjects: 3.265600 ms)

========================================================================
Received Import Request.
  Time since last request: 38309.828187 seconds.
  path: Assets/Enviroment/enviroment/Office building/textures/grey carpet.png
  importAddress: Guid(9e1040d80b418f347b4dd20c0073fb8e) Importer(2089858483,b0f066a214c2f5e87bad3c948f4d605d)
Start importing Assets/Enviroment/enviroment/Office building/textures/grey carpet.png using Guid(9e1040d80b418f347b4dd20c0073fb8e) Importer(2089858483,b0f066a214c2f5e87bad3c948f4d605d) (ScriptedImporter) -> (Import Result ID: '96879864f8a9bff694d1779708bd9672') in 0.1231806 seconds [static and dynamic dependencies]. Details - ImportResultOutputID=68b48befdf02bdd15589bc71eb963119 DependenciesID=4a1d6809e2480d284b9cbb7474fd009f StaticDependenciesID=3aa2db2a0798e63b81653d0c7418ea46 
Number of updated asset objects reloaded before import = 0Number of asset objects unloaded after import = 1

========================================================================
Received Import Request.
  Time since last request: 0.000026 seconds.
  path: Assets/Enviroment/enviroment/Office building/Prefabs/Storage box grey prefab.prefab
  importAddress: Guid(2d613286f37c7964b8998d01106aad6a) Importer(2089858483,b0f066a214c2f5e87bad3c948f4d605d)
Start importing Assets/Enviroment/enviroment/Office building/Prefabs/Storage box grey prefab.prefab using Guid(2d613286f37c7964b8998d01106aad6a) Importer(2089858483,b0f066a214c2f5e87bad3c948f4d605d) (ScriptedImporter) -> (Import Result ID: 'ce3462f488d286ad11ca255e18577eb3') in 0.0193041 seconds [static and dynamic dependencies]. Details - ImportResultOutputID=ebf1cb3af48d4b38bc6b6f4e535b60ba DependenciesID=f2b71b0e37cefd96db7fd4dd8d0e774f StaticDependenciesID=6e11bb3725d53deb919ab4390de05570 
Number of updated asset objects reloaded before import = 0Number of asset objects unloaded after import = 10

========================================================================
Received Import Request.
  Time since last request: 0.000014 seconds.
  path: Assets/LoafbrrAssets/Interiors_A/prefabs/Floor/FloorCeiling_1x1.prefab
  importAddress: Guid(9c2a65116be328d4aa36cd5f97f49bec) Importer(2089858483,b0f066a214c2f5e87bad3c948f4d605d)
Start importing Assets/LoafbrrAssets/Interiors_A/prefabs/Floor/FloorCeiling_1x1.prefab using Guid(9c2a65116be328d4aa36cd5f97f49bec) Importer(2089858483,b0f066a214c2f5e87bad3c948f4d605d) (ScriptedImporter) -> (Import Result ID: 'd2a501c9896d40713c3b4e54380712a8') in 0.0332798 seconds [static and dynamic dependencies]. Details - ImportResultOutputID=dbaf46b7a167343516c17fdc4d8e982c DependenciesID=5faed234f7f7991c82fb934656c7a2ff StaticDependenciesID=4abadb9c5abf31bba0f961437e24c711 
Number of updated asset objects reloaded before import = 0Number of asset objects unloaded after import = 11

========================================================================
Received Import Request.
  Time since last request: 0.000026 seconds.
  path: Assets/LoafbrrAssets/Interiors_A/texture/MiscTrim/MiscTrim_ORM_2K.png
  importAddress: Guid(ef4a4e286546bd14a97b0d668dfb99be) Importer(2089858483,b0f066a214c2f5e87bad3c948f4d605d)
Start importing Assets/LoafbrrAssets/Interiors_A/texture/MiscTrim/MiscTrim_ORM_2K.png using Guid(ef4a4e286546bd14a97b0d668dfb99be) Importer(2089858483,b0f066a214c2f5e87bad3c948f4d605d) (ScriptedImporter) -> (Import Result ID: '80be8344a9c41d716e41b1b1432b9d7f') in 0.0120043 seconds [static and dynamic dependencies]. Details - ImportResultOutputID=c8383c48dee0cb545be5f3e528aa1c5b DependenciesID=e8f5b582ed7683d44e6df339cb71a9fd StaticDependenciesID=62ae057da7938c66cb7952c91b117879 
Number of updated asset objects reloaded before import = 0Number of asset objects unloaded after import = 1

========================================================================
Received Import Request.
  Time since last request: 0.000032 seconds.
  path: Assets/LoafbrrAssets/Interiors_A/prefabs/Decal/Floor_Separator_3m.prefab
  importAddress: Guid(ec25cb6843cbba54082bbc8c3a681fb9) Importer(2089858483,b0f066a214c2f5e87bad3c948f4d605d)
Start importing Assets/LoafbrrAssets/Interiors_A/prefabs/Decal/Floor_Separator_3m.prefab using Guid(ec25cb6843cbba54082bbc8c3a681fb9) Importer(2089858483,b0f066a214c2f5e87bad3c948f4d605d) (ScriptedImporter) -> (Import Result ID: 'd5411de2d2ffe8958cb70e4da874c8f0') in 0.008 seconds [static and dynamic dependencies]. Details - ImportResultOutputID=32bde0d139b8d8aeaf85bfdec037e565 DependenciesID=698d9a475896b9cf153c433473fb14cc StaticDependenciesID=0798fe5513595c67446cfa2ecc123837 
Number of updated asset objects reloaded before import = 0Number of asset objects unloaded after import = 9

========================================================================
Received Import Request.
  Time since last request: 0.000016 seconds.
  path: Assets/LoafbrrAssets/Interiors_A/prefabs/StairParts/Stair_Wall_1m_B.prefab
  importAddress: Guid(1dc7615c289550f428f4e06fca5f209c) Importer(2089858483,b0f066a214c2f5e87bad3c948f4d605d)
Start importing Assets/LoafbrrAssets/Interiors_A/prefabs/StairParts/Stair_Wall_1m_B.prefab using Guid(1dc7615c289550f428f4e06fca5f209c) Importer(2089858483,b0f066a214c2f5e87bad3c948f4d605d) (ScriptedImporter) -> (Import Result ID: 'af7ff8b21de9c566e6134aed3bf55017') in 0.0104702 seconds [static and dynamic dependencies]. Details - ImportResultOutputID=eb516277fcba6dbf6a5d026ceecee2ed DependenciesID=fa71ae824a013285910588bedcc3abcd StaticDependenciesID=6472663509ebcbf347b2cc11428109ba 
Number of updated asset objects reloaded before import = 0Number of asset objects unloaded after import = 10

========================================================================
Received Import Request.
  Time since last request: 0.000019 seconds.
  path: Assets/Enviroment/enviroment/Office building/textures/Props/used/Climb poles.png
  importAddress: Guid(7ee0cfab06eec4d41a113d6d99a30e2f) Importer(2089858483,b0f066a214c2f5e87bad3c948f4d605d)
Start importing Assets/Enviroment/enviroment/Office building/textures/Props/used/Climb poles.png using Guid(7ee0cfab06eec4d41a113d6d99a30e2f) Importer(2089858483,b0f066a214c2f5e87bad3c948f4d605d) (ScriptedImporter) -> (Import Result ID: 'fa7040309a3c3feffa28d05faac2ee54') in 0.0049394 seconds [static and dynamic dependencies]. Details - ImportResultOutputID=feab9f79eaee2d704a030647acc8c64c DependenciesID=12ba7aee398b411497fda47643157699 StaticDependenciesID=0c2164e431bcb1d928c6ddb2b0d326b3 
Number of updated asset objects reloaded before import = 0Number of asset objects unloaded after import = 1

========================================================================
Received Import Request.
  Time since last request: 0.000031 seconds.
  path: Assets/LoafbrrAssets/Interiors_A/prefabs/Floor
  importAddress: Guid(d1f187d4d8e9563478ca982d126b3737) Importer(2089858483,b0f066a214c2f5e87bad3c948f4d605d)
Start importing Assets/LoafbrrAssets/Interiors_A/prefabs/Floor using Guid(d1f187d4d8e9563478ca982d126b3737) Importer(2089858483,b0f066a214c2f5e87bad3c948f4d605d) (ScriptedImporter) -> (Import Result ID: '3fc2a892199abb27528072a0d6b0fccc') in 0.0023989 seconds [static and dynamic dependencies]. Details - ImportResultOutputID=27753ef6f78229fad5d47e3247e2970d DependenciesID=90c5dbb52d778eb606fb3c8909efa21d StaticDependenciesID=929dce48f871830b86806f19ac448b11 
Number of updated asset objects reloaded before import = 0Number of asset objects unloaded after import = 1

========================================================================
Received Import Request.
  Time since last request: 0.000028 seconds.
  path: Assets/Enviroment/enviroment/Office building/Prefabs/Metal cupboard Prefab.prefab
  importAddress: Guid(807f5c2ba3781b842bf272cf8b1939ae) Importer(2089858483,b0f066a214c2f5e87bad3c948f4d605d)
Start importing Assets/Enviroment/enviroment/Office building/Prefabs/Metal cupboard Prefab.prefab using Guid(807f5c2ba3781b842bf272cf8b1939ae) Importer(2089858483,b0f066a214c2f5e87bad3c948f4d605d) (ScriptedImporter) -> (Import Result ID: 'ace8b04b105cad375aaf6901ab7a80aa') in 0.0052097 seconds [static and dynamic dependencies]. Details - ImportResultOutputID=1279b92a98562e63737d69fcd2a55a3a DependenciesID=25310bc2baaaa34b503d25e8880f8b8f StaticDependenciesID=a32c07a287c5e4416b8c85042eee95ba 
Number of updated asset objects reloaded before import = 0Number of asset objects unloaded after import = 10

========================================================================
Received Import Request.
  Time since last request: 0.000016 seconds.
  path: Assets/Enviroment/enviroment/Office building/material props/lobby table.mat
  importAddress: Guid(9ab01f780b45cd3409d5d3cad38a8766) Importer(2089858483,b0f066a214c2f5e87bad3c948f4d605d)
Start importing Assets/Enviroment/enviroment/Office building/material props/lobby table.mat using Guid(9ab01f780b45cd3409d5d3cad38a8766) Importer(2089858483,b0f066a214c2f5e87bad3c948f4d605d) (ScriptedImporter) -> (Import Result ID: '50b7256f6f296f44a2d1aceb1fd48aea') in 0.0159237 seconds [static and dynamic dependencies]. Details - ImportResultOutputID=5b161ea6dcabad5d7e0ee6efa034be01 DependenciesID=eaa2051371b0fca4d3ec0872d4277f19 StaticDependenciesID=aee46339acde28c602976ec8a11431bb 
Number of updated asset objects reloaded before import = 0Number of asset objects unloaded after import = 2

========================================================================
Received Import Request.
  Time since last request: 0.000035 seconds.
  path: Assets/LoafbrrAssets/Interiors_A/prefabs/Decal/Decal_Grate_corner_A.prefab
  importAddress: Guid(a662eaf40b07f0e448726073c2f445be) Importer(2089858483,b0f066a214c2f5e87bad3c948f4d605d)
Start importing Assets/LoafbrrAssets/Interiors_A/prefabs/Decal/Decal_Grate_corner_A.prefab using Guid(a662eaf40b07f0e448726073c2f445be) Importer(2089858483,b0f066a214c2f5e87bad3c948f4d605d) (ScriptedImporter) -> (Import Result ID: '879995653212f1fa52f391e40bfd9723') in 0.0083232 seconds [static and dynamic dependencies]. Details - ImportResultOutputID=97d5884eb49b448f8a5f22fc0b1e74e6 DependenciesID=8e9eb5a8923bd94bec75e352f13de80f StaticDependenciesID=9b0f1342eb3e2f18c1daecf238be7637 
Number of updated asset objects reloaded before import = 0Number of asset objects unloaded after import = 9

========================================================================
Received Import Request.
  Time since last request: 0.000032 seconds.
  path: Assets/LoafbrrAssets/Interiors_A/texture/Door/Door_Diffuse_1K_C.png
  importAddress: Guid(baa1200c00f96264097fe8031a2d340c) Importer(2089858483,b0f066a214c2f5e87bad3c948f4d605d)
Start importing Assets/LoafbrrAssets/Interiors_A/texture/Door/Door_Diffuse_1K_C.png using Guid(baa1200c00f96264097fe8031a2d340c) Importer(2089858483,b0f066a214c2f5e87bad3c948f4d605d) (ScriptedImporter) -> (Import Result ID: '6f0322830628a99e42aef989ceea522c') in 0.0074353 seconds [static and dynamic dependencies]. Details - ImportResultOutputID=64c8050fce66ca79f678af8ca97b6098 DependenciesID=7a2d812e24d53f8cf9622cc94f3c7d75 StaticDependenciesID=82a8557880f859da0abea8cca9bca72d 
Number of updated asset objects reloaded before import = 0Number of asset objects unloaded after import = 1

========================================================================
Received Import Request.
  Time since last request: 0.000022 seconds.
  path: Assets/Enviroment/enviroment/Office building/meshes/Pen holder.fbx
  importAddress: Guid(52f28fbce6428464fb78e1624f9426be) Importer(2089858483,b0f066a214c2f5e87bad3c948f4d605d)
Start importing Assets/Enviroment/enviroment/Office building/meshes/Pen holder.fbx using Guid(52f28fbce6428464fb78e1624f9426be) Importer(2089858483,b0f066a214c2f5e87bad3c948f4d605d) (ScriptedImporter) -> (Import Result ID: '38010e97ff1e43710798fdf48c2bde85') in 0.0313754 seconds [static and dynamic dependencies]. Details - ImportResultOutputID=c8c3a3cb7cdad5a41c9119d13ee27933 DependenciesID=e7b561bcb941d57a66bab738ce2f8982 StaticDependenciesID=3986fefe00a0cbcd172e806cb3282c8b 
Number of updated asset objects reloaded before import = 0Number of asset objects unloaded after import = 9

========================================================================
Received Import Request.
  Time since last request: 0.000015 seconds.
  path: Assets/LoafbrrAssets/Interiors_A/prefabs/StairParts/Stair_Rail_C_flipped.prefab
  importAddress: Guid(ca050499242f70647b455aebef1d6432) Importer(2089858483,b0f066a214c2f5e87bad3c948f4d605d)
Start importing Assets/LoafbrrAssets/Interiors_A/prefabs/StairParts/Stair_Rail_C_flipped.prefab using Guid(ca050499242f70647b455aebef1d6432) Importer(2089858483,b0f066a214c2f5e87bad3c948f4d605d) (ScriptedImporter) -> (Import Result ID: '2cc82bbdc6b737b4e1b1f9c595fef9a0') in 0.0097415 seconds [static and dynamic dependencies]. Details - ImportResultOutputID=c0eb152db909befed9036241cb8d9622 DependenciesID=20a46271c435b7e4b0621d7798e62cd7 StaticDependenciesID=1c1a9583918ac8212c3f469a6059a93a 
Number of updated asset objects reloaded before import = 0Number of asset objects unloaded after import = 10

========================================================================
Received Import Request.
  Time since last request: 0.000023 seconds.
  path: Assets/Enviroment/enviroment/Office building/Prefabs/Little cactus 2 Prefab.prefab
  importAddress: Guid(f05a2931e2234bf479d07b46f2cc0284) Importer(2089858483,b0f066a214c2f5e87bad3c948f4d605d)
Start importing Assets/Enviroment/enviroment/Office building/Prefabs/Little cactus 2 Prefab.prefab using Guid(f05a2931e2234bf479d07b46f2cc0284) Importer(2089858483,b0f066a214c2f5e87bad3c948f4d605d) (ScriptedImporter) -> (Import Result ID: 'c83ee4d3f4e855195acf3060e48a82a5') in 0.0049641 seconds [static and dynamic dependencies]. Details - ImportResultOutputID=b00f3d00e5805200343cdf9cc8d01967 DependenciesID=104f9d4f8b58a8a728e0aebff6dece5c StaticDependenciesID=643ccc2ec7c5f28210dacb7d1ca83f91 
Number of updated asset objects reloaded before import = 0Number of asset objects unloaded after import = 10

========================================================================
Received Import Request.
  Time since last request: 0.000020 seconds.
  path: Assets/LoafbrrAssets/Interiors_A/prefabs/Decal/Decal_Tape_Danger_1m.prefab
  importAddress: Guid(d2bdb0eec751abb4f813eb2273a27e19) Importer(2089858483,b0f066a214c2f5e87bad3c948f4d605d)
Start importing Assets/LoafbrrAssets/Interiors_A/prefabs/Decal/Decal_Tape_Danger_1m.prefab using Guid(d2bdb0eec751abb4f813eb2273a27e19) Importer(2089858483,b0f066a214c2f5e87bad3c948f4d605d) (ScriptedImporter) -> (Import Result ID: '60fbcaeff9ee4161a1d2d3ca9459fa71') in 0.0077268 seconds [static and dynamic dependencies]. Details - ImportResultOutputID=851c0cc5bfdbebf8a7cb6ae572a65a88 DependenciesID=a8cd1668ab554dd05580f4e13001d83f StaticDependenciesID=fa89b406d71a49dd9397ad9656d3395b 
Number of updated asset objects reloaded before import = 0Number of asset objects unloaded after import = 9

========================================================================
Received Import Request.
  Time since last request: 0.000018 seconds.
  path: Assets/Enviroment/enviroment/Office building/Material lamps evelator/Lamp B.mat
  importAddress: Guid(30d6b547b23512c4cba425e1f1215169) Importer(2089858483,b0f066a214c2f5e87bad3c948f4d605d)
Start importing Assets/Enviroment/enviroment/Office building/Material lamps evelator/Lamp B.mat using Guid(30d6b547b23512c4cba425e1f1215169) Importer(2089858483,b0f066a214c2f5e87bad3c948f4d605d) (ScriptedImporter) -> (Import Result ID: '52e8c8e040d44b0710204b95bd324774') in 0.0052721 seconds [static and dynamic dependencies]. Details - ImportResultOutputID=57edb363014d619923b4948e5663eb6a DependenciesID=18349d4395be6d99e95924eac5c0ac51 StaticDependenciesID=99c44c30c71c69910358c270e56741ae 
Number of updated asset objects reloaded before import = 0Number of asset objects unloaded after import = 3

========================================================================
Received Import Request.
  Time since last request: 0.000028 seconds.
  path: Assets/LoafbrrAssets/Interiors_A/prefabs/StairParts/Wall_Stair_1m_Edge_A.prefab
  importAddress: Guid(4dd1a94946ac5ec429b25a1786548d24) Importer(2089858483,b0f066a214c2f5e87bad3c948f4d605d)
Start importing Assets/LoafbrrAssets/Interiors_A/prefabs/StairParts/Wall_Stair_1m_Edge_A.prefab using Guid(4dd1a94946ac5ec429b25a1786548d24) Importer(2089858483,b0f066a214c2f5e87bad3c948f4d605d) (ScriptedImporter) -> (Import Result ID: '31c1531575a938c5b4144d2f24579e74') in 0.011106 seconds [static and dynamic dependencies]. Details - ImportResultOutputID=84de7a12c5e0960a0737bfc77c76be30 DependenciesID=5e8a60ebaafc0b164cf9a595ec6023cd StaticDependenciesID=f9bb866de553d1b6c0a585b6b06075f3 
Number of updated asset objects reloaded before import = 0Number of asset objects unloaded after import = 10

========================================================================
Received Import Request.
  Time since last request: 0.000062 seconds.
  path: Assets/Enviroment/enviroment/Office building/material props/Office chair.001.mat
  importAddress: Guid(792fde28397347942a558b6b4b42f569) Importer(2089858483,b0f066a214c2f5e87bad3c948f4d605d)
Start importing Assets/Enviroment/enviroment/Office building/material props/Office chair.001.mat using Guid(792fde28397347942a558b6b4b42f569) Importer(2089858483,b0f066a214c2f5e87bad3c948f4d605d) (ScriptedImporter) -> (Import Result ID: 'f0b26c74cf37d88b0355a5f8d12b9b6a') in 0.0293373 seconds [static and dynamic dependencies]. Details - ImportResultOutputID=e7b77ed10ba9906b01e1f387472a8347 DependenciesID=b8192976cb4d5ac261cf1230f5e3d8f4 StaticDependenciesID=2760cc12e1d19ea73d6d1cfb437b1392 
Number of updated asset objects reloaded before import = 0Number of asset objects unloaded after import = 2

========================================================================
Received Import Request.
  Time since last request: 0.000049 seconds.
  path: Assets/Enviroment/enviroment/Office building/material props/Printer A.mat
  importAddress: Guid(91f2ad38c84590b40a3769f96cfb55af) Importer(2089858483,b0f066a214c2f5e87bad3c948f4d605d)
Start importing Assets/Enviroment/enviroment/Office building/material props/Printer A.mat using Guid(91f2ad38c84590b40a3769f96cfb55af) Importer(2089858483,b0f066a214c2f5e87bad3c948f4d605d) (ScriptedImporter) -> (Import Result ID: 'fdde56baef869a414fc83242da7de1ac') in 0.0048707 seconds [static and dynamic dependencies]. Details - ImportResultOutputID=d31b7b31f8ed2c20ea3d193c12d8f496 DependenciesID=16f3b254424cca31a6c5d50582c39b98 StaticDependenciesID=166246d18f76bd31ee96f7edbbe77288 
Number of updated asset objects reloaded before import = 0Number of asset objects unloaded after import = 2

========================================================================
Received Import Request.
  Time since last request: 0.000016 seconds.
  path: Assets/LoafbrrAssets/Interiors_A/materials/sky 1.mat
  importAddress: Guid(32116b665c6ae8e47a3f6cc70258cc52) Importer(2089858483,b0f066a214c2f5e87bad3c948f4d605d)
Start importing Assets/LoafbrrAssets/Interiors_A/materials/sky 1.mat using Guid(32116b665c6ae8e47a3f6cc70258cc52) Importer(2089858483,b0f066a214c2f5e87bad3c948f4d605d) (ScriptedImporter) -> (Import Result ID: '79529af9cab9e971c2e323c9cc29b166') in 0.005869 seconds [static and dynamic dependencies]. Details - ImportResultOutputID=dbe70467c6889c7d057b4afcc230e77d DependenciesID=fbc36f0453248a7c4d9c47dfce4000c1 StaticDependenciesID=f8098c304187423c4641fdf2313169ea 
Number of updated asset objects reloaded before import = 0Number of asset objects unloaded after import = 1

========================================================================
Received Import Request.
  Time since last request: 0.000016 seconds.
  path: Assets/LoafbrrAssets/Interiors_A/prefabs/wall/Wall_1m.prefab
  importAddress: Guid(6f973ac26bb93944ca3a96f36d2f0c70) Importer(2089858483,b0f066a214c2f5e87bad3c948f4d605d)
Start importing Assets/LoafbrrAssets/Interiors_A/prefabs/wall/Wall_1m.prefab using Guid(6f973ac26bb93944ca3a96f36d2f0c70) Importer(2089858483,b0f066a214c2f5e87bad3c948f4d605d) (ScriptedImporter) -> (Import Result ID: 'ecf7b1254ebd409360509d0565135d7e') in 0.0078201 seconds [static and dynamic dependencies]. Details - ImportResultOutputID=102a0085ce7d14994218ff0a1e4c9e29 DependenciesID=c238d93a6877d32505744b9227f37a87 StaticDependenciesID=8cd821046092b72557e40c668da47d80 
Number of updated asset objects reloaded before import = 0Number of asset objects unloaded after import = 10

========================================================================
Received Import Request.
  Time since last request: 0.000020 seconds.
  path: Assets/Enviroment/enviroment/Office building/material props/couch office.mat
  importAddress: Guid(a69bf74af938f7f498ba4ea734781397) Importer(2089858483,b0f066a214c2f5e87bad3c948f4d605d)
Start importing Assets/Enviroment/enviroment/Office building/material props/couch office.mat using Guid(a69bf74af938f7f498ba4ea734781397) Importer(2089858483,b0f066a214c2f5e87bad3c948f4d605d) (ScriptedImporter) -> (Import Result ID: '31133ab0c57a43fc5a105547da49270b') in 0.0045811 seconds [static and dynamic dependencies]. Details - ImportResultOutputID=506a91d69551757fa1f68d5b52ab3994 DependenciesID=b0b28a8acbb5da5e0dd07c41f4a0de80 StaticDependenciesID=887b5f973881df00743381dcf20f491f 
Number of updated asset objects reloaded before import = 0Number of asset objects unloaded after import = 2

========================================================================
Received Import Request.
  Time since last request: 0.000046 seconds.
  path: Assets/Enviroment/enviroment/Office building/material props/partition wall.mat
  importAddress: Guid(8b89b047b712af04f924871d34fd332a) Importer(2089858483,b0f066a214c2f5e87bad3c948f4d605d)
Start importing Assets/Enviroment/enviroment/Office building/material props/partition wall.mat using Guid(8b89b047b712af04f924871d34fd332a) Importer(2089858483,b0f066a214c2f5e87bad3c948f4d605d) (ScriptedImporter) -> (Import Result ID: 'c55925ba756ecd8272825cd4ecc8a5ad') in 0.0042551 seconds [static and dynamic dependencies]. Details - ImportResultOutputID=46667afe7fab31e84b6769de8262efc8 DependenciesID=d8bdcfe278dbbab135478ff8a3e01ae1 StaticDependenciesID=94d77df25da35d30aad8cec0054673ea 
Number of updated asset objects reloaded before import = 0Number of asset objects unloaded after import = 2

========================================================================
Received Import Request.
  Time since last request: 0.000035 seconds.
  path: Assets/LoafbrrAssets/Interiors_A/texture/Surface_Floor_A/Surface_Floor_A_ORM_1K.png
  importAddress: Guid(32b2ca8cb6aeeeb43ae3d19b886e646e) Importer(2089858483,b0f066a214c2f5e87bad3c948f4d605d)
Start importing Assets/LoafbrrAssets/Interiors_A/texture/Surface_Floor_A/Surface_Floor_A_ORM_1K.png using Guid(32b2ca8cb6aeeeb43ae3d19b886e646e) Importer(2089858483,b0f066a214c2f5e87bad3c948f4d605d) (ScriptedImporter) -> (Import Result ID: '7a9e23f204b4b5559529e919e5fe2c8c') in 0.008665 seconds [static and dynamic dependencies]. Details - ImportResultOutputID=6bc61e2c6e866debceb47b2a828a2181 DependenciesID=95cc98fde3a2e40ddd10792851210748 StaticDependenciesID=2545036ac68d985b8007b03e47b3d1aa 
Number of updated asset objects reloaded before import = 0Number of asset objects unloaded after import = 1

========================================================================
Received Import Request.
  Time since last request: 0.000019 seconds.
  path: Assets/Enviroment/enviroment/Office building/Prefabs/Folder black prefab.prefab
  importAddress: Guid(0d02ca7916ae6944a8fd275d889a8ee7) Importer(2089858483,b0f066a214c2f5e87bad3c948f4d605d)
Start importing Assets/Enviroment/enviroment/Office building/Prefabs/Folder black prefab.prefab using Guid(0d02ca7916ae6944a8fd275d889a8ee7) Importer(2089858483,b0f066a214c2f5e87bad3c948f4d605d) (ScriptedImporter) -> (Import Result ID: '1541aa0c4023dd58686c8676dbd0cf2c') in 0.0073271 seconds [static and dynamic dependencies]. Details - ImportResultOutputID=0f8f965d996131c39c7f4a4937aa834d DependenciesID=a161637d99b351cdd866efb558e0e879 StaticDependenciesID=f3bad224849ee0a38357d67b7ca19259 
Number of updated asset objects reloaded before import = 0Number of asset objects unloaded after import = 10

========================================================================
Received Import Request.
  Time since last request: 0.000025 seconds.
  path: Assets/LoafbrrAssets/Interiors_A/texture/Surface_Wall_A/Surface_Wall_A_Diffuse_1K_A.png
  importAddress: Guid(66ed19b8f41a74d4e88c181f21d418a2) Importer(2089858483,b0f066a214c2f5e87bad3c948f4d605d)
Start importing Assets/LoafbrrAssets/Interiors_A/texture/Surface_Wall_A/Surface_Wall_A_Diffuse_1K_A.png using Guid(66ed19b8f41a74d4e88c181f21d418a2) Importer(2089858483,b0f066a214c2f5e87bad3c948f4d605d) (ScriptedImporter) -> (Import Result ID: '9f841132a8a704e8f648f3db3eeaffe3') in 0.0066013 seconds [static and dynamic dependencies]. Details - ImportResultOutputID=ae41e0e271242f3f5d0e42cb0aa21784 DependenciesID=e4f216f60a32a5c0d9ccbaf4d5646301 StaticDependenciesID=714616e71fa3c72a2cd22e4cbd82b801 
Number of updated asset objects reloaded before import = 0Number of asset objects unloaded after import = 1

========================================================================
Received Import Request.
  Time since last request: 0.000021 seconds.
  path: Assets/Enviroment/enviroment/Office building/material props/folder black.mat
  importAddress: Guid(cd21798de7c579b449af01b12ff70737) Importer(2089858483,b0f066a214c2f5e87bad3c948f4d605d)
Start importing Assets/Enviroment/enviroment/Office building/material props/folder black.mat using Guid(cd21798de7c579b449af01b12ff70737) Importer(2089858483,b0f066a214c2f5e87bad3c948f4d605d) (ScriptedImporter) -> (Import Result ID: '1f1807f82991b649096b37fbf01b29cd') in 0.0060907 seconds [static and dynamic dependencies]. Details - ImportResultOutputID=6fb6426fa5215ba50a8cf54aeeaf15b6 DependenciesID=9eea207dde8ab26ced88a8711c77a325 StaticDependenciesID=bc0e1f119d4a69b8073ac405fa3a966a 
Number of updated asset objects reloaded before import = 0Number of asset objects unloaded after import = 2

========================================================================
Received Import Request.
  Time since last request: 0.000019 seconds.
  path: Assets/Enviroment/enviroment/Office building/textures/Props/used/folder black.png
  importAddress: Guid(5820cbe777b8531488d17c0a68fdadc2) Importer(2089858483,b0f066a214c2f5e87bad3c948f4d605d)
Start importing Assets/Enviroment/enviroment/Office building/textures/Props/used/folder black.png using Guid(5820cbe777b8531488d17c0a68fdadc2) Importer(2089858483,b0f066a214c2f5e87bad3c948f4d605d) (ScriptedImporter) -> (Import Result ID: 'b2a72ff4be35ec7382244fe1ded5ccd9') in 0.0051057 seconds [static and dynamic dependencies]. Details - ImportResultOutputID=de6bf3d8c2855c184e9c78cd925d33ac DependenciesID=73b78a417852a93953569bf67318f496 StaticDependenciesID=643089a4fb69ea8fdd14fd538d2e184a 
Number of updated asset objects reloaded before import = 0Number of asset objects unloaded after import = 1

========================================================================
Received Import Request.
  Time since last request: 0.000018 seconds.
  path: Assets/Enviroment/enviroment/Office building/textures/Props/used/plant 1.png
  importAddress: Guid(73d53734ef7a0da4c8ae4f84e8ece539) Importer(2089858483,b0f066a214c2f5e87bad3c948f4d605d)
Start importing Assets/Enviroment/enviroment/Office building/textures/Props/used/plant 1.png using Guid(73d53734ef7a0da4c8ae4f84e8ece539) Importer(2089858483,b0f066a214c2f5e87bad3c948f4d605d) (ScriptedImporter) -> (Import Result ID: 'a3b56d151efbcc2ddfe85e54db4e3678') in 0.0064282 seconds [static and dynamic dependencies]. Details - ImportResultOutputID=6b7e6bf8cd3a518a5d39374b83039d1f DependenciesID=169cc970e8e71883b8d43c52cc89cdf9 StaticDependenciesID=851bb3ec32cbcbce971375d89db827c1 
Number of updated asset objects reloaded before import = 0Number of asset objects unloaded after import = 1

========================================================================
Received Import Request.
  Time since last request: 0.000031 seconds.
  path: Assets/Enviroment/enviroment/Office building/material props/Kitchen oven.mat
  importAddress: Guid(0ab515972aefe8149a85f91033c1f012) Importer(2089858483,b0f066a214c2f5e87bad3c948f4d605d)
Start importing Assets/Enviroment/enviroment/Office building/material props/Kitchen oven.mat using Guid(0ab515972aefe8149a85f91033c1f012) Importer(2089858483,b0f066a214c2f5e87bad3c948f4d605d) (ScriptedImporter) -> (Import Result ID: 'b3d858bf9d6671dcc1c88d7df8d3ecf2') in 0.0050061 seconds [static and dynamic dependencies]. Details - ImportResultOutputID=b4d96eba4f4c3fcd218fddf8323e4a7c DependenciesID=57aada5ec9c120860e88581ee3d5f7b9 StaticDependenciesID=d449ec557f21574339b69937dee38981 
Number of updated asset objects reloaded before import = 0Number of asset objects unloaded after import = 2

========================================================================
Received Import Request.
  Time since last request: 0.000031 seconds.
  path: Assets/LoafbrrAssets/Interiors_A/prefabs/Floor/Floor_2x2_1Side.prefab
  importAddress: Guid(d3a940abbc9b335459d82257dd56fe21) Importer(2089858483,b0f066a214c2f5e87bad3c948f4d605d)
Start importing Assets/LoafbrrAssets/Interiors_A/prefabs/Floor/Floor_2x2_1Side.prefab using Guid(d3a940abbc9b335459d82257dd56fe21) Importer(2089858483,b0f066a214c2f5e87bad3c948f4d605d) (ScriptedImporter) -> (Import Result ID: 'c0351e33ce4b842149eedd83f14cc297') in 0.0084575 seconds [static and dynamic dependencies]. Details - ImportResultOutputID=115eab18e134b2108695b659639b43a8 DependenciesID=39845db00fb0595043a51afd5dd1e72f StaticDependenciesID=e7e5fd4effacc003c59ab8b8258b6c70 
Number of updated asset objects reloaded before import = 0Number of asset objects unloaded after import = 10

========================================================================
Received Import Request.
  Time since last request: 0.000018 seconds.
  path: Assets/Enviroment/enviroment/Office building/textures/lamps/emission/Lamp C OFF emission.png
  importAddress: Guid(af107911f83bc384a8320afa523ac0a6) Importer(2089858483,b0f066a214c2f5e87bad3c948f4d605d)
Start importing Assets/Enviroment/enviroment/Office building/textures/lamps/emission/Lamp C OFF emission.png using Guid(af107911f83bc384a8320afa523ac0a6) Importer(2089858483,b0f066a214c2f5e87bad3c948f4d605d) (ScriptedImporter) -> (Import Result ID: '4abdaa3bee0779948e0c857dfc07a7fe') in 0.0061208 seconds [static and dynamic dependencies]. Details - ImportResultOutputID=2e4be6023385e3175e8b2cd9d3f8a15d DependenciesID=573e061e677200b1097173a054a28ce6 StaticDependenciesID=efb88078da040bb8f488c38e17d35907 
Number of updated asset objects reloaded before import = 0Number of asset objects unloaded after import = 1

========================================================================
Received Import Request.
  Time since last request: 0.000021 seconds.
  path: Assets/LoafbrrAssets/Interiors_A/prefabs/Floor/Floor_1x2_1Side.prefab
  importAddress: Guid(8a2a81ac0c8694449963abc3dcd32143) Importer(2089858483,b0f066a214c2f5e87bad3c948f4d605d)
Start importing Assets/LoafbrrAssets/Interiors_A/prefabs/Floor/Floor_1x2_1Side.prefab using Guid(8a2a81ac0c8694449963abc3dcd32143) Importer(2089858483,b0f066a214c2f5e87bad3c948f4d605d) (ScriptedImporter) -> (Import Result ID: 'd512277b64365ab642de3042374eddde') in 0.0100088 seconds [static and dynamic dependencies]. Details - ImportResultOutputID=5234fafa36a45e06cc93856e52c8089b DependenciesID=93db601947e882a22988158df73441bb StaticDependenciesID=cc529cb76cc56f6347fa84300ba36189 
Number of updated asset objects reloaded before import = 0Number of asset objects unloaded after import = 10

========================================================================
Received Import Request.
  Time since last request: 0.000016 seconds.
  path: Assets/Enviroment/enviroment/Office building/material props/clock.mat
  importAddress: Guid(068229a989f1a9f439f07c2fdb3e796f) Importer(2089858483,b0f066a214c2f5e87bad3c948f4d605d)
Start importing Assets/Enviroment/enviroment/Office building/material props/clock.mat using Guid(068229a989f1a9f439f07c2fdb3e796f) Importer(2089858483,b0f066a214c2f5e87bad3c948f4d605d) (ScriptedImporter) -> (Import Result ID: '8b4fe7377d5e247de64aade95055d870') in 0.0043714 seconds [static and dynamic dependencies]. Details - ImportResultOutputID=b25817d3cc463583c26f648232aa82fc DependenciesID=392860d5cdd589c6ce45e4b231316c0f StaticDependenciesID=ae37cafdad3f04aecab48f8cb636ea20 
Number of updated asset objects reloaded before import = 0Number of asset objects unloaded after import = 2

========================================================================
Received Import Request.
  Time since last request: 0.000018 seconds.
  path: Assets/LoafbrrAssets/Interiors_A/prefabs/Decal/Floor_Separator_corner.prefab
  importAddress: Guid(2ded704cc54f12341a0ed7c1e3f26b6e) Importer(2089858483,b0f066a214c2f5e87bad3c948f4d605d)
Start importing Assets/LoafbrrAssets/Interiors_A/prefabs/Decal/Floor_Separator_corner.prefab using Guid(2ded704cc54f12341a0ed7c1e3f26b6e) Importer(2089858483,b0f066a214c2f5e87bad3c948f4d605d) (ScriptedImporter) -> (Import Result ID: 'da97c2e38de5cc1a0b0b6701c30c6c15') in 0.0086386 seconds [static and dynamic dependencies]. Details - ImportResultOutputID=4cbbc1588fd5160f1dff819eeaba3d31 DependenciesID=51b83db19a4ff8e115ec7f029a9ed67e StaticDependenciesID=386caa39182bdc947b434107281994e2 
Number of updated asset objects reloaded before import = 0Number of asset objects unloaded after import = 9

========================================================================
Received Import Request.
  Time since last request: 0.000021 seconds.
  path: Assets/Enviroment/enviroment/Office building/Prefabs/partition wall Prefab.prefab
  importAddress: Guid(5df6ef8249eb44e43a04db3cf2824564) Importer(2089858483,b0f066a214c2f5e87bad3c948f4d605d)
Start importing Assets/Enviroment/enviroment/Office building/Prefabs/partition wall Prefab.prefab using Guid(5df6ef8249eb44e43a04db3cf2824564) Importer(2089858483,b0f066a214c2f5e87bad3c948f4d605d) (ScriptedImporter) -> (Import Result ID: 'd6af2552cf5d2b640d66d77d6e48a563') in 0.0066165 seconds [static and dynamic dependencies]. Details - ImportResultOutputID=739d19787b33bc5ad170f56dc07c4578 DependenciesID=f582bcb752ef180363dd578df114d6c7 StaticDependenciesID=fe831fae701a2414b8edd3bcda16528e 
Number of updated asset objects reloaded before import = 0Number of asset objects unloaded after import = 10

========================================================================
Received Import Request.
  Time since last request: 0.000020 seconds.
  path: Assets/Enviroment/enviroment/Office building/material props/Locker.mat
  importAddress: Guid(9e40358b866d4b04f83a8b57068cea65) Importer(2089858483,b0f066a214c2f5e87bad3c948f4d605d)
Start importing Assets/Enviroment/enviroment/Office building/material props/Locker.mat using Guid(9e40358b866d4b04f83a8b57068cea65) Importer(2089858483,b0f066a214c2f5e87bad3c948f4d605d) (ScriptedImporter) -> (Import Result ID: '5850f143b4da5638b31ee401a0970e6c') in 0.0060277 seconds [static and dynamic dependencies]. Details - ImportResultOutputID=bf7f6655d20470e651c34ca430afe7b9 DependenciesID=ec387a02580da17fc98a2f299af286ed StaticDependenciesID=d9092f9b495a30726158297e5afeb9f7 
Number of updated asset objects reloaded before import = 0Number of asset objects unloaded after import = 2

========================================================================
Received Import Request.
  Time since last request: 0.000027 seconds.
  path: Assets/LoafbrrAssets/Interiors_A/prefabs/Door/Door_C_Grp.prefab
  importAddress: Guid(1ecfa5b59bdafff4996e414b78722f28) Importer(2089858483,b0f066a214c2f5e87bad3c948f4d605d)
Start importing Assets/LoafbrrAssets/Interiors_A/prefabs/Door/Door_C_Grp.prefab using Guid(1ecfa5b59bdafff4996e414b78722f28) Importer(2089858483,b0f066a214c2f5e87bad3c948f4d605d) (ScriptedImporter) -> (Import Result ID: '660944cb2e1228b3a47e44fa1779155d') in 0.004644 seconds [static and dynamic dependencies]. Details - ImportResultOutputID=a3b0b35995f17e4b02e008421ac0898a DependenciesID=fae3d1b0c80ffdb8b15849296d1a4f4f StaticDependenciesID=e1dc4582fcaff7f93c0d9aa5e36da07c 
Number of updated asset objects reloaded before import = 0Number of asset objects unloaded after import = 21

========================================================================
Received Import Request.
  Time since last request: 0.000023 seconds.
  path: Assets/Enviroment/enviroment/Office building/textures/Props/used/Securety desk.png
  importAddress: Guid(6e2f1ea4458451e44adf75f508f5299f) Importer(2089858483,b0f066a214c2f5e87bad3c948f4d605d)
Start importing Assets/Enviroment/enviroment/Office building/textures/Props/used/Securety desk.png using Guid(6e2f1ea4458451e44adf75f508f5299f) Importer(2089858483,b0f066a214c2f5e87bad3c948f4d605d) (ScriptedImporter) -> (Import Result ID: '35dbe044ff7877978979b1e6b9735f7f') in 0.0070818 seconds [static and dynamic dependencies]. Details - ImportResultOutputID=445e849754c2352c0564fef0fff1daa3 DependenciesID=17f8fd4f5122d4647675a9ef799a997f StaticDependenciesID=60066b288167080474012fff1dc1bbd8 
Number of updated asset objects reloaded before import = 0Number of asset objects unloaded after import = 1

========================================================================
Received Import Request.
  Time since last request: 0.000019 seconds.
  path: Assets/Enviroment/enviroment/Office building/textures/Facade 2.png
  importAddress: Guid(341d029ae07c28c418b373921828562f) Importer(2089858483,b0f066a214c2f5e87bad3c948f4d605d)
Start importing Assets/Enviroment/enviroment/Office building/textures/Facade 2.png using Guid(341d029ae07c28c418b373921828562f) Importer(2089858483,b0f066a214c2f5e87bad3c948f4d605d) (ScriptedImporter) -> (Import Result ID: '96fb436e9c6fcb52aaf07a242210692f') in 0.0072924 seconds [static and dynamic dependencies]. Details - ImportResultOutputID=c5167b18a4c3cc18c334055bd0c16165 DependenciesID=5a86791fbe9bc8e8d2b2480471d9c66e StaticDependenciesID=15c3f9668944392d9be182c182d22d7d 
Number of updated asset objects reloaded before import = 0Number of asset objects unloaded after import = 1

========================================================================
Received Import Request.
  Time since last request: 0.000016 seconds.
  path: Assets/Enviroment/enviroment/Office building/meshes/Noteblock.fbx
  importAddress: Guid(2ca852ab7cfc026498325cc246a83f56) Importer(2089858483,b0f066a214c2f5e87bad3c948f4d605d)
Start importing Assets/Enviroment/enviroment/Office building/meshes/Noteblock.fbx using Guid(2ca852ab7cfc026498325cc246a83f56) Importer(2089858483,b0f066a214c2f5e87bad3c948f4d605d) (ScriptedImporter) -> (Import Result ID: '94018dc4ffaec96f631fed1e6c70a674') in 0.0107659 seconds [static and dynamic dependencies]. Details - ImportResultOutputID=307b46edda6df2d01bb2d6a3d49a4854 DependenciesID=55f65b1f91358174cbbbfce5c0e3e873 StaticDependenciesID=3b588f38e2e71e482af12011117afd6d 
Number of updated asset objects reloaded before import = 0Number of asset objects unloaded after import = 9

========================================================================
Received Import Request.
  Time since last request: 0.000016 seconds.
  path: Assets/LoafbrrAssets/Interiors_A/prefabs/Door/Door_A_Grp.prefab
  importAddress: Guid(d8c6b00116c384c49a5c0b250df7b89e) Importer(2089858483,b0f066a214c2f5e87bad3c948f4d605d)
Start importing Assets/LoafbrrAssets/Interiors_A/prefabs/Door/Door_A_Grp.prefab using Guid(d8c6b00116c384c49a5c0b250df7b89e) Importer(2089858483,b0f066a214c2f5e87bad3c948f4d605d) (ScriptedImporter) -> (Import Result ID: 'b4870492ab898cd067c72c28bbb9ee0a') in 0.0063997 seconds [static and dynamic dependencies]. Details - ImportResultOutputID=183f80c30ac350fca092159f0e07869d DependenciesID=67cead9e1ac31308b9c491df28ad35b3 StaticDependenciesID=932555824c20be665a4ecf229ced3335 
Number of updated asset objects reloaded before import = 0Number of asset objects unloaded after import = 21

========================================================================
Received Import Request.
  Time since last request: 0.000018 seconds.
  path: Assets/Enviroment/enviroment/Office building/materials Building/Door.mat
  importAddress: Guid(207f6c91796ef9e40be137c1e784328f) Importer(2089858483,b0f066a214c2f5e87bad3c948f4d605d)
Start importing Assets/Enviroment/enviroment/Office building/materials Building/Door.mat using Guid(207f6c91796ef9e40be137c1e784328f) Importer(2089858483,b0f066a214c2f5e87bad3c948f4d605d) (ScriptedImporter) -> (Import Result ID: 'a6de54e43e2bf69edfe87e224e1b9adf') in 0.0051829 seconds [static and dynamic dependencies]. Details - ImportResultOutputID=20198a31dfe74c15eb0bf3c76dc62fd5 DependenciesID=7e02d39c1d6464bc07abba3d8a37e8d1 StaticDependenciesID=9675761f412821b6e742306a2f231416 
Number of updated asset objects reloaded before import = 0Number of asset objects unloaded after import = 2

========================================================================
Received Import Request.
  Time since last request: 0.000021 seconds.
  path: Assets/LoafbrrAssets/Interiors_A/prefabs/StairParts/Wall_Stair_3m_Edge_C_Flipped.prefab
  importAddress: Guid(6c3792ae36106844dae92d35f1678b27) Importer(2089858483,b0f066a214c2f5e87bad3c948f4d605d)
Start importing Assets/LoafbrrAssets/Interiors_A/prefabs/StairParts/Wall_Stair_3m_Edge_C_Flipped.prefab using Guid(6c3792ae36106844dae92d35f1678b27) Importer(2089858483,b0f066a214c2f5e87bad3c948f4d605d) (ScriptedImporter) -> (Import Result ID: 'cca1cbddaec69f87c46bd1f984307e34') in 0.0086878 seconds [static and dynamic dependencies]. Details - ImportResultOutputID=776a459dcc2555e9a70d7740f3054bbe DependenciesID=c4b8009f84822ca86b71f8228d1d2e8d StaticDependenciesID=221d70aca7b2aaede254aa7ceee4e530 
Number of updated asset objects reloaded before import = 0Number of asset objects unloaded after import = 10

========================================================================
Received Import Request.
  Time since last request: 0.000034 seconds.
  path: Assets/LoafbrrAssets/Interiors_A/prefabs/wall/Wall_3m_Window_C.prefab
  importAddress: Guid(5d27043b871e0054f9b5ed48e5643c7f) Importer(2089858483,b0f066a214c2f5e87bad3c948f4d605d)
Start importing Assets/LoafbrrAssets/Interiors_A/prefabs/wall/Wall_3m_Window_C.prefab using Guid(5d27043b871e0054f9b5ed48e5643c7f) Importer(2089858483,b0f066a214c2f5e87bad3c948f4d605d) (ScriptedImporter) -> (Import Result ID: '1cbd2e88dd359dd6a91bf1f05bd8f011') in 0.0083707 seconds [static and dynamic dependencies]. Details - ImportResultOutputID=afaf2d53c664a927f790718a4772c0bb DependenciesID=f13e225395ff0cb6c12ec6c1505529fc StaticDependenciesID=0a6d5f166c39f61ea704b55a7f9b7f6d 
Number of updated asset objects reloaded before import = 0Number of asset objects unloaded after import = 12

========================================================================
Received Import Request.
  Time since last request: 0.000017 seconds.
  path: Assets/LoafbrrAssets/Interiors_A/prefabs/wall/Wall_3m_Door_C.prefab
  importAddress: Guid(97e7548640554344ca2423911cf9d2e8) Importer(2089858483,b0f066a214c2f5e87bad3c948f4d605d)
Start importing Assets/LoafbrrAssets/Interiors_A/prefabs/wall/Wall_3m_Door_C.prefab using Guid(97e7548640554344ca2423911cf9d2e8) Importer(2089858483,b0f066a214c2f5e87bad3c948f4d605d) (ScriptedImporter) -> (Import Result ID: '85a8e97c9e578aac563e2625aff75213') in 0.0087703 seconds [static and dynamic dependencies]. Details - ImportResultOutputID=72ad0ef1d6b2076817d732fb891f0334 DependenciesID=b1747f8e4bd0a34487fb8b2f74ed1718 StaticDependenciesID=647d5e0b6afec8519b869d95b5ff4b40 
Number of updated asset objects reloaded before import = 0Number of asset objects unloaded after import = 10

========================================================================
Received Import Request.
  Time since last request: 0.000019 seconds.
  path: Assets/Enviroment/enviroment/Office building/textures/Props/used/filing B.png
  importAddress: Guid(2e35c234e8590204abc0d325c27c4fca) Importer(2089858483,b0f066a214c2f5e87bad3c948f4d605d)
Start importing Assets/Enviroment/enviroment/Office building/textures/Props/used/filing B.png using Guid(2e35c234e8590204abc0d325c27c4fca) Importer(2089858483,b0f066a214c2f5e87bad3c948f4d605d) (ScriptedImporter) -> (Import Result ID: '200f3be5f4c6e26b33667ff7ab872670') in 0.0063406 seconds [static and dynamic dependencies]. Details - ImportResultOutputID=9b665d5efb2b88b562420e23fbc258f2 DependenciesID=c12bb0cc15b092d01b4ca75dce0ad430 StaticDependenciesID=53b43a275ddcc43e960108918bafe47d 
Number of updated asset objects reloaded before import = 0Number of asset objects unloaded after import = 1

========================================================================
Received Import Request.
  Time since last request: 0.000013 seconds.
  path: Assets/LoafbrrAssets/Interiors_A/texture/MiscTrim/MiscTrim_Diffuse_1K.png
  importAddress: Guid(d0fffed8960cd9e418366599238fe859) Importer(2089858483,b0f066a214c2f5e87bad3c948f4d605d)
Start importing Assets/LoafbrrAssets/Interiors_A/texture/MiscTrim/MiscTrim_Diffuse_1K.png using Guid(d0fffed8960cd9e418366599238fe859) Importer(2089858483,b0f066a214c2f5e87bad3c948f4d605d) (ScriptedImporter) -> (Import Result ID: '9fb1212b96705059f0bd42dcb1ed04c6') in 0.0073457 seconds [static and dynamic dependencies]. Details - ImportResultOutputID=8af9cdf3cc88a1cc51905dbc5080bccf DependenciesID=1be36a3acace197bc320dea7ce6aa66d StaticDependenciesID=03cf1cad090cb268804cf4d1e76dfe4e 
Number of updated asset objects reloaded before import = 0Number of asset objects unloaded after import = 1

========================================================================
Received Import Request.
  Time since last request: 0.000016 seconds.
  path: Assets/LoafbrrAssets/Interiors_A/prefabs/StairParts/Wall_Stair_2m_Trim.prefab
  importAddress: Guid(fd6eabe28491ecf4099040e7f8808546) Importer(2089858483,b0f066a214c2f5e87bad3c948f4d605d)
Start importing Assets/LoafbrrAssets/Interiors_A/prefabs/StairParts/Wall_Stair_2m_Trim.prefab using Guid(fd6eabe28491ecf4099040e7f8808546) Importer(2089858483,b0f066a214c2f5e87bad3c948f4d605d) (ScriptedImporter) -> (Import Result ID: 'b33803153bafef53e810295006c1b52b') in 0.0083966 seconds [static and dynamic dependencies]. Details - ImportResultOutputID=5a3c65248d7e0c32af59af66feaceb83 DependenciesID=d7ed82bed47e43b9a12d2ef2ab1ec78a StaticDependenciesID=5229aa8ccdbdb0afa65e7675b5324e55 
Number of updated asset objects reloaded before import = 0Number of asset objects unloaded after import = 10

========================================================================
Received Import Request.
  Time since last request: 0.000016 seconds.
  path: Assets/Enviroment/enviroment/Office building/materials Building
  importAddress: Guid(cdadb524227dcf54ea0f34d7cc53ed3e) Importer(2089858483,b0f066a214c2f5e87bad3c948f4d605d)
Start importing Assets/Enviroment/enviroment/Office building/materials Building using Guid(cdadb524227dcf54ea0f34d7cc53ed3e) Importer(2089858483,b0f066a214c2f5e87bad3c948f4d605d) (ScriptedImporter) -> (Import Result ID: '5b2c74b4346f578917a428e5f5767fb4') in 0.0023474 seconds [static and dynamic dependencies]. Details - ImportResultOutputID=28fc7aa628a76138e5ade71120819812 DependenciesID=f7841c9ab69ce5084530893e24837e9e StaticDependenciesID=e9ee9cdc5d7ddef85d2b944b3009a31f 
Number of updated asset objects reloaded before import = 0Number of asset objects unloaded after import = 1

========================================================================
Received Import Request.
  Time since last request: 0.000030 seconds.
  path: Assets/LoafbrrAssets/Interiors_A/texture/Door/Door_Normal_2K.png
  importAddress: Guid(857f4283e42a23540819eae881223285) Importer(2089858483,b0f066a214c2f5e87bad3c948f4d605d)
Start importing Assets/LoafbrrAssets/Interiors_A/texture/Door/Door_Normal_2K.png using Guid(857f4283e42a23540819eae881223285) Importer(2089858483,b0f066a214c2f5e87bad3c948f4d605d) (ScriptedImporter) -> (Import Result ID: 'fcdde25df95e03a9cda1774671fcb84f') in 0.00894 seconds [static and dynamic dependencies]. Details - ImportResultOutputID=ba8ae10589bbd2259807b54b24a5c4d3 DependenciesID=f35cecfc35942446b210b29ec0bcc262 StaticDependenciesID=8f4d2f441e274c1723d4f9adc7ea16c0 
Number of updated asset objects reloaded before import = 0Number of asset objects unloaded after import = 1

========================================================================
Received Import Request.
  Time since last request: 0.000036 seconds.
  path: Assets/LoafbrrAssets/Interiors_A/prefabs/Floor/FloorCeiling_3x3.prefab
  importAddress: Guid(9c65ad5d15d130d409157883120b79ae) Importer(2089858483,b0f066a214c2f5e87bad3c948f4d605d)
Start importing Assets/LoafbrrAssets/Interiors_A/prefabs/Floor/FloorCeiling_3x3.prefab using Guid(9c65ad5d15d130d409157883120b79ae) Importer(2089858483,b0f066a214c2f5e87bad3c948f4d605d) (ScriptedImporter) -> (Import Result ID: 'c80ddc68c0377a322675297d62326e74') in 0.0111096 seconds [static and dynamic dependencies]. Details - ImportResultOutputID=7ee95fef5e666bcc8ed0cafb4aaac8ab DependenciesID=1f5ed7a4cba14ab525957da3674152c2 StaticDependenciesID=de81c8fffbe5221666ceccbe9eaef34a 
Number of updated asset objects reloaded before import = 0Number of asset objects unloaded after import = 11

========================================================================
Received Import Request.
  Time since last request: 0.000019 seconds.
  path: Assets/Enviroment/enviroment/Office building/materials Building/toilet floor.mat
  importAddress: Guid(2bfb7a8ce1d7a3745bd42c7dfa820106) Importer(2089858483,b0f066a214c2f5e87bad3c948f4d605d)
Start importing Assets/Enviroment/enviroment/Office building/materials Building/toilet floor.mat using Guid(2bfb7a8ce1d7a3745bd42c7dfa820106) Importer(2089858483,b0f066a214c2f5e87bad3c948f4d605d) (ScriptedImporter) -> (Import Result ID: 'bb81d45fac3c2addd2b90774c477ec99') in 0.0056844 seconds [static and dynamic dependencies]. Details - ImportResultOutputID=bea512b947c4cb534bfeca73dcece4b5 DependenciesID=c7a326b6a876ba97c22dfe21e5c138fe StaticDependenciesID=d8b2f31a4ae9141e04f2f743f8e6d347 
Number of updated asset objects reloaded before import = 0Number of asset objects unloaded after import = 2

========================================================================
Received Import Request.
  Time since last request: 0.000018 seconds.
  path: Assets/Enviroment/enviroment/Office building/material props/Computer.mat
  importAddress: Guid(1382d7cb7b45e8642aa34d7fe2c655f5) Importer(2089858483,b0f066a214c2f5e87bad3c948f4d605d)
Start importing Assets/Enviroment/enviroment/Office building/material props/Computer.mat using Guid(1382d7cb7b45e8642aa34d7fe2c655f5) Importer(2089858483,b0f066a214c2f5e87bad3c948f4d605d) (ScriptedImporter) -> (Import Result ID: '2a5c1a3b04e06e667f801b15a240a993') in 0.0050571 seconds [static and dynamic dependencies]. Details - ImportResultOutputID=d7c900c89b06d106ff9189791de13e73 DependenciesID=b1c97c4e9e10ed0d98ead826d6a03b6f StaticDependenciesID=1ab44fa458755ee1998aa10789609259 
Number of updated asset objects reloaded before import = 0Number of asset objects unloaded after import = 2

========================================================================
Received Import Request.
  Time since last request: 0.000015 seconds.
  path: Assets/Enviroment/enviroment/Office building/materials Building/natur wood.mat
  importAddress: Guid(1fbf7d7f18188ae41a9f9863954f24ed) Importer(2089858483,b0f066a214c2f5e87bad3c948f4d605d)
Start importing Assets/Enviroment/enviroment/Office building/materials Building/natur wood.mat using Guid(1fbf7d7f18188ae41a9f9863954f24ed) Importer(2089858483,b0f066a214c2f5e87bad3c948f4d605d) (ScriptedImporter) -> (Import Result ID: '72525d965765dce68dc0a705395b62a4') in 0.0053728 seconds [static and dynamic dependencies]. Details - ImportResultOutputID=b1217f34f07f8128892ab83051011e33 DependenciesID=147e7406ab2994b5ef6e613a10b82012 StaticDependenciesID=8cc77d2bdeac1202876bd0ebb51a9de5 
Number of updated asset objects reloaded before import = 0Number of asset objects unloaded after import = 2

========================================================================
Received Import Request.
  Time since last request: 0.000020 seconds.
  path: Assets/Enviroment/enviroment/Office building/material props/storage room.mat
  importAddress: Guid(26b44fff093b40b4ab066143764af1e8) Importer(2089858483,b0f066a214c2f5e87bad3c948f4d605d)
Start importing Assets/Enviroment/enviroment/Office building/material props/storage room.mat using Guid(26b44fff093b40b4ab066143764af1e8) Importer(2089858483,b0f066a214c2f5e87bad3c948f4d605d) (ScriptedImporter) -> (Import Result ID: '13cd6df6da3c8a262ab060aa4ec26023') in 0.0056231 seconds [static and dynamic dependencies]. Details - ImportResultOutputID=603a6cc8d3cd277bb29c4f9181f10dc6 DependenciesID=6d88174ab628299812043ad9b93995e1 StaticDependenciesID=df599864181a4a6b9ddd53d3721a8a2b 
Number of updated asset objects reloaded before import = 0Number of asset objects unloaded after import = 2

========================================================================
Received Import Request.
  Time since last request: 0.000019 seconds.
  path: Assets/LoafbrrAssets/Interiors_A/prefabs/StairParts/Stair_Rail_Post_A.prefab
  importAddress: Guid(894aa8cc430347547887ecdf8afaa50b) Importer(2089858483,b0f066a214c2f5e87bad3c948f4d605d)
Start importing Assets/LoafbrrAssets/Interiors_A/prefabs/StairParts/Stair_Rail_Post_A.prefab using Guid(894aa8cc430347547887ecdf8afaa50b) Importer(2089858483,b0f066a214c2f5e87bad3c948f4d605d) (ScriptedImporter) -> (Import Result ID: '346c2e2f1232155aa6fb9bba6494f1f7') in 0.0096218 seconds [static and dynamic dependencies]. Details - ImportResultOutputID=e1566fe0763bd186cf7e04426ed05b7b DependenciesID=508e3d225ced00373093055750f4854b StaticDependenciesID=73d10d84171bdc29e9e21b4cc2f62224 
Number of updated asset objects reloaded before import = 0Number of asset objects unloaded after import = 10

========================================================================
Received Import Request.
  Time since last request: 0.000021 seconds.
  path: Assets/Enviroment/enviroment/Office building/meshes/plant 1.fbx
  importAddress: Guid(014003b3893dd5e4a98bfdcdd268764d) Importer(2089858483,b0f066a214c2f5e87bad3c948f4d605d)
Start importing Assets/Enviroment/enviroment/Office building/meshes/plant 1.fbx using Guid(014003b3893dd5e4a98bfdcdd268764d) Importer(2089858483,b0f066a214c2f5e87bad3c948f4d605d) (ScriptedImporter) -> (Import Result ID: 'ac26ccff3c2e26d91164edc1e312af01') in 0.0106225 seconds [static and dynamic dependencies]. Details - ImportResultOutputID=3c458b09be0e0ead76d63337de36b41c DependenciesID=f01792626850f889d69316c02ab702f3 StaticDependenciesID=78bd4d2784a88e193aefcfe22390d0d5 
Number of updated asset objects reloaded before import = 0Number of asset objects unloaded after import = 9

========================================================================
Received Import Request.
  Time since last request: 0.000029 seconds.
  path: Assets/LoafbrrAssets/Interiors_A/texture/Surface_Ceiling_A/Surface_Ceiling_A_Diffuse_1K_B.png
  importAddress: Guid(5ff341c4b6d53df43b09a09e890c9f25) Importer(2089858483,b0f066a214c2f5e87bad3c948f4d605d)
Start importing Assets/LoafbrrAssets/Interiors_A/texture/Surface_Ceiling_A/Surface_Ceiling_A_Diffuse_1K_B.png using Guid(5ff341c4b6d53df43b09a09e890c9f25) Importer(2089858483,b0f066a214c2f5e87bad3c948f4d605d) (ScriptedImporter) -> (Import Result ID: 'c08c75d5e72ddf3b865085f850c48fb3') in 0.0087586 seconds [static and dynamic dependencies]. Details - ImportResultOutputID=5bb554a048a527bef52ad7b798c9c63f DependenciesID=3e32a25320e623dcc1e295a9c56389f0 StaticDependenciesID=d2325aceb7e2f300b788197303d5330f 
Number of updated asset objects reloaded before import = 0Number of asset objects unloaded after import = 1

========================================================================
Received Import Request.
  Time since last request: 0.000016 seconds.
  path: Assets/LoafbrrAssets/Interiors_A/materials/sky 2.mat
  importAddress: Guid(4bea86152d37fd043a1039976b1aef76) Importer(2089858483,b0f066a214c2f5e87bad3c948f4d605d)
Start importing Assets/LoafbrrAssets/Interiors_A/materials/sky 2.mat using Guid(4bea86152d37fd043a1039976b1aef76) Importer(2089858483,b0f066a214c2f5e87bad3c948f4d605d) (ScriptedImporter) -> (Import Result ID: '8611197debe65c083428e02f39ce5edc') in 0.0071921 seconds [static and dynamic dependencies]. Details - ImportResultOutputID=02283a93fe935b4c8fba4b6fea72833f DependenciesID=bc50ba2167a1a456b5b5cfc0c7da1b61 StaticDependenciesID=e3885feb5380ebeb632dc20bb9013572 
Number of updated asset objects reloaded before import = 0Number of asset objects unloaded after import = 1

========================================================================
Received Import Request.
  Time since last request: 0.000018 seconds.
  path: Assets/LoafbrrAssets/Interiors_A/prefabs/StairParts/Wall_Stair_1m_Corner_A.prefab
  importAddress: Guid(81e4035f4cf52fb4d9c5898ce1a4ce52) Importer(2089858483,b0f066a214c2f5e87bad3c948f4d605d)
Start importing Assets/LoafbrrAssets/Interiors_A/prefabs/StairParts/Wall_Stair_1m_Corner_A.prefab using Guid(81e4035f4cf52fb4d9c5898ce1a4ce52) Importer(2089858483,b0f066a214c2f5e87bad3c948f4d605d) (ScriptedImporter) -> (Import Result ID: '9b7aa3239553b8526ebb5c62b2eef8ef') in 0.0093253 seconds [static and dynamic dependencies]. Details - ImportResultOutputID=e66e854ae2932a84961bea6248bebd84 DependenciesID=f7d319177359073caf2f73105d445b21 StaticDependenciesID=adda4877cd5dba162af7002c1e05cd5d 
Number of updated asset objects reloaded before import = 0Number of asset objects unloaded after import = 10

========================================================================
Received Import Request.
  Time since last request: 0.000018 seconds.
  path: Assets/Enviroment/enviroment/Office building/textures/A.png
  importAddress: Guid(94565aa0fa109dc49bd6f24ed2421902) Importer(2089858483,b0f066a214c2f5e87bad3c948f4d605d)
Start importing Assets/Enviroment/enviroment/Office building/textures/A.png using Guid(94565aa0fa109dc49bd6f24ed2421902) Importer(2089858483,b0f066a214c2f5e87bad3c948f4d605d) (ScriptedImporter) -> (Import Result ID: '554e13b5df6d55dd5460cfe6daa7777e') in 0.0067252 seconds [static and dynamic dependencies]. Details - ImportResultOutputID=64d04e3d42e2cc93df7a10efc73dc19b DependenciesID=f58ece180c26dd03eefd94bbe77372d7 StaticDependenciesID=d0c162bc7367f31b8732ea7669bba606 
Number of updated asset objects reloaded before import = 0Number of asset objects unloaded after import = 1

========================================================================
Received Import Request.
  Time since last request: 0.000020 seconds.
  path: Assets/Enviroment/enviroment/Office building/Prefabs/urinal prefab.prefab
  importAddress: Guid(10c87984ebe07d049b0c3e98d260e17b) Importer(2089858483,b0f066a214c2f5e87bad3c948f4d605d)
Start importing Assets/Enviroment/enviroment/Office building/Prefabs/urinal prefab.prefab using Guid(10c87984ebe07d049b0c3e98d260e17b) Importer(2089858483,b0f066a214c2f5e87bad3c948f4d605d) (ScriptedImporter) -> (Import Result ID: 'f25eceb7a247583830ad1238d324236e') in 0.0062033 seconds [static and dynamic dependencies]. Details - ImportResultOutputID=10a85e059b101e2cd4bedfcf6750b3d6 DependenciesID=e9a5b4c3038843162bd39d8a55642784 StaticDependenciesID=5f5f6a472d333a8f031bfd64261d6d75 
Number of updated asset objects reloaded before import = 0Number of asset objects unloaded after import = 10

========================================================================
Received Import Request.
  Time since last request: 0.000018 seconds.
  path: Assets/LoafbrrAssets/Interiors_A/prefabs/StairSet/Stairs_3m_F_Grp_Flipped.prefab
  importAddress: Guid(3aa5399cbae8ad3498c0b4667efaccea) Importer(2089858483,b0f066a214c2f5e87bad3c948f4d605d)
Start importing Assets/LoafbrrAssets/Interiors_A/prefabs/StairSet/Stairs_3m_F_Grp_Flipped.prefab using Guid(3aa5399cbae8ad3498c0b4667efaccea) Importer(2089858483,b0f066a214c2f5e87bad3c948f4d605d) (ScriptedImporter) -> (Import Result ID: '4bcc351139bfb34ecd8e99b7d20614f7') in 0.0064737 seconds [static and dynamic dependencies]. Details - ImportResultOutputID=d3b2e1d16e70d07805faf7173d266eb6 DependenciesID=a2554cf7e619e44da3efa34c9b9f3d9e StaticDependenciesID=8d8b1844f8cb8e5a740bcc177cd67514 
Number of updated asset objects reloaded before import = 0Number of asset objects unloaded after import = 34

========================================================================
Received Import Request.
  Time since last request: 0.000020 seconds.
  path: Assets/LoafbrrAssets/Interiors_A/prefabs/StairParts/Stairs_A_3x1.prefab
  importAddress: Guid(4e743d7a867e2544f8f562ddf641dc94) Importer(2089858483,b0f066a214c2f5e87bad3c948f4d605d)
Start importing Assets/LoafbrrAssets/Interiors_A/prefabs/StairParts/Stairs_A_3x1.prefab using Guid(4e743d7a867e2544f8f562ddf641dc94) Importer(2089858483,b0f066a214c2f5e87bad3c948f4d605d) (ScriptedImporter) -> (Import Result ID: '626b9d555c58e7a4dd886251c29ff013') in 0.0117389 seconds [static and dynamic dependencies]. Details - ImportResultOutputID=0ffd2bf794ae87e27e5981815441302d DependenciesID=f85505b2a007018ccc8aa77606c261eb StaticDependenciesID=d681879c4a7aa35ae40b377b13d4a236 
Number of updated asset objects reloaded before import = 0Number of asset objects unloaded after import = 12

========================================================================
Received Import Request.
  Time since last request: 0.000036 seconds.
  path: Assets/LoafbrrAssets/Interiors_A/prefabs/StairParts/Stairs_A_1x1.prefab
  importAddress: Guid(3f6b4a03df9cf1940a8e39337fd9d113) Importer(2089858483,b0f066a214c2f5e87bad3c948f4d605d)
Start importing Assets/LoafbrrAssets/Interiors_A/prefabs/StairParts/Stairs_A_1x1.prefab using Guid(3f6b4a03df9cf1940a8e39337fd9d113) Importer(2089858483,b0f066a214c2f5e87bad3c948f4d605d) (ScriptedImporter) -> (Import Result ID: '36a6e0b14669a7d08f511432cbba3b33') in 0.0098089 seconds [static and dynamic dependencies]. Details - ImportResultOutputID=874ea036728ec7f56b58cb5eeb38476f DependenciesID=6c32693a7d2ff45a6c208fd6b28cdb72 StaticDependenciesID=36f7125adb4cc136b79b5a86e9fd26a6 
Number of updated asset objects reloaded before import = 0Number of asset objects unloaded after import = 12

========================================================================
Received Import Request.
  Time since last request: 0.000019 seconds.
  path: Assets/Enviroment/enviroment/Office building/materials Building/cover tile.mat
  importAddress: Guid(f61c6f3ff75db9042a49190c7b25df75) Importer(2089858483,b0f066a214c2f5e87bad3c948f4d605d)
Start importing Assets/Enviroment/enviroment/Office building/materials Building/cover tile.mat using Guid(f61c6f3ff75db9042a49190c7b25df75) Importer(2089858483,b0f066a214c2f5e87bad3c948f4d605d) (ScriptedImporter) -> (Import Result ID: '19bba341315a52b1a363ec9ec0e95151') in 0.0062051 seconds [static and dynamic dependencies]. Details - ImportResultOutputID=a03098bbd4002d50aa56e946bb1a7456 DependenciesID=5442bc04f95bbf3e5850acc84757ed0a StaticDependenciesID=8f7dbb26722bf9ad517db4b3b4b9ff93 
Number of updated asset objects reloaded before import = 0Number of asset objects unloaded after import = 2

========================================================================
Received Import Request.
  Time since last request: 0.000020 seconds.
  path: Assets/Enviroment/enviroment/Office building/Prefabs/Toilet paper prefab.prefab
  importAddress: Guid(76d25017ebdd9e34e95ab02752c7b1ad) Importer(2089858483,b0f066a214c2f5e87bad3c948f4d605d)
Start importing Assets/Enviroment/enviroment/Office building/Prefabs/Toilet paper prefab.prefab using Guid(76d25017ebdd9e34e95ab02752c7b1ad) Importer(2089858483,b0f066a214c2f5e87bad3c948f4d605d) (ScriptedImporter) -> (Import Result ID: '3e95ad7327fb5b9d5c93196f3bf0a205') in 0.0055773 seconds [static and dynamic dependencies]. Details - ImportResultOutputID=1bbb8e8a283bd5510dbe8be3a5d8210e DependenciesID=93e303a4d6f9e7aa9d3a04d7e3ba94ab StaticDependenciesID=c1c2d834b511891c20eba29f16c5f08e 
Number of updated asset objects reloaded before import = 0Number of asset objects unloaded after import = 10

========================================================================
Received Import Request.
  Time since last request: 0.000021 seconds.
  path: Assets/Enviroment/enviroment/Office building/textures/Props/used/Kitchen Table A.png
  importAddress: Guid(9cd5360c1e1b2a04591ee292a53e0da9) Importer(2089858483,b0f066a214c2f5e87bad3c948f4d605d)
Start importing Assets/Enviroment/enviroment/Office building/textures/Props/used/Kitchen Table A.png using Guid(9cd5360c1e1b2a04591ee292a53e0da9) Importer(2089858483,b0f066a214c2f5e87bad3c948f4d605d) (ScriptedImporter) -> (Import Result ID: 'ec0c92546abf91ace5ba921241c31aba') in 0.0075374 seconds [static and dynamic dependencies]. Details - ImportResultOutputID=386dc8ff39002c29373057457e200ba7 DependenciesID=97925574d9a4caec704f0978284903dc StaticDependenciesID=9257aea80d9b9c281a007d0129b50fef 
Number of updated asset objects reloaded before import = 0Number of asset objects unloaded after import = 1

========================================================================
Received Import Request.
  Time since last request: 0.000022 seconds.
  path: Assets/LoafbrrAssets/Interiors_A/prefabs/StairParts/Wall_Stair_2m_Edge_B.prefab
  importAddress: Guid(d0cc453b02e1e354fbb62dd402abeb47) Importer(2089858483,b0f066a214c2f5e87bad3c948f4d605d)
Start importing Assets/LoafbrrAssets/Interiors_A/prefabs/StairParts/Wall_Stair_2m_Edge_B.prefab using Guid(d0cc453b02e1e354fbb62dd402abeb47) Importer(2089858483,b0f066a214c2f5e87bad3c948f4d605d) (ScriptedImporter) -> (Import Result ID: '6e5e404628ad9a9f22ae8ac66e0b8cab') in 0.0095785 seconds [static and dynamic dependencies]. Details - ImportResultOutputID=86788db4935062a28d7a7e55dfd237d5 DependenciesID=bf10ffd9e476312ff36a209cbef6adb6 StaticDependenciesID=bf8c5f61a09ded1aef52450f76d46bc5 
Number of updated asset objects reloaded before import = 0Number of asset objects unloaded after import = 10

========================================================================
Received Import Request.
  Time since last request: 0.000018 seconds.
  path: Assets/LoafbrrAssets/Interiors_A/texture/Surface_Ceiling_B/Surface_Ceiling_B_ORM_1K.png
  importAddress: Guid(cd25885a6b11fa040a297a897c9a6c4d) Importer(2089858483,b0f066a214c2f5e87bad3c948f4d605d)
Start importing Assets/LoafbrrAssets/Interiors_A/texture/Surface_Ceiling_B/Surface_Ceiling_B_ORM_1K.png using Guid(cd25885a6b11fa040a297a897c9a6c4d) Importer(2089858483,b0f066a214c2f5e87bad3c948f4d605d) (ScriptedImporter) -> (Import Result ID: '601a8b98eb1f33bf5bc6b1154ec9e8db') in 0.0076176 seconds [static and dynamic dependencies]. Details - ImportResultOutputID=9ea1d5679b983508924170dc5630f234 DependenciesID=f9bb2b93ef623a5ef4b327319252ed5e StaticDependenciesID=2a303e3590710a0075deee790b50b29e 
Number of updated asset objects reloaded before import = 0Number of asset objects unloaded after import = 1

========================================================================
Received Import Request.
  Time since last request: 0.000016 seconds.
  path: Assets/LoafbrrAssets/Interiors_A/texture/Surface_Wall_A/Surface_Wall_A_Diffuse_1K_B.png
  importAddress: Guid(ffdb1b885844cba4aaaf09f2df31aa54) Importer(2089858483,b0f066a214c2f5e87bad3c948f4d605d)
Start importing Assets/LoafbrrAssets/Interiors_A/texture/Surface_Wall_A/Surface_Wall_A_Diffuse_1K_B.png using Guid(ffdb1b885844cba4aaaf09f2df31aa54) Importer(2089858483,b0f066a214c2f5e87bad3c948f4d605d) (ScriptedImporter) -> (Import Result ID: 'c8cbc7578b47e2a74fc7e09fa3480d00') in 0.0095146 seconds [static and dynamic dependencies]. Details - ImportResultOutputID=430206cd94bc0f6ad519850d3f4cca9f DependenciesID=61510bed555e9b2588b37f090eceb8aa StaticDependenciesID=4f4827c65631ffc0347c01f02233434a 
Number of updated asset objects reloaded before import = 0Number of asset objects unloaded after import = 1

========================================================================
Received Import Request.
  Time since last request: 0.000036 seconds.
  path: Assets/Enviroment/enviroment/Office building/textures/Props/used/Cupboard Kitchen.png
  importAddress: Guid(1d1ed951b29aa384cb0f49ae94dee674) Importer(2089858483,b0f066a214c2f5e87bad3c948f4d605d)
Start importing Assets/Enviroment/enviroment/Office building/textures/Props/used/Cupboard Kitchen.png using Guid(1d1ed951b29aa384cb0f49ae94dee674) Importer(2089858483,b0f066a214c2f5e87bad3c948f4d605d) (ScriptedImporter) -> (Import Result ID: 'ea564a910a621688902afd17561e6dcf') in 0.0060274 seconds [static and dynamic dependencies]. Details - ImportResultOutputID=d0d95ca555c4e85cedf51701dc7bb3ba DependenciesID=0fcf64309757afda3042699ee9cbfa73 StaticDependenciesID=f224bba5ebefde28705be75fdba63b87 
Number of updated asset objects reloaded before import = 0Number of asset objects unloaded after import = 1

========================================================================
Received Import Request.
  Time since last request: 0.000015 seconds.
  path: Assets/LoafbrrAssets/Interiors_A/prefabs/wall/Wall_3m.prefab
  importAddress: Guid(0d0539a2e907db64691139f81ed15cd9) Importer(2089858483,b0f066a214c2f5e87bad3c948f4d605d)
Start importing Assets/LoafbrrAssets/Interiors_A/prefabs/wall/Wall_3m.prefab using Guid(0d0539a2e907db64691139f81ed15cd9) Importer(2089858483,b0f066a214c2f5e87bad3c948f4d605d) (ScriptedImporter) -> (Import Result ID: '8db78175586870a7de276f82e9c9c237') in 0.0091997 seconds [static and dynamic dependencies]. Details - ImportResultOutputID=480290090e19c077926d37edbd8374bc DependenciesID=20120db0dc30e16d8c25ed00eaabc25d StaticDependenciesID=94c425045ae38c1bde1fb66ea8edcbba 
Number of updated asset objects reloaded before import = 0Number of asset objects unloaded after import = 10

========================================================================
Received Import Request.
  Time since last request: 0.000031 seconds.
  path: Assets/LoafbrrAssets/Interiors_A/texture/Door/Door_Alpha_2K.png
  importAddress: Guid(c51f9140d0e4e084890adf72f9e9e221) Importer(2089858483,b0f066a214c2f5e87bad3c948f4d605d)
Start importing Assets/LoafbrrAssets/Interiors_A/texture/Door/Door_Alpha_2K.png using Guid(c51f9140d0e4e084890adf72f9e9e221) Importer(2089858483,b0f066a214c2f5e87bad3c948f4d605d) (ScriptedImporter) -> (Import Result ID: '42781ffeae4a8f2bbf8a0f96b04c3496') in 0.0070556 seconds [static and dynamic dependencies]. Details - ImportResultOutputID=f632d24dbb083ebcbd699c89b669d140 DependenciesID=c3c5a6d2e8101da1efca45cfcc6d1262 StaticDependenciesID=4540bbf2a6fd908c8afbd4180b682d4b 
Number of updated asset objects reloaded before import = 0Number of asset objects unloaded after import = 1

========================================================================
Received Import Request.
  Time since last request: 0.000019 seconds.
  path: Assets/Enviroment
  importAddress: Guid(4e9db8d146088e54ea7a6638986ec073) Importer(2089858483,b0f066a214c2f5e87bad3c948f4d605d)
Start importing Assets/Enviroment using Guid(4e9db8d146088e54ea7a6638986ec073) Importer(2089858483,b0f066a214c2f5e87bad3c948f4d605d) (ScriptedImporter) -> (Import Result ID: '53fc73f7836329972170c9a7fbfaca9b') in 0.0027096 seconds [static and dynamic dependencies]. Details - ImportResultOutputID=8ad70e922500ee1293defba6c4228bdc DependenciesID=a27b3ee6a7aee3540092ce479ccf0ddf StaticDependenciesID=d6393e2472ecd24e27dd8447804a60c9 
Number of updated asset objects reloaded before import = 0Number of asset objects unloaded after import = 1

========================================================================
Received Import Request.
  Time since last request: 0.000017 seconds.
  path: Assets/LoafbrrAssets/Interiors_A/texture
  importAddress: Guid(e4a1dcfcb38e3fe4db1b911e9cc79cf3) Importer(2089858483,b0f066a214c2f5e87bad3c948f4d605d)
Start importing Assets/LoafbrrAssets/Interiors_A/texture using Guid(e4a1dcfcb38e3fe4db1b911e9cc79cf3) Importer(2089858483,b0f066a214c2f5e87bad3c948f4d605d) (ScriptedImporter) -> (Import Result ID: '0416ee82271aa29bd58cddf20cd98e6a') in 0.0030279 seconds [static and dynamic dependencies]. Details - ImportResultOutputID=9903a6b06f0d77eeff1d9e5411300b84 DependenciesID=48626c410e8883148c8db5b0f86d5290 StaticDependenciesID=82d001e7a4ccb5fe263adf3b6e6765da 
Number of updated asset objects reloaded before import = 0Number of asset objects unloaded after import = 1

========================================================================
Received Import Request.
  Time since last request: 0.000015 seconds.
  path: Assets/LoafbrrAssets/Interiors_A/prefabs/StairSet/Stairs_3m_D_Grp.prefab
  importAddress: Guid(74e9b847e90ff6442949c84985c64eb7) Importer(2089858483,b0f066a214c2f5e87bad3c948f4d605d)
Start importing Assets/LoafbrrAssets/Interiors_A/prefabs/StairSet/Stairs_3m_D_Grp.prefab using Guid(74e9b847e90ff6442949c84985c64eb7) Importer(2089858483,b0f066a214c2f5e87bad3c948f4d605d) (ScriptedImporter) -> (Import Result ID: '602a3d0aa326cb27d036113c028e8c28') in 0.0073252 seconds [static and dynamic dependencies]. Details - ImportResultOutputID=6506448d960a3a8c80034987bba5d1d7 DependenciesID=f397ace1e86f9ff9fff21b4253b48afa StaticDependenciesID=e2e3477fcea8f333074a51d1f721fa63 
Number of updated asset objects reloaded before import = 0Number of asset objects unloaded after import = 40

========================================================================
Received Import Request.
  Time since last request: 0.000018 seconds.
  path: Assets/LoafbrrAssets/Interiors_A/texture/Door/Door_Diffuse_2K_B.png
  importAddress: Guid(652d594c94ec1ad4595f378422c3adec) Importer(2089858483,b0f066a214c2f5e87bad3c948f4d605d)
Start importing Assets/LoafbrrAssets/Interiors_A/texture/Door/Door_Diffuse_2K_B.png using Guid(652d594c94ec1ad4595f378422c3adec) Importer(2089858483,b0f066a214c2f5e87bad3c948f4d605d) (ScriptedImporter) -> (Import Result ID: '39241b30e2d5c062dff547323517ab72') in 0.0068615 seconds [static and dynamic dependencies]. Details - ImportResultOutputID=b867acc5122520855fde306443ce44ef DependenciesID=86ca829423219e598359614e5415ecd8 StaticDependenciesID=96f8acef0370106683d3da5ef9a81d4c 
Number of updated asset objects reloaded before import = 0Number of asset objects unloaded after import = 1

========================================================================
Received Import Request.
  Time since last request: 0.000023 seconds.
  path: Assets/Enviroment/enviroment/Office building/materials Building/roof 2.mat
  importAddress: Guid(862dc8dd0cfdd40468f4d192a392a992) Importer(2089858483,b0f066a214c2f5e87bad3c948f4d605d)
Start importing Assets/Enviroment/enviroment/Office building/materials Building/roof 2.mat using Guid(862dc8dd0cfdd40468f4d192a392a992) Importer(2089858483,b0f066a214c2f5e87bad3c948f4d605d) (ScriptedImporter) -> (Import Result ID: '38038a50b61c11dbbc505bb3bac92310') in 0.0058994 seconds [static and dynamic dependencies]. Details - ImportResultOutputID=efb89208d352d5e74899a78dec9dd29b DependenciesID=7f5240c88602da5d242b5857b07ae818 StaticDependenciesID=30f95c272f4328bb0f6071ae560c8490 
Number of updated asset objects reloaded before import = 0Number of asset objects unloaded after import = 2

========================================================================
Received Import Request.
  Time since last request: 0.000017 seconds.
  path: Assets/LoafbrrAssets/Interiors_A/prefabs/Floor/Floor_Edge_2m.prefab
  importAddress: Guid(ffd0722c5e5a03941b5456afa2804e9e) Importer(2089858483,b0f066a214c2f5e87bad3c948f4d605d)
Start importing Assets/LoafbrrAssets/Interiors_A/prefabs/Floor/Floor_Edge_2m.prefab using Guid(ffd0722c5e5a03941b5456afa2804e9e) Importer(2089858483,b0f066a214c2f5e87bad3c948f4d605d) (ScriptedImporter) -> (Import Result ID: '6a950708110238e13ae18563fe1cb328') in 0.0094602 seconds [static and dynamic dependencies]. Details - ImportResultOutputID=b54c8e4b9f30cd2cabcff94a03b97d7b DependenciesID=84cfa9539fa5e0c4dd7919062f5fb2e2 StaticDependenciesID=c3c12a3a189344bab54b4764a06c0107 
Number of updated asset objects reloaded before import = 0Number of asset objects unloaded after import = 11

========================================================================
Received Import Request.
  Time since last request: 0.000013 seconds.
  path: Assets/Enviroment/enviroment/Office building/Prefabs/Sign securety only Prefab.prefab
  importAddress: Guid(2e78930ef070a334990dba032ebe04a1) Importer(2089858483,b0f066a214c2f5e87bad3c948f4d605d)
Start importing Assets/Enviroment/enviroment/Office building/Prefabs/Sign securety only Prefab.prefab using Guid(2e78930ef070a334990dba032ebe04a1) Importer(2089858483,b0f066a214c2f5e87bad3c948f4d605d) (ScriptedImporter) -> (Import Result ID: '63e95b719f00c5e810cd9a77234908a3') in 0.0057323 seconds [static and dynamic dependencies]. Details - ImportResultOutputID=f944f689352b1aba44d404d0d761885b DependenciesID=c683512d3661abc8f534db60a7d41bb4 StaticDependenciesID=78415788b5f255820910fad62e90ee8a 
Number of updated asset objects reloaded before import = 0Number of asset objects unloaded after import = 10

========================================================================
Received Import Request.
  Time since last request: 0.000013 seconds.
  path: Assets/Enviroment/enviroment/Office building/Prefabs/Plant 3 Prefab.prefab
  importAddress: Guid(bb4ac9382c724a74b9dd82d157a42bbc) Importer(2089858483,b0f066a214c2f5e87bad3c948f4d605d)
Start importing Assets/Enviroment/enviroment/Office building/Prefabs/Plant 3 Prefab.prefab using Guid(bb4ac9382c724a74b9dd82d157a42bbc) Importer(2089858483,b0f066a214c2f5e87bad3c948f4d605d) (ScriptedImporter) -> (Import Result ID: '9c6e2e518172bdfab3f15a7a4fc994a5') in 0.0057293 seconds [static and dynamic dependencies]. Details - ImportResultOutputID=591f22d903fa4ce0dff52ad3e83c75b7 DependenciesID=eb620f0ecce01b5a4af274b360f8f5f2 StaticDependenciesID=edd986cea1dd69c1318756b72eb2dd00 
Number of updated asset objects reloaded before import = 0Number of asset objects unloaded after import = 15

========================================================================
Received Import Request.
  Time since last request: 0.000015 seconds.
  path: Assets/LoafbrrAssets/Interiors_A/texture/Door/Door_Diffuse_2K_A.png
  importAddress: Guid(60589e6278025154483bf9c265d9135b) Importer(2089858483,b0f066a214c2f5e87bad3c948f4d605d)
Start importing Assets/LoafbrrAssets/Interiors_A/texture/Door/Door_Diffuse_2K_A.png using Guid(60589e6278025154483bf9c265d9135b) Importer(2089858483,b0f066a214c2f5e87bad3c948f4d605d) (ScriptedImporter) -> (Import Result ID: 'f5652afd210c45b3e550d4ba748db9b3') in 0.0071998 seconds [static and dynamic dependencies]. Details - ImportResultOutputID=9404e9c3246acb50abf3081244d16481 DependenciesID=a0c9b8112dc0c8e85b518ecde3080fd9 StaticDependenciesID=7d5fd4c915afbb8d8c6be4d802ad179f 
Number of updated asset objects reloaded before import = 0Number of asset objects unloaded after import = 1

========================================================================
Received Import Request.
  Time since last request: 0.000015 seconds.
  path: Assets/LoafbrrAssets/Interiors_A/prefabs/StairParts/Wall_Trim_Corner.prefab
  importAddress: Guid(9d2901e25d86eb74ea3833039c32d027) Importer(2089858483,b0f066a214c2f5e87bad3c948f4d605d)
Start importing Assets/LoafbrrAssets/Interiors_A/prefabs/StairParts/Wall_Trim_Corner.prefab using Guid(9d2901e25d86eb74ea3833039c32d027) Importer(2089858483,b0f066a214c2f5e87bad3c948f4d605d) (ScriptedImporter) -> (Import Result ID: '2d8c63c925d71869e5800121f87a6261') in 0.0091111 seconds [static and dynamic dependencies]. Details - ImportResultOutputID=c2df07e31a85335caf9b18937a76c1c0 DependenciesID=887575bc772fb3bdb9defd09d2c39343 StaticDependenciesID=3f3b88e275fcee18dad151816b184e64 
Number of updated asset objects reloaded before import = 0Number of asset objects unloaded after import = 10

========================================================================
Received Import Request.
  Time since last request: 0.000020 seconds.
  path: Assets/LoafbrrAssets/Interiors_A/prefabs/Vent/Vent_Corner_D.prefab
  importAddress: Guid(02ae889df100993429fe7e46fb1319d7) Importer(2089858483,b0f066a214c2f5e87bad3c948f4d605d)
Start importing Assets/LoafbrrAssets/Interiors_A/prefabs/Vent/Vent_Corner_D.prefab using Guid(02ae889df100993429fe7e46fb1319d7) Importer(2089858483,b0f066a214c2f5e87bad3c948f4d605d) (ScriptedImporter) -> (Import Result ID: '7bdf68f905b326ba428495141a330931') in 0.0082858 seconds [static and dynamic dependencies]. Details - ImportResultOutputID=38345c84615ddab7272c36bc9fc836eb DependenciesID=75cc42dc10006a293765e0d74df73e8c StaticDependenciesID=a390406ef42f01988457cf366ce08c98 
Number of updated asset objects reloaded before import = 0Number of asset objects unloaded after import = 10

========================================================================
Received Import Request.
  Time since last request: 0.000020 seconds.
  path: Assets/Enviroment/enviroment/Office building/material props/Little cactus.mat
  importAddress: Guid(b9ee94a66ac206c439bf8c9177c6822e) Importer(2089858483,b0f066a214c2f5e87bad3c948f4d605d)
Start importing Assets/Enviroment/enviroment/Office building/material props/Little cactus.mat using Guid(b9ee94a66ac206c439bf8c9177c6822e) Importer(2089858483,b0f066a214c2f5e87bad3c948f4d605d) (ScriptedImporter) -> (Import Result ID: '8be49ab8335cb7ccbe4639e217d8830d') in 0.0063737 seconds [static and dynamic dependencies]. Details - ImportResultOutputID=584a749b7dc6861577d427688324d997 DependenciesID=051940764b9338dfaadcdb8b2f1909d1 StaticDependenciesID=041e4aa3c64d255132d5aa24b018f1cf 
Number of updated asset objects reloaded before import = 0Number of asset objects unloaded after import = 2

========================================================================
Received Import Request.
  Time since last request: 0.000029 seconds.
  path: Assets/LoafbrrAssets/Interiors_A/prefabs/wall/Wall_2m_Door_B.prefab
  importAddress: Guid(1f2acc22a784c85419b19bde72fd4547) Importer(2089858483,b0f066a214c2f5e87bad3c948f4d605d)
Start importing Assets/LoafbrrAssets/Interiors_A/prefabs/wall/Wall_2m_Door_B.prefab using Guid(1f2acc22a784c85419b19bde72fd4547) Importer(2089858483,b0f066a214c2f5e87bad3c948f4d605d) (ScriptedImporter) -> (Import Result ID: 'ecf35f5eedf9cc4122facd3bd79e4e6e') in 0.0099867 seconds [static and dynamic dependencies]. Details - ImportResultOutputID=9520ef426421111ed5b1d018661806b0 DependenciesID=429f74218f0db49708201b762edcd29e StaticDependenciesID=ea000d77757a091eabfc85c09ae975a7 
Number of updated asset objects reloaded before import = 0Number of asset objects unloaded after import = 10

========================================================================
Received Import Request.
  Time since last request: 0.000015 seconds.
  path: Assets/LoafbrrAssets/Interiors_A/prefabs/Floor/Floor_1x3.prefab
  importAddress: Guid(2d4f8329bbfedd549aacbdcfe9078c38) Importer(2089858483,b0f066a214c2f5e87bad3c948f4d605d)
Start importing Assets/LoafbrrAssets/Interiors_A/prefabs/Floor/Floor_1x3.prefab using Guid(2d4f8329bbfedd549aacbdcfe9078c38) Importer(2089858483,b0f066a214c2f5e87bad3c948f4d605d) (ScriptedImporter) -> (Import Result ID: '5050bc58998ddd50d154e35911dd8b01') in 0.0109496 seconds [static and dynamic dependencies]. Details - ImportResultOutputID=abba29d7a88f5697b3f757ac0e2314b2 DependenciesID=f17e620b6651039b7428a1cb71d1bbd1 StaticDependenciesID=d3bd806c5b99ea0f462ea99d890c5e67 
Number of updated asset objects reloaded before import = 0Number of asset objects unloaded after import = 11

========================================================================
Received Import Request.
  Time since last request: 0.000023 seconds.
  path: Assets/Enviroment/enviroment/Office building/materials Building/Glass.mat
  importAddress: Guid(e822722b9afb7f94cbf04f23ce16c856) Importer(2089858483,b0f066a214c2f5e87bad3c948f4d605d)
Start importing Assets/Enviroment/enviroment/Office building/materials Building/Glass.mat using Guid(e822722b9afb7f94cbf04f23ce16c856) Importer(2089858483,b0f066a214c2f5e87bad3c948f4d605d) (ScriptedImporter) -> (Import Result ID: 'b0defbf7afa597b16cead52bea911486') in 0.0220088 seconds [static and dynamic dependencies]. Details - ImportResultOutputID=345ff1fc83b72a2c8dd04bf08ff4ba2d DependenciesID=1c2e81002bfe49caad871fc2f063586a StaticDependenciesID=8b6bf7e58977c9c8cac9153ddd860318 
Number of updated asset objects reloaded before import = 0Number of asset objects unloaded after import = 1

========================================================================
Received Import Request.
  Time since last request: 0.000017 seconds.
  path: Assets/Enviroment/enviroment/Office building/materials Building/Elevator.mat
  importAddress: Guid(f26ba6ebb5f8c4b4c8e18b3f8f4af834) Importer(2089858483,b0f066a214c2f5e87bad3c948f4d605d)
Start importing Assets/Enviroment/enviroment/Office building/materials Building/Elevator.mat using Guid(f26ba6ebb5f8c4b4c8e18b3f8f4af834) Importer(2089858483,b0f066a214c2f5e87bad3c948f4d605d) (ScriptedImporter) -> (Import Result ID: '2e798ab2acd292b72b3e46fb3ed6a65e') in 0.006836 seconds [static and dynamic dependencies]. Details - ImportResultOutputID=771fd426d3af526d0999ddf978d00905 DependenciesID=5e640e757f4cff2613dc92b0cec516f2 StaticDependenciesID=cf52b266e56591ea29fb02a0cd9dd298 
Number of updated asset objects reloaded before import = 0Number of asset objects unloaded after import = 3

========================================================================
Received Import Request.
  Time since last request: 0.000017 seconds.
  path: Assets/Enviroment/enviroment/Office building/scripts/evelator_controll.cs
  importAddress: Guid(c46416dfc1b96064ab91a5296bce1b6e) Importer(2089858483,b0f066a214c2f5e87bad3c948f4d605d)
Start importing Assets/Enviroment/enviroment/Office building/scripts/evelator_controll.cs using Guid(c46416dfc1b96064ab91a5296bce1b6e) Importer(2089858483,b0f066a214c2f5e87bad3c948f4d605d) (ScriptedImporter) -> (Import Result ID: '21a80d23aeaf6b1c13f6d694aa408618') in 0.0038703 seconds [static and dynamic dependencies]. Details - ImportResultOutputID=96c8de5f75ec4d6bcb202d72268673ed DependenciesID=5b7ba63c18a107421479f986b5dbee81 StaticDependenciesID=b5162f1416673017d5c30bbb4732bb5b 
Number of updated asset objects reloaded before import = 0Number of asset objects unloaded after import = 0

========================================================================
Received Import Request.
  Time since last request: 0.000021 seconds.
  path: Assets/LoafbrrAssets/Interiors_A/prefabs/StairSet/Stairs_2m_B_Grp.prefab
  importAddress: Guid(ba062c9258258aa4ebd6b1ba040b34ab) Importer(2089858483,b0f066a214c2f5e87bad3c948f4d605d)
Start importing Assets/LoafbrrAssets/Interiors_A/prefabs/StairSet/Stairs_2m_B_Grp.prefab using Guid(ba062c9258258aa4ebd6b1ba040b34ab) Importer(2089858483,b0f066a214c2f5e87bad3c948f4d605d) (ScriptedImporter) -> (Import Result ID: '7d73cbf6a68c287222777d00b74ee7ae') in 0.0058272 seconds [static and dynamic dependencies]. Details - ImportResultOutputID=66c08ebc910713a5040c0733c010b4d6 DependenciesID=f3b37901827e017d88acfc2348a5d986 StaticDependenciesID=1218f93db1ccb094e8af201c21315a81 
Number of updated asset objects reloaded before import = 0Number of asset objects unloaded after import = 34

========================================================================
Received Import Request.
  Time since last request: 0.000034 seconds.
  path: Assets/LoafbrrAssets/Interiors_A/prefabs/StairSet/Stairs_2m_C_Grp_Flipped.prefab
  importAddress: Guid(b23dbd4ff5406d941a77d60834efc59a) Importer(2089858483,b0f066a214c2f5e87bad3c948f4d605d)
Start importing Assets/LoafbrrAssets/Interiors_A/prefabs/StairSet/Stairs_2m_C_Grp_Flipped.prefab using Guid(b23dbd4ff5406d941a77d60834efc59a) Importer(2089858483,b0f066a214c2f5e87bad3c948f4d605d) (ScriptedImporter) -> (Import Result ID: 'f4c54a67e98c418b787e0e56481df952') in 0.0072067 seconds [static and dynamic dependencies]. Details - ImportResultOutputID=667ff769cbacee4b681eb0553ec3b4e4 DependenciesID=40503438929eaaf2427cd98d0945becc StaticDependenciesID=738620a97bbac38a254564d15af4f4b1 
Number of updated asset objects reloaded before import = 0Number of asset objects unloaded after import = 34

========================================================================
Received Import Request.
  Time since last request: 0.000027 seconds.
  path: Assets/LoafbrrAssets/Interiors_A/texture/Surface_Ceiling_A
  importAddress: Guid(08fdff15295ae39488a7f3fa1e56f767) Importer(2089858483,b0f066a214c2f5e87bad3c948f4d605d)
Start importing Assets/LoafbrrAssets/Interiors_A/texture/Surface_Ceiling_A using Guid(08fdff15295ae39488a7f3fa1e56f767) Importer(2089858483,b0f066a214c2f5e87bad3c948f4d605d) (ScriptedImporter) -> (Import Result ID: 'c216bd5815f6b4f4da6f67d9e6e9a447') in 0.0028461 seconds [static and dynamic dependencies]. Details - ImportResultOutputID=c8510e6332d4655e6bd133f43ebcc179 DependenciesID=22ff1864295a64dbca82ab36200f938c StaticDependenciesID=543c10742aeef08512eafabd5dd568fe 
Number of updated asset objects reloaded before import = 0Number of asset objects unloaded after import = 1

========================================================================
Received Import Request.
  Time since last request: 0.000022 seconds.
  path: Assets/Enviroment/enviroment/Office building/materials Building/out facade 1.mat
  importAddress: Guid(83cb0e9263d88664bb572f98b0124985) Importer(2089858483,b0f066a214c2f5e87bad3c948f4d605d)
Start importing Assets/Enviroment/enviroment/Office building/materials Building/out facade 1.mat using Guid(83cb0e9263d88664bb572f98b0124985) Importer(2089858483,b0f066a214c2f5e87bad3c948f4d605d) (ScriptedImporter) -> (Import Result ID: 'e219008bf6c75ab3d423367affc98f0d') in 0.0039821 seconds [static and dynamic dependencies]. Details - ImportResultOutputID=59c72906228b92ede8a680e9797475dd DependenciesID=00a29b66a6a6125708a1bf997a0a01d7 StaticDependenciesID=72d5e6e14acd0304c5104a16e4016fa2 
Number of updated asset objects reloaded before import = 0Number of asset objects unloaded after import = 2

========================================================================
Received Import Request.
  Time since last request: 0.000019 seconds.
  path: Assets/Scenes/Settings/Mobile_RPAsset.asset
  importAddress: Guid(5e6cbd92db86f4b18aec3ed561671858) Importer(2089858483,b0f066a214c2f5e87bad3c948f4d605d)
Start importing Assets/Scenes/Settings/Mobile_RPAsset.asset using Guid(5e6cbd92db86f4b18aec3ed561671858) Importer(2089858483,b0f066a214c2f5e87bad3c948f4d605d) (ScriptedImporter) -> (Import Result ID: 'dd0e2faaa2a96313d5b77def53dbd3d9') in 0.0643897 seconds [static and dynamic dependencies]. Details - ImportResultOutputID=ec7ea5d91f3f3baf77c3e23776cc2a9b DependenciesID=5347fc2f4c5fd5cb5de9360c64489e92 StaticDependenciesID=7c2eb5945007a5b7931ba642be8225e5 
Number of updated asset objects reloaded before import = 0Number of asset objects unloaded after import = 2

========================================================================
Received Import Request.
  Time since last request: 0.000026 seconds.
  path: Assets/LoafbrrAssets/Interiors_A/prefabs/Door/Door_E_Grp.prefab
  importAddress: Guid(8e098d36629a18e43b50529cad9685fb) Importer(2089858483,b0f066a214c2f5e87bad3c948f4d605d)
Start importing Assets/LoafbrrAssets/Interiors_A/prefabs/Door/Door_E_Grp.prefab using Guid(8e098d36629a18e43b50529cad9685fb) Importer(2089858483,b0f066a214c2f5e87bad3c948f4d605d) (ScriptedImporter) -> (Import Result ID: '04b4b548df07a8199603358fc11cffa9') in 0.0058488 seconds [static and dynamic dependencies]. Details - ImportResultOutputID=f64ec110ca1c85b95826e322f046cf73 DependenciesID=94a373deed6689be2bfb2f1a42f23527 StaticDependenciesID=28111d5c7e6e15c6ecfd8fdb720505e5 
Number of updated asset objects reloaded before import = 0Number of asset objects unloaded after import = 21

========================================================================
Received Import Request.
  Time since last request: 0.000023 seconds.
  path: Assets/Enviroment/enviroment/Office building/textures/lamps/emission
  importAddress: Guid(7995f9e1b46e8f542a3facc78c8971e1) Importer(2089858483,b0f066a214c2f5e87bad3c948f4d605d)
Start importing Assets/Enviroment/enviroment/Office building/textures/lamps/emission using Guid(7995f9e1b46e8f542a3facc78c8971e1) Importer(2089858483,b0f066a214c2f5e87bad3c948f4d605d) (ScriptedImporter) -> (Import Result ID: '00cb2558834d8f0b065dcca0f48db6a6') in 0.0028299 seconds [static and dynamic dependencies]. Details - ImportResultOutputID=9fa96494fa7fbce647dff368e03a2930 DependenciesID=8adc42052e11c9196defcfdeb4edfa09 StaticDependenciesID=2c3e6c0dc4a6486a41246cb14a7af9c8 
Number of updated asset objects reloaded before import = 0Number of asset objects unloaded after import = 1

========================================================================
Received Import Request.
  Time since last request: 0.000037 seconds.
  path: Assets/Enviroment/enviroment/Office building/meshes
  importAddress: Guid(337ac63ea7dc6d54483d0b8d117dc2a5) Importer(2089858483,b0f066a214c2f5e87bad3c948f4d605d)
Start importing Assets/Enviroment/enviroment/Office building/meshes using Guid(337ac63ea7dc6d54483d0b8d117dc2a5) Importer(2089858483,b0f066a214c2f5e87bad3c948f4d605d) (ScriptedImporter) -> (Import Result ID: '68f1c77e9edcf06a08159e3abbba87f8') in 0.002708 seconds [static and dynamic dependencies]. Details - ImportResultOutputID=db5b1f184b67169e3a618029479ec0dc DependenciesID=26c8b3356fb1f531b6e5350076ac650b StaticDependenciesID=9ca4852686babcb71c2c8113f49990d2 
Number of updated asset objects reloaded before import = 0Number of asset objects unloaded after import = 1

========================================================================
Received Import Request.
  Time since last request: 0.000029 seconds.
  path: Assets/Scenes/Settings/PC_RPAsset.asset
  importAddress: Guid(4b83569d67af61e458304325a23e5dfd) Importer(2089858483,b0f066a214c2f5e87bad3c948f4d605d)
Start importing Assets/Scenes/Settings/PC_RPAsset.asset using Guid(4b83569d67af61e458304325a23e5dfd) Importer(2089858483,b0f066a214c2f5e87bad3c948f4d605d) (ScriptedImporter) -> (Import Result ID: '0b7ffe6f1be98aff0c70f488e5974449') in 0.0067286 seconds [static and dynamic dependencies]. Details - ImportResultOutputID=b4237c88f5e7baad5661acb32214388f DependenciesID=69178929faf1152828da4975f0aa57c2 StaticDependenciesID=3eb487d17b2044a913dc16888cfcd492 
Number of updated asset objects reloaded before import = 0Number of asset objects unloaded after import = 1

========================================================================
Received Import Request.
  Time since last request: 0.000015 seconds.
  path: Assets/Enviroment/enviroment/Office building/Prefabs/office building Prefab.prefab
  importAddress: Guid(e2e6970f9dbe45743858950d9b85475f) Importer(2089858483,b0f066a214c2f5e87bad3c948f4d605d)
Start importing Assets/Enviroment/enviroment/Office building/Prefabs/office building Prefab.prefab using Guid(e2e6970f9dbe45743858950d9b85475f) Importer(2089858483,b0f066a214c2f5e87bad3c948f4d605d) (ScriptedImporter) -> (Import Result ID: '0055c5be5d1068d36177e7933fa0a5ff') in 0.238155 seconds [static and dynamic dependencies]. Details - ImportResultOutputID=53200c973baf84827e32b12759d04a23 DependenciesID=1e153cbf99761afd6d523d7f01bf5653 StaticDependenciesID=4d3f1e2912460b3d300ab2395958ee5f 
Number of updated asset objects reloaded before import = 0Number of asset objects unloaded after import = 24286

========================================================================
Received Import Request.
  Time since last request: 0.000031 seconds.
  path: Assets/LoafbrrAssets/Interiors_A/materials/MiscTrim_Mat.mat
  importAddress: Guid(c7792db8ef655d04c899439ac751a526) Importer(2089858483,b0f066a214c2f5e87bad3c948f4d605d)
Start importing Assets/LoafbrrAssets/Interiors_A/materials/MiscTrim_Mat.mat using Guid(c7792db8ef655d04c899439ac751a526) Importer(2089858483,b0f066a214c2f5e87bad3c948f4d605d) (ScriptedImporter) -> (Import Result ID: '4e2edf4607f7ca1d10216e7e7e75c5df') in 0.0208584 seconds [static and dynamic dependencies]. Details - ImportResultOutputID=643f7c53ccf56b90545ae56282ad0fab DependenciesID=a29da318cdc3b249d4f078402c12558c StaticDependenciesID=63045702a717c8b54cbd3141dba2353e 
Number of updated asset objects reloaded before import = 0Number of asset objects unloaded after import = 10

========================================================================
Received Import Request.
  Time since last request: 0.000033 seconds.
  path: Assets/LoafbrrAssets/Interiors_A/prefabs/StairSet/Stairs_3m_G_Grp.prefab
  importAddress: Guid(32afedb97f11ab9478f7df62cbfd66ca) Importer(2089858483,b0f066a214c2f5e87bad3c948f4d605d)
Start importing Assets/LoafbrrAssets/Interiors_A/prefabs/StairSet/Stairs_3m_G_Grp.prefab using Guid(32afedb97f11ab9478f7df62cbfd66ca) Importer(2089858483,b0f066a214c2f5e87bad3c948f4d605d) (ScriptedImporter) -> (Import Result ID: 'c132173330e6ad5ff431a97da20a51c2') in 0.0057137 seconds [static and dynamic dependencies]. Details - ImportResultOutputID=d0eea03e929f5746a84506fd23c36fc4 DependenciesID=f473d53ecf120261c61d6dab8afd7637 StaticDependenciesID=30bc41d07cbd66a12634dcfe883ec178 
Number of updated asset objects reloaded before import = 0Number of asset objects unloaded after import = 28

========================================================================
Received Import Request.
  Time since last request: 0.000016 seconds.
  path: Assets/LoafbrrAssets/Interiors_A/prefabs/StairParts/Wall_Stair_3m_Trim_Flipped.prefab
  importAddress: Guid(46cc6574faeeaad4a89aeb0f4ce76bed) Importer(2089858483,b0f066a214c2f5e87bad3c948f4d605d)
Start importing Assets/LoafbrrAssets/Interiors_A/prefabs/StairParts/Wall_Stair_3m_Trim_Flipped.prefab using Guid(46cc6574faeeaad4a89aeb0f4ce76bed) Importer(2089858483,b0f066a214c2f5e87bad3c948f4d605d) (ScriptedImporter) -> (Import Result ID: 'e5e03949617b87b4907f3735e3cf6f51') in 0.0085249 seconds [static and dynamic dependencies]. Details - ImportResultOutputID=fd6fd783594d708fb20da2d843810a6f DependenciesID=4876d7bcda2aacd019acd247003bcec5 StaticDependenciesID=a6686e2fa85df94fd8fe36857263da6a 
Number of updated asset objects reloaded before import = 0Number of asset objects unloaded after import = 10

========================================================================
Received Import Request.
  Time since last request: 0.000018 seconds.
  path: Assets/Enviroment/enviroment/Office building/material props/Storage box Red.mat
  importAddress: Guid(6c9e933aa98ef7d4e8aa2e963aaa6cd8) Importer(2089858483,b0f066a214c2f5e87bad3c948f4d605d)
Start importing Assets/Enviroment/enviroment/Office building/material props/Storage box Red.mat using Guid(6c9e933aa98ef7d4e8aa2e963aaa6cd8) Importer(2089858483,b0f066a214c2f5e87bad3c948f4d605d) (ScriptedImporter) -> (Import Result ID: 'ae9a318da773c081575ded049f2c1e30') in 0.0051018 seconds [static and dynamic dependencies]. Details - ImportResultOutputID=0dbc7e62a96096a3041009d097146d1b DependenciesID=3751b3810eb0e72813d92c65ffa3952f StaticDependenciesID=0b5e738275bcb5dc4633b70c81d19465 
Number of updated asset objects reloaded before import = 0Number of asset objects unloaded after import = 2

========================================================================
Received Import Request.
  Time since last request: 0.000036 seconds.
  path: Assets/Enviroment/enviroment/Office building/materials Building/Door roof.mat
  importAddress: Guid(23cd48cd9103e7845862900a85d775ca) Importer(2089858483,b0f066a214c2f5e87bad3c948f4d605d)
Start importing Assets/Enviroment/enviroment/Office building/materials Building/Door roof.mat using Guid(23cd48cd9103e7845862900a85d775ca) Importer(2089858483,b0f066a214c2f5e87bad3c948f4d605d) (ScriptedImporter) -> (Import Result ID: '544208532d453934c541e670f1ddb3bc') in 0.0058515 seconds [static and dynamic dependencies]. Details - ImportResultOutputID=c076e6254af1c65177bec2db2ccd8e7d DependenciesID=ba70a58292c66fa4307dbd98d21d86d8 StaticDependenciesID=735dac89525e5af95da45cc660c4ecba 
Number of updated asset objects reloaded before import = 0Number of asset objects unloaded after import = 2

========================================================================
Received Import Request.
  Time since last request: 0.000020 seconds.
  path: Assets/Enviroment/enviroment/Office building/meshes/Storage sign.fbx
  importAddress: Guid(2f8402e757012b94c96db0ec94b269a0) Importer(2089858483,b0f066a214c2f5e87bad3c948f4d605d)
Start importing Assets/Enviroment/enviroment/Office building/meshes/Storage sign.fbx using Guid(2f8402e757012b94c96db0ec94b269a0) Importer(2089858483,b0f066a214c2f5e87bad3c948f4d605d) (ScriptedImporter) -> (Import Result ID: '318730dc5f3afe7c3e155aab96deb2e8') in 0.0124992 seconds [static and dynamic dependencies]. Details - ImportResultOutputID=6c7d884726fca8d4221bf19f4a584ded DependenciesID=da4f88a2fc07b7f424ac5044dd869c83 StaticDependenciesID=3cd8b763e7a10cdd42f72ed3292c8367 
Number of updated asset objects reloaded before import = 0Number of asset objects unloaded after import = 9

========================================================================
Received Import Request.
  Time since last request: 0.000017 seconds.
  path: Assets/Enviroment/enviroment/Office building/meshes/Little cactus 1.fbx
  importAddress: Guid(35bd198b727f97d488b29af1892c2f6f) Importer(2089858483,b0f066a214c2f5e87bad3c948f4d605d)
Start importing Assets/Enviroment/enviroment/Office building/meshes/Little cactus 1.fbx using Guid(35bd198b727f97d488b29af1892c2f6f) Importer(2089858483,b0f066a214c2f5e87bad3c948f4d605d) (ScriptedImporter) -> (Import Result ID: 'f21d202e9cad86b27c933d9167eefb18') in 0.0105408 seconds [static and dynamic dependencies]. Details - ImportResultOutputID=1deb67a74260cc09f2a18402768d4c23 DependenciesID=11cd9f656ac7c2bdb05493b78db2ae78 StaticDependenciesID=57e1625cb25bffa3d494977af44dd0ea 
Number of updated asset objects reloaded before import = 0Number of asset objects unloaded after import = 9

========================================================================
Received Import Request.
  Time since last request: 0.000019 seconds.
  path: Assets/LoafbrrAssets/Interiors_A/texture/Surface_Floor_A/Surface_Floor_A_Normal_1K.png
  importAddress: Guid(3f3f55400691cf84fb0d7cd2323169f3) Importer(2089858483,b0f066a214c2f5e87bad3c948f4d605d)
Start importing Assets/LoafbrrAssets/Interiors_A/texture/Surface_Floor_A/Surface_Floor_A_Normal_1K.png using Guid(3f3f55400691cf84fb0d7cd2323169f3) Importer(2089858483,b0f066a214c2f5e87bad3c948f4d605d) (ScriptedImporter) -> (Import Result ID: '168a39a2d5f4376f50f40e96bfe265e7') in 0.0081739 seconds [static and dynamic dependencies]. Details - ImportResultOutputID=df3b1833f102126d506de20ff64710b3 DependenciesID=74e7313c0ecbf1d68f776bda67d37ee4 StaticDependenciesID=710650a6c1353280ffa0e641b549e59d 
Number of updated asset objects reloaded before import = 0Number of asset objects unloaded after import = 1

========================================================================
Received Prepare
Begin MonoManager ReloadAssembly
[Licensing::Client] Successfully resolved entitlement details
Assembly Assembly-CSharp-Editor-firstpass.dll at Library/ScriptAssemblies/Assembly-CSharp-Editor-firstpass.dll not valid. Loading of assembly skipped.
Assembly Assembly-CSharp-firstpass.dll at Library/ScriptAssemblies/Assembly-CSharp-firstpass.dll not valid. Loading of assembly skipped.
Assembly DocCodeExamples.dll at Library/ScriptAssemblies/DocCodeExamples.dll not valid. Loading of assembly skipped.
Assembly TestNewCustomAssembly.dll at Library/ScriptAssemblies/TestNewCustomAssembly.dll not valid. Loading of assembly skipped.
Assembly Unity.Collections.BurstCompatibilityGen.dll at Library/ScriptAssemblies/Unity.Collections.BurstCompatibilityGen.dll not valid. Loading of assembly skipped.
Assembly Unity.Collections.DocCodeSamples.dll at Library/ScriptAssemblies/Unity.Collections.DocCodeSamples.dll not valid. Loading of assembly skipped.
Assembly Unity.Collections.PerformanceTests.dll at Library/ScriptAssemblies/Unity.Collections.PerformanceTests.dll not valid. Loading of assembly skipped.
Assembly Unity.Collections.Tests.dll at Library/ScriptAssemblies/Unity.Collections.Tests.dll not valid. Loading of assembly skipped.
Assembly Unity.Collections.Tests.Playmode.dll at Library/ScriptAssemblies/Unity.Collections.Tests.Playmode.dll not valid. Loading of assembly skipped.
Assembly Unity.InputSystem.IntegrationTests.dll at Library/ScriptAssemblies/Unity.InputSystem.IntegrationTests.dll not valid. Loading of assembly skipped.
Assembly Unity.Mathematics.Tests.dll at Library/ScriptAssemblies/Unity.Mathematics.Tests.dll not valid. Loading of assembly skipped.
Assembly Unity.Multiplayer.Center.Editor.Tests.dll at Library/ScriptAssemblies/Unity.Multiplayer.Center.Editor.Tests.dll not valid. Loading of assembly skipped.
Assembly Unity.Multiplayer.Center.Tests.dll at Library/ScriptAssemblies/Unity.Multiplayer.Center.Tests.dll not valid. Loading of assembly skipped.
Assembly Unity.Nuget.Mono-Cecil.dll at Library/ScriptAssemblies/Unity.Nuget.Mono-Cecil.dll not valid. Loading of assembly skipped.
Assembly Unity.PathTracing.Editor.Tests.dll at Library/ScriptAssemblies/Unity.PathTracing.Editor.Tests.dll not valid. Loading of assembly skipped.
Assembly Unity.PathTracing.Runtime.Tests.dll at Library/ScriptAssemblies/Unity.PathTracing.Runtime.Tests.dll not valid. Loading of assembly skipped.
Assembly Unity.RenderPipelines.Core.Editor.Tests.dll at Library/ScriptAssemblies/Unity.RenderPipelines.Core.Editor.Tests.dll not valid. Loading of assembly skipped.
Assembly Unity.RenderPipelines.Core.Runtime.Tests.dll at Library/ScriptAssemblies/Unity.RenderPipelines.Core.Runtime.Tests.dll not valid. Loading of assembly skipped.
Assembly Unity.RenderPipelines.Universal.Config.Editor.Tests.dll at Library/ScriptAssemblies/Unity.RenderPipelines.Universal.Config.Editor.Tests.dll not valid. Loading of assembly skipped.
Assembly Unity.RenderPipelines.Universal.Editor.Tests.dll at Library/ScriptAssemblies/Unity.RenderPipelines.Universal.Editor.Tests.dll not valid. Loading of assembly skipped.
Assembly Unity.RenderPipelines.Universal.Runtime.Tests.dll at Library/ScriptAssemblies/Unity.RenderPipelines.Universal.Runtime.Tests.dll not valid. Loading of assembly skipped.
Assembly Unity.Searcher.EditorTests.dll at Library/ScriptAssemblies/Unity.Searcher.EditorTests.dll not valid. Loading of assembly skipped.
Assembly Unity.Settings.Tests.dll at Library/ScriptAssemblies/Unity.Settings.Tests.dll not valid. Loading of assembly skipped.
Assembly Unity.ShaderGraph.Editor.Tests.dll at Library/ScriptAssemblies/Unity.ShaderGraph.Editor.Tests.dll not valid. Loading of assembly skipped.
Assembly Unity.TextMeshPro.Editor.Tests.dll at Library/ScriptAssemblies/Unity.TextMeshPro.Editor.Tests.dll not valid. Loading of assembly skipped.
Assembly Unity.TextMeshPro.Tests.dll at Library/ScriptAssemblies/Unity.TextMeshPro.Tests.dll not valid. Loading of assembly skipped.
Assembly Unity.UnifiedRayTracing.Editor.Tests.dll at Library/ScriptAssemblies/Unity.UnifiedRayTracing.Editor.Tests.dll not valid. Loading of assembly skipped.
Assembly UnityEditor.UI.Common.Tests.dll at Library/ScriptAssemblies/UnityEditor.UI.Common.Tests.dll not valid. Loading of assembly skipped.
Assembly UnityEditor.UI.EditorTests.dll at Library/ScriptAssemblies/UnityEditor.UI.EditorTests.dll not valid. Loading of assembly skipped.
Assembly UnityEngine.UI.Tests.dll at Library/ScriptAssemblies/UnityEngine.UI.Tests.dll not valid. Loading of assembly skipped.
Native extension for WindowsStandalone target not found
Native extension for WebGL target not found
[Package Manager] Failed to launch server process. Reason: Unity was launched with the -noUpm command-line argument
[Package Manager] Unable to send message (not connected to server process).
[Package Manager] Cannot connect to Unity Package Manager local server
[Package Manager] Failed to launch server process. Reason: Unity was launched with the -noUpm command-line argument
[Package Manager] Unable to send message (not connected to server process).
[Package Manager] Cannot connect to Unity Package Manager local server
[Package Manager] Failed to launch server process. Reason: Unity was launched with the -noUpm command-line argument
[Package Manager] Unable to send message (not connected to server process).
[Package Manager] Cannot connect to Unity Package Manager local server
[MODES] ModeService[none].Initialize
[MODES] ModeService[none].LoadModes
ScheduleIndexationOnStartup MainProcess:False IndexOnStartup:True
Mono: successfully reloaded assembly
- Finished resetting the current domain, in  0.559 seconds
Domain Reload Profiling: 1162ms
	BeginReloadAssembly (174ms)
		DisableScriptedObjects (4ms)
		CreateAndSetChildDomain (38ms)
	RebuildCommonClasses (30ms)
	RebuildNativeTypeToScriptingClass (10ms)
	initialDomainReloadingComplete (45ms)
	LoadAllAssembliesAndSetupDomain (343ms)
		LoadAssemblies (271ms)
		AnalyzeDomain (147ms)
			TypeCache.Refresh (10ms)
			BuildScriptInfoCaches (125ms)
			ResolveRequiredComponents (9ms)
	FinalizeReload (560ms)
		SetupLoadedEditorAssemblies (0ms)
			InitializePlatformSupportModulesInManaged (3ms)
			BeforeProcessingInitializeOnLoad (114ms)
			ProcessInitializeOnLoadAttributes (161ms)
			ProcessInitializeOnLoadMethodAttributes (104ms)
			AfterProcessingInitializeOnLoad (4ms)
		AwakeInstancesAfterBackupRestoration (15ms)
Unloading 25 Unused Serialized files (Serialized files now loaded: 0)
Unloading 6505 unused Assets / (5.9 MB). Loaded Objects now: 7386.
Memory consumption went from 176.0 MB to 170.1 MB.
Total: 8.267700 ms (FindLiveObjects: 0.644900 ms CreateObjectMapping: 0.767800 ms MarkObjects: 4.146100 ms  DeleteObjects: 2.707300 ms)

Prepare: number of updated asset objects reloaded= 0
========================================================================
Received Import Request.
  Time since last request: 609.979227 seconds.
  path: Assets/Settings
  importAddress: Guid(709f11a7f3c4041caa4ef136ea32d874) Importer(2089858483,b0f066a214c2f5e87bad3c948f4d605d)
Start importing Assets/Settings using Guid(709f11a7f3c4041caa4ef136ea32d874) Importer(2089858483,b0f066a214c2f5e87bad3c948f4d605d) (ScriptedImporter) -> (Import Result ID: 'b9881ad03dd36086f99893021f5e350c') in 0.0480201 seconds [static and dynamic dependencies]. Details - ImportResultOutputID=bcd4c2161b8becc2d7a8dad54c98162f DependenciesID=fad646b4d651bb95e993233bf06b7b6f StaticDependenciesID=d60a02c26db22b31fb4cbd02e75db16e 
Number of updated asset objects reloaded before import = 0Number of asset objects unloaded after import = 1

========================================================================
Received Import Request.
  Time since last request: 0.000028 seconds.
  path: Assets/StarterAssets/ThirdPersonController/Prefabs/PlayerArmature.prefab
  importAddress: Guid(64dce48905ffd9b4293e595fa6941544) Importer(2089858483,b0f066a214c2f5e87bad3c948f4d605d)
Start importing Assets/StarterAssets/ThirdPersonController/Prefabs/PlayerArmature.prefab using Guid(64dce48905ffd9b4293e595fa6941544) Importer(2089858483,b0f066a214c2f5e87bad3c948f4d605d) (ScriptedImporter) -> (Import Result ID: '94bb7d2e3695ce0df713673d705baaf4') in 0.2045749 seconds [static and dynamic dependencies]. Details - ImportResultOutputID=b57b742544f09d95959d91e73eb94087 DependenciesID=c1876e45b04afeb671eff15015136b1a StaticDependenciesID=08f20e9a2569412fd8d81cfa745ee3d6 
Number of updated asset objects reloaded before import = 0Number of asset objects unloaded after import = 191

========================================================================
Received Import Request.
  Time since last request: 133.410019 seconds.
  path: Assets/Enviroment
  importAddress: Guid(4e9db8d146088e54ea7a6638986ec073) Importer(2089858483,b0f066a214c2f5e87bad3c948f4d605d)
Start importing Assets/Enviroment using Guid(4e9db8d146088e54ea7a6638986ec073) Importer(2089858483,b0f066a214c2f5e87bad3c948f4d605d) (ScriptedImporter) -> (Import Result ID: 'a1fc90cbd8949518265ace463a84bffe') in 0.002764 seconds [static and dynamic dependencies]. Details - ImportResultOutputID=d6366e438d5e2b2f19a001fb813d3f92 DependenciesID=4cee03c06267b2d19098311c8a117dd0 StaticDependenciesID=486d5eb710b8712d62602bc069007d87 
Number of updated asset objects reloaded before import = 0Number of asset objects unloaded after import = 1

========================================================================
Received Import Request.
  Time since last request: 0.000030 seconds.
  path: Assets/Enviroment/enviroment
  importAddress: Guid(b688ec3b38d16874195c421d6ee1afc9) Importer(2089858483,b0f066a214c2f5e87bad3c948f4d605d)
Start importing Assets/Enviroment/enviroment using Guid(b688ec3b38d16874195c421d6ee1afc9) Importer(2089858483,b0f066a214c2f5e87bad3c948f4d605d) (ScriptedImporter) -> (Import Result ID: 'cd97b5be1b65ed8a1ca967484dbd3e4b') in 0.0030476 seconds [static and dynamic dependencies]. Details - ImportResultOutputID=99c204e88fedc6ef8b1dd205314baeab DependenciesID=78cff4bde8a0cf59a647f0132fdf0575 StaticDependenciesID=bee6928c9544a2482cd74fb02aa420c3 
Number of updated asset objects reloaded before import = 0Number of asset objects unloaded after import = 1

========================================================================
Received Import Request.
  Time since last request: 250.479790 seconds.
  path: Assets/Scenes/DoorAnim.unity
  importAddress: Guid(11b40443a0d75e242b4750c0ebcf0be1) Importer(2089858483,b0f066a214c2f5e87bad3c948f4d605d)
Start importing Assets/Scenes/DoorAnim.unity using Guid(11b40443a0d75e242b4750c0ebcf0be1) Importer(2089858483,b0f066a214c2f5e87bad3c948f4d605d) (ScriptedImporter) -> (Import Result ID: '1438f2ac74ce8925caf680598bb2936e') in 0.003768 seconds [static and dynamic dependencies]. Details - ImportResultOutputID=e7c295a4786395f06ddb3714ccd65fd2 DependenciesID=aa707c6114fd140e7cbf4f7a4d75ed11 StaticDependenciesID=b4adeba271f02c383bf5db8798f3fd03 
Number of updated asset objects reloaded before import = 0Number of asset objects unloaded after import = 1

========================================================================
Received Prepare
Begin MonoManager ReloadAssembly
[Licensing::Client] Successfully resolved entitlement details
ADTM: Control thread waiting for realtime thread timed out, have to lock...
Assembly Assembly-CSharp-Editor-firstpass.dll at Library/ScriptAssemblies/Assembly-CSharp-Editor-firstpass.dll not valid. Loading of assembly skipped.
Assembly Assembly-CSharp-firstpass.dll at Library/ScriptAssemblies/Assembly-CSharp-firstpass.dll not valid. Loading of assembly skipped.
Assembly DocCodeExamples.dll at Library/ScriptAssemblies/DocCodeExamples.dll not valid. Loading of assembly skipped.
Assembly TestNewCustomAssembly.dll at Library/ScriptAssemblies/TestNewCustomAssembly.dll not valid. Loading of assembly skipped.
Assembly Unity.Collections.BurstCompatibilityGen.dll at Library/ScriptAssemblies/Unity.Collections.BurstCompatibilityGen.dll not valid. Loading of assembly skipped.
Assembly Unity.Collections.DocCodeSamples.dll at Library/ScriptAssemblies/Unity.Collections.DocCodeSamples.dll not valid. Loading of assembly skipped.
Assembly Unity.Collections.PerformanceTests.dll at Library/ScriptAssemblies/Unity.Collections.PerformanceTests.dll not valid. Loading of assembly skipped.
Assembly Unity.Collections.Tests.dll at Library/ScriptAssemblies/Unity.Collections.Tests.dll not valid. Loading of assembly skipped.
Assembly Unity.Collections.Tests.Playmode.dll at Library/ScriptAssemblies/Unity.Collections.Tests.Playmode.dll not valid. Loading of assembly skipped.
Assembly Unity.InputSystem.IntegrationTests.dll at Library/ScriptAssemblies/Unity.InputSystem.IntegrationTests.dll not valid. Loading of assembly skipped.
Assembly Unity.Mathematics.Tests.dll at Library/ScriptAssemblies/Unity.Mathematics.Tests.dll not valid. Loading of assembly skipped.
Assembly Unity.Multiplayer.Center.Editor.Tests.dll at Library/ScriptAssemblies/Unity.Multiplayer.Center.Editor.Tests.dll not valid. Loading of assembly skipped.
Assembly Unity.Multiplayer.Center.Tests.dll at Library/ScriptAssemblies/Unity.Multiplayer.Center.Tests.dll not valid. Loading of assembly skipped.
Assembly Unity.Nuget.Mono-Cecil.dll at Library/ScriptAssemblies/Unity.Nuget.Mono-Cecil.dll not valid. Loading of assembly skipped.
Assembly Unity.PathTracing.Editor.Tests.dll at Library/ScriptAssemblies/Unity.PathTracing.Editor.Tests.dll not valid. Loading of assembly skipped.
Assembly Unity.PathTracing.Runtime.Tests.dll at Library/ScriptAssemblies/Unity.PathTracing.Runtime.Tests.dll not valid. Loading of assembly skipped.
Assembly Unity.RenderPipelines.Core.Editor.Tests.dll at Library/ScriptAssemblies/Unity.RenderPipelines.Core.Editor.Tests.dll not valid. Loading of assembly skipped.
Assembly Unity.RenderPipelines.Core.Runtime.Tests.dll at Library/ScriptAssemblies/Unity.RenderPipelines.Core.Runtime.Tests.dll not valid. Loading of assembly skipped.
Assembly Unity.RenderPipelines.Universal.Config.Editor.Tests.dll at Library/ScriptAssemblies/Unity.RenderPipelines.Universal.Config.Editor.Tests.dll not valid. Loading of assembly skipped.
Assembly Unity.RenderPipelines.Universal.Editor.Tests.dll at Library/ScriptAssemblies/Unity.RenderPipelines.Universal.Editor.Tests.dll not valid. Loading of assembly skipped.
Assembly Unity.RenderPipelines.Universal.Runtime.Tests.dll at Library/ScriptAssemblies/Unity.RenderPipelines.Universal.Runtime.Tests.dll not valid. Loading of assembly skipped.
Assembly Unity.Searcher.EditorTests.dll at Library/ScriptAssemblies/Unity.Searcher.EditorTests.dll not valid. Loading of assembly skipped.
Assembly Unity.Settings.Tests.dll at Library/ScriptAssemblies/Unity.Settings.Tests.dll not valid. Loading of assembly skipped.
Assembly Unity.ShaderGraph.Editor.Tests.dll at Library/ScriptAssemblies/Unity.ShaderGraph.Editor.Tests.dll not valid. Loading of assembly skipped.
Assembly Unity.TextMeshPro.Editor.Tests.dll at Library/ScriptAssemblies/Unity.TextMeshPro.Editor.Tests.dll not valid. Loading of assembly skipped.
Assembly Unity.TextMeshPro.Tests.dll at Library/ScriptAssemblies/Unity.TextMeshPro.Tests.dll not valid. Loading of assembly skipped.
Assembly Unity.UnifiedRayTracing.Editor.Tests.dll at Library/ScriptAssemblies/Unity.UnifiedRayTracing.Editor.Tests.dll not valid. Loading of assembly skipped.
Assembly UnityEditor.UI.Common.Tests.dll at Library/ScriptAssemblies/UnityEditor.UI.Common.Tests.dll not valid. Loading of assembly skipped.
Assembly UnityEditor.UI.EditorTests.dll at Library/ScriptAssemblies/UnityEditor.UI.EditorTests.dll not valid. Loading of assembly skipped.
Assembly UnityEngine.UI.Tests.dll at Library/ScriptAssemblies/UnityEngine.UI.Tests.dll not valid. Loading of assembly skipped.
Native extension for WindowsStandalone target not found
Native extension for WebGL target not found
[Package Manager] Failed to launch server process. Reason: Unity was launched with the -noUpm command-line argument
[Package Manager] Unable to send message (not connected to server process).
[Package Manager] Cannot connect to Unity Package Manager local server
[Package Manager] Failed to launch server process. Reason: Unity was launched with the -noUpm command-line argument
[Package Manager] Unable to send message (not connected to server process).
[Package Manager] Cannot connect to Unity Package Manager local server
[Package Manager] Failed to launch server process. Reason: Unity was launched with the -noUpm command-line argument
[Package Manager] Unable to send message (not connected to server process).
[Package Manager] Cannot connect to Unity Package Manager local server
[MODES] ModeService[none].Initialize
[MODES] ModeService[none].LoadModes
ScheduleIndexationOnStartup MainProcess:False IndexOnStartup:True
Mono: successfully reloaded assembly
- Finished resetting the current domain, in  0.701 seconds
Domain Reload Profiling: 2660ms
	BeginReloadAssembly (1327ms)
		DisableScriptedObjects (15ms)
		CreateAndSetChildDomain (1101ms)
	RebuildCommonClasses (32ms)
	RebuildNativeTypeToScriptingClass (10ms)
	initialDomainReloadingComplete (68ms)
	LoadAllAssembliesAndSetupDomain (521ms)
		LoadAssemblies (404ms)
		AnalyzeDomain (210ms)
			TypeCache.Refresh (10ms)
			BuildScriptInfoCaches (181ms)
			ResolveRequiredComponents (14ms)
	FinalizeReload (702ms)
		SetupLoadedEditorAssemblies (0ms)
			InitializePlatformSupportModulesInManaged (3ms)
			BeforeProcessingInitializeOnLoad (147ms)
			ProcessInitializeOnLoadAttributes (209ms)
			ProcessInitializeOnLoadMethodAttributes (132ms)
			AfterProcessingInitializeOnLoad (5ms)
		AwakeInstancesAfterBackupRestoration (22ms)
Unloading 25 Unused Serialized files (Serialized files now loaded: 0)
Unloading 6503 unused Assets / (5.4 MB). Loaded Objects now: 7388.
Memory consumption went from 175.1 MB to 169.7 MB.
Total: 8.457600 ms (FindLiveObjects: 0.753400 ms CreateObjectMapping: 0.393200 ms MarkObjects: 4.673600 ms  DeleteObjects: 2.635400 ms)

Prepare: number of updated asset objects reloaded= 0
========================================================================
Received Prepare
Begin MonoManager ReloadAssembly
[Licensing::Client] Successfully resolved entitlement details
ADTM: Control thread waiting for realtime thread timed out, have to lock...
Assembly Assembly-CSharp-Editor-firstpass.dll at Library/ScriptAssemblies/Assembly-CSharp-Editor-firstpass.dll not valid. Loading of assembly skipped.
Assembly Assembly-CSharp-firstpass.dll at Library/ScriptAssemblies/Assembly-CSharp-firstpass.dll not valid. Loading of assembly skipped.
Assembly DocCodeExamples.dll at Library/ScriptAssemblies/DocCodeExamples.dll not valid. Loading of assembly skipped.
Assembly TestNewCustomAssembly.dll at Library/ScriptAssemblies/TestNewCustomAssembly.dll not valid. Loading of assembly skipped.
Assembly Unity.Collections.BurstCompatibilityGen.dll at Library/ScriptAssemblies/Unity.Collections.BurstCompatibilityGen.dll not valid. Loading of assembly skipped.
Assembly Unity.Collections.DocCodeSamples.dll at Library/ScriptAssemblies/Unity.Collections.DocCodeSamples.dll not valid. Loading of assembly skipped.
Assembly Unity.Collections.PerformanceTests.dll at Library/ScriptAssemblies/Unity.Collections.PerformanceTests.dll not valid. Loading of assembly skipped.
Assembly Unity.Collections.Tests.dll at Library/ScriptAssemblies/Unity.Collections.Tests.dll not valid. Loading of assembly skipped.
Assembly Unity.Collections.Tests.Playmode.dll at Library/ScriptAssemblies/Unity.Collections.Tests.Playmode.dll not valid. Loading of assembly skipped.
Assembly Unity.InputSystem.IntegrationTests.dll at Library/ScriptAssemblies/Unity.InputSystem.IntegrationTests.dll not valid. Loading of assembly skipped.
Assembly Unity.Mathematics.Tests.dll at Library/ScriptAssemblies/Unity.Mathematics.Tests.dll not valid. Loading of assembly skipped.
Assembly Unity.Multiplayer.Center.Editor.Tests.dll at Library/ScriptAssemblies/Unity.Multiplayer.Center.Editor.Tests.dll not valid. Loading of assembly skipped.
Assembly Unity.Multiplayer.Center.Tests.dll at Library/ScriptAssemblies/Unity.Multiplayer.Center.Tests.dll not valid. Loading of assembly skipped.
Assembly Unity.Nuget.Mono-Cecil.dll at Library/ScriptAssemblies/Unity.Nuget.Mono-Cecil.dll not valid. Loading of assembly skipped.
Assembly Unity.PathTracing.Editor.Tests.dll at Library/ScriptAssemblies/Unity.PathTracing.Editor.Tests.dll not valid. Loading of assembly skipped.
Assembly Unity.PathTracing.Runtime.Tests.dll at Library/ScriptAssemblies/Unity.PathTracing.Runtime.Tests.dll not valid. Loading of assembly skipped.
Assembly Unity.RenderPipelines.Core.Editor.Tests.dll at Library/ScriptAssemblies/Unity.RenderPipelines.Core.Editor.Tests.dll not valid. Loading of assembly skipped.
Assembly Unity.RenderPipelines.Core.Runtime.Tests.dll at Library/ScriptAssemblies/Unity.RenderPipelines.Core.Runtime.Tests.dll not valid. Loading of assembly skipped.
Assembly Unity.RenderPipelines.Universal.Config.Editor.Tests.dll at Library/ScriptAssemblies/Unity.RenderPipelines.Universal.Config.Editor.Tests.dll not valid. Loading of assembly skipped.
Assembly Unity.RenderPipelines.Universal.Editor.Tests.dll at Library/ScriptAssemblies/Unity.RenderPipelines.Universal.Editor.Tests.dll not valid. Loading of assembly skipped.
Assembly Unity.RenderPipelines.Universal.Runtime.Tests.dll at Library/ScriptAssemblies/Unity.RenderPipelines.Universal.Runtime.Tests.dll not valid. Loading of assembly skipped.
Assembly Unity.Searcher.EditorTests.dll at Library/ScriptAssemblies/Unity.Searcher.EditorTests.dll not valid. Loading of assembly skipped.
Assembly Unity.Settings.Tests.dll at Library/ScriptAssemblies/Unity.Settings.Tests.dll not valid. Loading of assembly skipped.
Assembly Unity.ShaderGraph.Editor.Tests.dll at Library/ScriptAssemblies/Unity.ShaderGraph.Editor.Tests.dll not valid. Loading of assembly skipped.
Assembly Unity.TextMeshPro.Editor.Tests.dll at Library/ScriptAssemblies/Unity.TextMeshPro.Editor.Tests.dll not valid. Loading of assembly skipped.
Assembly Unity.TextMeshPro.Tests.dll at Library/ScriptAssemblies/Unity.TextMeshPro.Tests.dll not valid. Loading of assembly skipped.
Assembly Unity.UnifiedRayTracing.Editor.Tests.dll at Library/ScriptAssemblies/Unity.UnifiedRayTracing.Editor.Tests.dll not valid. Loading of assembly skipped.
Assembly UnityEditor.UI.Common.Tests.dll at Library/ScriptAssemblies/UnityEditor.UI.Common.Tests.dll not valid. Loading of assembly skipped.
Assembly UnityEditor.UI.EditorTests.dll at Library/ScriptAssemblies/UnityEditor.UI.EditorTests.dll not valid. Loading of assembly skipped.
Assembly UnityEngine.UI.Tests.dll at Library/ScriptAssemblies/UnityEngine.UI.Tests.dll not valid. Loading of assembly skipped.
Native extension for WindowsStandalone target not found
Native extension for WebGL target not found
[Package Manager] Failed to launch server process. Reason: Unity was launched with the -noUpm command-line argument
[Package Manager] Unable to send message (not connected to server process).
[Package Manager] Cannot connect to Unity Package Manager local server
[Package Manager] Failed to launch server process. Reason: Unity was launched with the -noUpm command-line argument
[Package Manager] Unable to send message (not connected to server process).
[Package Manager] Cannot connect to Unity Package Manager local server
[Package Manager] Failed to launch server process. Reason: Unity was launched with the -noUpm command-line argument
[Package Manager] Unable to send message (not connected to server process).
[Package Manager] Cannot connect to Unity Package Manager local server
[MODES] ModeService[none].Initialize
[MODES] ModeService[none].LoadModes
ScheduleIndexationOnStartup MainProcess:False IndexOnStartup:True
Mono: successfully reloaded assembly
- Finished resetting the current domain, in  0.653 seconds
Domain Reload Profiling: 2213ms
	BeginReloadAssembly (1164ms)
		DisableScriptedObjects (4ms)
		CreateAndSetChildDomain (1034ms)
	RebuildCommonClasses (29ms)
	RebuildNativeTypeToScriptingClass (9ms)
	initialDomainReloadingComplete (39ms)
	LoadAllAssembliesAndSetupDomain (317ms)
		LoadAssemblies (243ms)
		AnalyzeDomain (140ms)
			TypeCache.Refresh (6ms)
			BuildScriptInfoCaches (121ms)
			ResolveRequiredComponents (11ms)
	FinalizeReload (654ms)
		SetupLoadedEditorAssemblies (0ms)
			InitializePlatformSupportModulesInManaged (3ms)
			BeforeProcessingInitializeOnLoad (146ms)
			ProcessInitializeOnLoadAttributes (199ms)
			ProcessInitializeOnLoadMethodAttributes (133ms)
			AfterProcessingInitializeOnLoad (5ms)
		AwakeInstancesAfterBackupRestoration (16ms)
Unloading 25 Unused Serialized files (Serialized files now loaded: 0)
Unloading 6503 unused Assets / (5.7 MB). Loaded Objects now: 7390.
Memory consumption went from 179.0 MB to 173.3 MB.
Total: 8.248100 ms (FindLiveObjects: 0.680700 ms CreateObjectMapping: 0.535900 ms MarkObjects: 4.373000 ms  DeleteObjects: 2.656500 ms)

Prepare: number of updated asset objects reloaded= 0
========================================================================
Received Import Request.
  Time since last request: 5377.608555 seconds.
  path: Assets/Project/Animation/Door_Open.anim
  importAddress: Guid(355ed5841cf50a24abb7b3410d846ee2) Importer(2089858483,b0f066a214c2f5e87bad3c948f4d605d)
Start importing Assets/Project/Animation/Door_Open.anim using Guid(355ed5841cf50a24abb7b3410d846ee2) Importer(2089858483,b0f066a214c2f5e87bad3c948f4d605d) (ScriptedImporter) -> (Import Result ID: '4033d756d94fc0bc139314f7b6ddb113') in 0.0726431 seconds [static and dynamic dependencies]. Details - ImportResultOutputID=b4948f5af24f92f3f720e934604e0441 DependenciesID=c9491dbc4fee8b3bef06b2736efe5b52 StaticDependenciesID=c8aea8f19ab6baa92fa03e48377f1646 
Number of updated asset objects reloaded before import = 0Number of asset objects unloaded after import = 1

========================================================================
Received Import Request.
  Time since last request: 0.000025 seconds.
  path: Assets/Project/Animation/Door_Closing.anim
  importAddress: Guid(99bd2aadb28b09749a5e59fb0f56c999) Importer(2089858483,b0f066a214c2f5e87bad3c948f4d605d)
Start importing Assets/Project/Animation/Door_Closing.anim using Guid(99bd2aadb28b09749a5e59fb0f56c999) Importer(2089858483,b0f066a214c2f5e87bad3c948f4d605d) (ScriptedImporter) -> (Import Result ID: '6e6e0ce30dc59a0727c1ba9ec59acffe') in 0.0045115 seconds [static and dynamic dependencies]. Details - ImportResultOutputID=63411a37fa9041c4d1c908bf2d25b2fd DependenciesID=ebabf877595abe35cf5cca23b046d727 StaticDependenciesID=82d9a99cd419048916d98fb386cdc9e5 
Number of updated asset objects reloaded before import = 0Number of asset objects unloaded after import = 1

========================================================================
Received Prepare
Begin MonoManager ReloadAssembly
[Licensing::Client] Successfully resolved entitlement details
ADTM: Control thread waiting for realtime thread timed out, have to lock...
Assembly Assembly-CSharp-Editor-firstpass.dll at Library/ScriptAssemblies/Assembly-CSharp-Editor-firstpass.dll not valid. Loading of assembly skipped.
Assembly Assembly-CSharp-firstpass.dll at Library/ScriptAssemblies/Assembly-CSharp-firstpass.dll not valid. Loading of assembly skipped.
Assembly DocCodeExamples.dll at Library/ScriptAssemblies/DocCodeExamples.dll not valid. Loading of assembly skipped.
Assembly TestNewCustomAssembly.dll at Library/ScriptAssemblies/TestNewCustomAssembly.dll not valid. Loading of assembly skipped.
Assembly Unity.Collections.BurstCompatibilityGen.dll at Library/ScriptAssemblies/Unity.Collections.BurstCompatibilityGen.dll not valid. Loading of assembly skipped.
Assembly Unity.Collections.DocCodeSamples.dll at Library/ScriptAssemblies/Unity.Collections.DocCodeSamples.dll not valid. Loading of assembly skipped.
Assembly Unity.Collections.PerformanceTests.dll at Library/ScriptAssemblies/Unity.Collections.PerformanceTests.dll not valid. Loading of assembly skipped.
Assembly Unity.Collections.Tests.dll at Library/ScriptAssemblies/Unity.Collections.Tests.dll not valid. Loading of assembly skipped.
Assembly Unity.Collections.Tests.Playmode.dll at Library/ScriptAssemblies/Unity.Collections.Tests.Playmode.dll not valid. Loading of assembly skipped.
Assembly Unity.InputSystem.IntegrationTests.dll at Library/ScriptAssemblies/Unity.InputSystem.IntegrationTests.dll not valid. Loading of assembly skipped.
Assembly Unity.Mathematics.Tests.dll at Library/ScriptAssemblies/Unity.Mathematics.Tests.dll not valid. Loading of assembly skipped.
Assembly Unity.Multiplayer.Center.Editor.Tests.dll at Library/ScriptAssemblies/Unity.Multiplayer.Center.Editor.Tests.dll not valid. Loading of assembly skipped.
Assembly Unity.Multiplayer.Center.Tests.dll at Library/ScriptAssemblies/Unity.Multiplayer.Center.Tests.dll not valid. Loading of assembly skipped.
Assembly Unity.Nuget.Mono-Cecil.dll at Library/ScriptAssemblies/Unity.Nuget.Mono-Cecil.dll not valid. Loading of assembly skipped.
Assembly Unity.PathTracing.Editor.Tests.dll at Library/ScriptAssemblies/Unity.PathTracing.Editor.Tests.dll not valid. Loading of assembly skipped.
Assembly Unity.PathTracing.Runtime.Tests.dll at Library/ScriptAssemblies/Unity.PathTracing.Runtime.Tests.dll not valid. Loading of assembly skipped.
Assembly Unity.RenderPipelines.Core.Editor.Tests.dll at Library/ScriptAssemblies/Unity.RenderPipelines.Core.Editor.Tests.dll not valid. Loading of assembly skipped.
Assembly Unity.RenderPipelines.Core.Runtime.Tests.dll at Library/ScriptAssemblies/Unity.RenderPipelines.Core.Runtime.Tests.dll not valid. Loading of assembly skipped.
Assembly Unity.RenderPipelines.Universal.Config.Editor.Tests.dll at Library/ScriptAssemblies/Unity.RenderPipelines.Universal.Config.Editor.Tests.dll not valid. Loading of assembly skipped.
Assembly Unity.RenderPipelines.Universal.Editor.Tests.dll at Library/ScriptAssemblies/Unity.RenderPipelines.Universal.Editor.Tests.dll not valid. Loading of assembly skipped.
Assembly Unity.RenderPipelines.Universal.Runtime.Tests.dll at Library/ScriptAssemblies/Unity.RenderPipelines.Universal.Runtime.Tests.dll not valid. Loading of assembly skipped.
Assembly Unity.Searcher.EditorTests.dll at Library/ScriptAssemblies/Unity.Searcher.EditorTests.dll not valid. Loading of assembly skipped.
Assembly Unity.Settings.Tests.dll at Library/ScriptAssemblies/Unity.Settings.Tests.dll not valid. Loading of assembly skipped.
Assembly Unity.ShaderGraph.Editor.Tests.dll at Library/ScriptAssemblies/Unity.ShaderGraph.Editor.Tests.dll not valid. Loading of assembly skipped.
Assembly Unity.TextMeshPro.Editor.Tests.dll at Library/ScriptAssemblies/Unity.TextMeshPro.Editor.Tests.dll not valid. Loading of assembly skipped.
Assembly Unity.TextMeshPro.Tests.dll at Library/ScriptAssemblies/Unity.TextMeshPro.Tests.dll not valid. Loading of assembly skipped.
Assembly Unity.UnifiedRayTracing.Editor.Tests.dll at Library/ScriptAssemblies/Unity.UnifiedRayTracing.Editor.Tests.dll not valid. Loading of assembly skipped.
Assembly UnityEditor.UI.Common.Tests.dll at Library/ScriptAssemblies/UnityEditor.UI.Common.Tests.dll not valid. Loading of assembly skipped.
Assembly UnityEditor.UI.EditorTests.dll at Library/ScriptAssemblies/UnityEditor.UI.EditorTests.dll not valid. Loading of assembly skipped.
Assembly UnityEngine.UI.Tests.dll at Library/ScriptAssemblies/UnityEngine.UI.Tests.dll not valid. Loading of assembly skipped.
Native extension for WindowsStandalone target not found
Native extension for WebGL target not found
[Package Manager] Failed to launch server process. Reason: Unity was launched with the -noUpm command-line argument
[Package Manager] Unable to send message (not connected to server process).
[Package Manager] Cannot connect to Unity Package Manager local server
[Package Manager] Failed to launch server process. Reason: Unity was launched with the -noUpm command-line argument
[Package Manager] Unable to send message (not connected to server process).
[Package Manager] Cannot connect to Unity Package Manager local server
[Package Manager] Failed to launch server process. Reason: Unity was launched with the -noUpm command-line argument
[Package Manager] Unable to send message (not connected to server process).
[Package Manager] Cannot connect to Unity Package Manager local server
[MODES] ModeService[none].Initialize
[MODES] ModeService[none].LoadModes
ScheduleIndexationOnStartup MainProcess:False IndexOnStartup:True
Mono: successfully reloaded assembly
- Finished resetting the current domain, in  0.669 seconds
Domain Reload Profiling: 2302ms
	BeginReloadAssembly (1178ms)
		DisableScriptedObjects (4ms)
		CreateAndSetChildDomain (1040ms)
	RebuildCommonClasses (30ms)
	RebuildNativeTypeToScriptingClass (9ms)
	initialDomainReloadingComplete (42ms)
	LoadAllAssembliesAndSetupDomain (373ms)
		LoadAssemblies (278ms)
		AnalyzeDomain (167ms)
			TypeCache.Refresh (7ms)
			BuildScriptInfoCaches (150ms)
			ResolveRequiredComponents (9ms)
	FinalizeReload (669ms)
		SetupLoadedEditorAssemblies (0ms)
			InitializePlatformSupportModulesInManaged (3ms)
			BeforeProcessingInitializeOnLoad (142ms)
			ProcessInitializeOnLoadAttributes (214ms)
			ProcessInitializeOnLoadMethodAttributes (122ms)
			AfterProcessingInitializeOnLoad (5ms)
		AwakeInstancesAfterBackupRestoration (16ms)
Unloading 25 Unused Serialized files (Serialized files now loaded: 0)
Unloading 6503 unused Assets / (5.5 MB). Loaded Objects now: 7392.
Memory consumption went from 175.2 MB to 169.7 MB.
Total: 8.127100 ms (FindLiveObjects: 0.697400 ms CreateObjectMapping: 0.592800 ms MarkObjects: 4.289400 ms  DeleteObjects: 2.532300 ms)

Prepare: number of updated asset objects reloaded= 0
========================================================================
Received Prepare
Begin MonoManager ReloadAssembly
[Licensing::Client] Successfully resolved entitlement details
ADTM: Control thread waiting for realtime thread timed out, have to lock...
Assembly Assembly-CSharp-Editor-firstpass.dll at Library/ScriptAssemblies/Assembly-CSharp-Editor-firstpass.dll not valid. Loading of assembly skipped.
Assembly Assembly-CSharp-firstpass.dll at Library/ScriptAssemblies/Assembly-CSharp-firstpass.dll not valid. Loading of assembly skipped.
Assembly DocCodeExamples.dll at Library/ScriptAssemblies/DocCodeExamples.dll not valid. Loading of assembly skipped.
Assembly TestNewCustomAssembly.dll at Library/ScriptAssemblies/TestNewCustomAssembly.dll not valid. Loading of assembly skipped.
Assembly Unity.Collections.BurstCompatibilityGen.dll at Library/ScriptAssemblies/Unity.Collections.BurstCompatibilityGen.dll not valid. Loading of assembly skipped.
Assembly Unity.Collections.DocCodeSamples.dll at Library/ScriptAssemblies/Unity.Collections.DocCodeSamples.dll not valid. Loading of assembly skipped.
Assembly Unity.Collections.PerformanceTests.dll at Library/ScriptAssemblies/Unity.Collections.PerformanceTests.dll not valid. Loading of assembly skipped.
Assembly Unity.Collections.Tests.dll at Library/ScriptAssemblies/Unity.Collections.Tests.dll not valid. Loading of assembly skipped.
Assembly Unity.Collections.Tests.Playmode.dll at Library/ScriptAssemblies/Unity.Collections.Tests.Playmode.dll not valid. Loading of assembly skipped.
Assembly Unity.InputSystem.IntegrationTests.dll at Library/ScriptAssemblies/Unity.InputSystem.IntegrationTests.dll not valid. Loading of assembly skipped.
Assembly Unity.Mathematics.Tests.dll at Library/ScriptAssemblies/Unity.Mathematics.Tests.dll not valid. Loading of assembly skipped.
Assembly Unity.Multiplayer.Center.Editor.Tests.dll at Library/ScriptAssemblies/Unity.Multiplayer.Center.Editor.Tests.dll not valid. Loading of assembly skipped.
Assembly Unity.Multiplayer.Center.Tests.dll at Library/ScriptAssemblies/Unity.Multiplayer.Center.Tests.dll not valid. Loading of assembly skipped.
Assembly Unity.Nuget.Mono-Cecil.dll at Library/ScriptAssemblies/Unity.Nuget.Mono-Cecil.dll not valid. Loading of assembly skipped.
Assembly Unity.PathTracing.Editor.Tests.dll at Library/ScriptAssemblies/Unity.PathTracing.Editor.Tests.dll not valid. Loading of assembly skipped.
Assembly Unity.PathTracing.Runtime.Tests.dll at Library/ScriptAssemblies/Unity.PathTracing.Runtime.Tests.dll not valid. Loading of assembly skipped.
Assembly Unity.RenderPipelines.Core.Editor.Tests.dll at Library/ScriptAssemblies/Unity.RenderPipelines.Core.Editor.Tests.dll not valid. Loading of assembly skipped.
Assembly Unity.RenderPipelines.Core.Runtime.Tests.dll at Library/ScriptAssemblies/Unity.RenderPipelines.Core.Runtime.Tests.dll not valid. Loading of assembly skipped.
Assembly Unity.RenderPipelines.Universal.Config.Editor.Tests.dll at Library/ScriptAssemblies/Unity.RenderPipelines.Universal.Config.Editor.Tests.dll not valid. Loading of assembly skipped.
Assembly Unity.RenderPipelines.Universal.Editor.Tests.dll at Library/ScriptAssemblies/Unity.RenderPipelines.Universal.Editor.Tests.dll not valid. Loading of assembly skipped.
Assembly Unity.RenderPipelines.Universal.Runtime.Tests.dll at Library/ScriptAssemblies/Unity.RenderPipelines.Universal.Runtime.Tests.dll not valid. Loading of assembly skipped.
Assembly Unity.Searcher.EditorTests.dll at Library/ScriptAssemblies/Unity.Searcher.EditorTests.dll not valid. Loading of assembly skipped.
Assembly Unity.Settings.Tests.dll at Library/ScriptAssemblies/Unity.Settings.Tests.dll not valid. Loading of assembly skipped.
Assembly Unity.ShaderGraph.Editor.Tests.dll at Library/ScriptAssemblies/Unity.ShaderGraph.Editor.Tests.dll not valid. Loading of assembly skipped.
Assembly Unity.TextMeshPro.Editor.Tests.dll at Library/ScriptAssemblies/Unity.TextMeshPro.Editor.Tests.dll not valid. Loading of assembly skipped.
Assembly Unity.TextMeshPro.Tests.dll at Library/ScriptAssemblies/Unity.TextMeshPro.Tests.dll not valid. Loading of assembly skipped.
Assembly Unity.UnifiedRayTracing.Editor.Tests.dll at Library/ScriptAssemblies/Unity.UnifiedRayTracing.Editor.Tests.dll not valid. Loading of assembly skipped.
Assembly UnityEditor.UI.Common.Tests.dll at Library/ScriptAssemblies/UnityEditor.UI.Common.Tests.dll not valid. Loading of assembly skipped.
Assembly UnityEditor.UI.EditorTests.dll at Library/ScriptAssemblies/UnityEditor.UI.EditorTests.dll not valid. Loading of assembly skipped.
Assembly UnityEngine.UI.Tests.dll at Library/ScriptAssemblies/UnityEngine.UI.Tests.dll not valid. Loading of assembly skipped.
Native extension for WindowsStandalone target not found
Native extension for WebGL target not found
[Package Manager] Failed to launch server process. Reason: Unity was launched with the -noUpm command-line argument
[Package Manager] Unable to send message (not connected to server process).
[Package Manager] Cannot connect to Unity Package Manager local server
[Package Manager] Failed to launch server process. Reason: Unity was launched with the -noUpm command-line argument
[Package Manager] Unable to send message (not connected to server process).
[Package Manager] Cannot connect to Unity Package Manager local server
[Package Manager] Failed to launch server process. Reason: Unity was launched with the -noUpm command-line argument
[Package Manager] Unable to send message (not connected to server process).
[Package Manager] Cannot connect to Unity Package Manager local server
[MODES] ModeService[none].Initialize
[MODES] ModeService[none].LoadModes
ScheduleIndexationOnStartup MainProcess:False IndexOnStartup:True
Mono: successfully reloaded assembly
- Finished resetting the current domain, in  0.692 seconds
Domain Reload Profiling: 2335ms
	BeginReloadAssembly (1192ms)
		DisableScriptedObjects (4ms)
		CreateAndSetChildDomain (1053ms)
	RebuildCommonClasses (33ms)
	RebuildNativeTypeToScriptingClass (10ms)
	initialDomainReloadingComplete (50ms)
	LoadAllAssembliesAndSetupDomain (359ms)
		LoadAssemblies (276ms)
		AnalyzeDomain (156ms)
			TypeCache.Refresh (6ms)
			BuildScriptInfoCaches (138ms)
			ResolveRequiredComponents (11ms)
	FinalizeReload (692ms)
		SetupLoadedEditorAssemblies (0ms)
			InitializePlatformSupportModulesInManaged (3ms)
			BeforeProcessingInitializeOnLoad (143ms)
			ProcessInitializeOnLoadAttributes (210ms)
			ProcessInitializeOnLoadMethodAttributes (136ms)
			AfterProcessingInitializeOnLoad (5ms)
		AwakeInstancesAfterBackupRestoration (17ms)
Unloading 25 Unused Serialized files (Serialized files now loaded: 0)
Unloading 6503 unused Assets / (5.7 MB). Loaded Objects now: 7394.
Memory consumption went from 179.1 MB to 173.4 MB.
Total: 8.010500 ms (FindLiveObjects: 0.551600 ms CreateObjectMapping: 0.419100 ms MarkObjects: 4.250100 ms  DeleteObjects: 2.788300 ms)

Prepare: number of updated asset objects reloaded= 0
========================================================================
Received Prepare
Begin MonoManager ReloadAssembly
[Licensing::Client] Successfully resolved entitlement details
ADTM: Control thread waiting for realtime thread timed out, have to lock...
Assembly Assembly-CSharp-Editor-firstpass.dll at Library/ScriptAssemblies/Assembly-CSharp-Editor-firstpass.dll not valid. Loading of assembly skipped.
Assembly Assembly-CSharp-firstpass.dll at Library/ScriptAssemblies/Assembly-CSharp-firstpass.dll not valid. Loading of assembly skipped.
Assembly DocCodeExamples.dll at Library/ScriptAssemblies/DocCodeExamples.dll not valid. Loading of assembly skipped.
Assembly TestNewCustomAssembly.dll at Library/ScriptAssemblies/TestNewCustomAssembly.dll not valid. Loading of assembly skipped.
Assembly Unity.Collections.BurstCompatibilityGen.dll at Library/ScriptAssemblies/Unity.Collections.BurstCompatibilityGen.dll not valid. Loading of assembly skipped.
Assembly Unity.Collections.DocCodeSamples.dll at Library/ScriptAssemblies/Unity.Collections.DocCodeSamples.dll not valid. Loading of assembly skipped.
Assembly Unity.Collections.PerformanceTests.dll at Library/ScriptAssemblies/Unity.Collections.PerformanceTests.dll not valid. Loading of assembly skipped.
Assembly Unity.Collections.Tests.dll at Library/ScriptAssemblies/Unity.Collections.Tests.dll not valid. Loading of assembly skipped.
Assembly Unity.Collections.Tests.Playmode.dll at Library/ScriptAssemblies/Unity.Collections.Tests.Playmode.dll not valid. Loading of assembly skipped.
Assembly Unity.InputSystem.IntegrationTests.dll at Library/ScriptAssemblies/Unity.InputSystem.IntegrationTests.dll not valid. Loading of assembly skipped.
Assembly Unity.Mathematics.Tests.dll at Library/ScriptAssemblies/Unity.Mathematics.Tests.dll not valid. Loading of assembly skipped.
Assembly Unity.Multiplayer.Center.Editor.Tests.dll at Library/ScriptAssemblies/Unity.Multiplayer.Center.Editor.Tests.dll not valid. Loading of assembly skipped.
Assembly Unity.Multiplayer.Center.Tests.dll at Library/ScriptAssemblies/Unity.Multiplayer.Center.Tests.dll not valid. Loading of assembly skipped.
Assembly Unity.Nuget.Mono-Cecil.dll at Library/ScriptAssemblies/Unity.Nuget.Mono-Cecil.dll not valid. Loading of assembly skipped.
Assembly Unity.PathTracing.Editor.Tests.dll at Library/ScriptAssemblies/Unity.PathTracing.Editor.Tests.dll not valid. Loading of assembly skipped.
Assembly Unity.PathTracing.Runtime.Tests.dll at Library/ScriptAssemblies/Unity.PathTracing.Runtime.Tests.dll not valid. Loading of assembly skipped.
Assembly Unity.RenderPipelines.Core.Editor.Tests.dll at Library/ScriptAssemblies/Unity.RenderPipelines.Core.Editor.Tests.dll not valid. Loading of assembly skipped.
Assembly Unity.RenderPipelines.Core.Runtime.Tests.dll at Library/ScriptAssemblies/Unity.RenderPipelines.Core.Runtime.Tests.dll not valid. Loading of assembly skipped.
Assembly Unity.RenderPipelines.Universal.Config.Editor.Tests.dll at Library/ScriptAssemblies/Unity.RenderPipelines.Universal.Config.Editor.Tests.dll not valid. Loading of assembly skipped.
Assembly Unity.RenderPipelines.Universal.Editor.Tests.dll at Library/ScriptAssemblies/Unity.RenderPipelines.Universal.Editor.Tests.dll not valid. Loading of assembly skipped.
Assembly Unity.RenderPipelines.Universal.Runtime.Tests.dll at Library/ScriptAssemblies/Unity.RenderPipelines.Universal.Runtime.Tests.dll not valid. Loading of assembly skipped.
Assembly Unity.Searcher.EditorTests.dll at Library/ScriptAssemblies/Unity.Searcher.EditorTests.dll not valid. Loading of assembly skipped.
Assembly Unity.Settings.Tests.dll at Library/ScriptAssemblies/Unity.Settings.Tests.dll not valid. Loading of assembly skipped.
Assembly Unity.ShaderGraph.Editor.Tests.dll at Library/ScriptAssemblies/Unity.ShaderGraph.Editor.Tests.dll not valid. Loading of assembly skipped.
Assembly Unity.TextMeshPro.Editor.Tests.dll at Library/ScriptAssemblies/Unity.TextMeshPro.Editor.Tests.dll not valid. Loading of assembly skipped.
Assembly Unity.TextMeshPro.Tests.dll at Library/ScriptAssemblies/Unity.TextMeshPro.Tests.dll not valid. Loading of assembly skipped.
Assembly Unity.UnifiedRayTracing.Editor.Tests.dll at Library/ScriptAssemblies/Unity.UnifiedRayTracing.Editor.Tests.dll not valid. Loading of assembly skipped.
Assembly UnityEditor.UI.Common.Tests.dll at Library/ScriptAssemblies/UnityEditor.UI.Common.Tests.dll not valid. Loading of assembly skipped.
Assembly UnityEditor.UI.EditorTests.dll at Library/ScriptAssemblies/UnityEditor.UI.EditorTests.dll not valid. Loading of assembly skipped.
Assembly UnityEngine.UI.Tests.dll at Library/ScriptAssemblies/UnityEngine.UI.Tests.dll not valid. Loading of assembly skipped.
Native extension for WindowsStandalone target not found
Native extension for WebGL target not found
[Package Manager] Failed to launch server process. Reason: Unity was launched with the -noUpm command-line argument
[Package Manager] Unable to send message (not connected to server process).
[Package Manager] Cannot connect to Unity Package Manager local server
[Package Manager] Failed to launch server process. Reason: Unity was launched with the -noUpm command-line argument
[Package Manager] Unable to send message (not connected to server process).
[Package Manager] Cannot connect to Unity Package Manager local server
[Package Manager] Failed to launch server process. Reason: Unity was launched with the -noUpm command-line argument
[Package Manager] Unable to send message (not connected to server process).
[Package Manager] Cannot connect to Unity Package Manager local server
[MODES] ModeService[none].Initialize
[MODES] ModeService[none].LoadModes
ScheduleIndexationOnStartup MainProcess:False IndexOnStartup:True
Mono: successfully reloaded assembly
- Finished resetting the current domain, in  0.700 seconds
Domain Reload Profiling: 2358ms
	BeginReloadAssembly (1187ms)
		DisableScriptedObjects (4ms)
		CreateAndSetChildDomain (1049ms)
	RebuildCommonClasses (30ms)
	RebuildNativeTypeToScriptingClass (10ms)
	initialDomainReloadingComplete (39ms)
	LoadAllAssembliesAndSetupDomain (390ms)
		LoadAssemblies (291ms)
		AnalyzeDomain (168ms)
			TypeCache.Refresh (8ms)
			BuildScriptInfoCaches (148ms)
			ResolveRequiredComponents (11ms)
	FinalizeReload (701ms)
		SetupLoadedEditorAssemblies (0ms)
			InitializePlatformSupportModulesInManaged (3ms)
			BeforeProcessingInitializeOnLoad (144ms)
			ProcessInitializeOnLoadAttributes (212ms)
			ProcessInitializeOnLoadMethodAttributes (133ms)
			AfterProcessingInitializeOnLoad (5ms)
		AwakeInstancesAfterBackupRestoration (16ms)
Unloading 25 Unused Serialized files (Serialized files now loaded: 0)
Unloading 6503 unused Assets / (5.5 MB). Loaded Objects now: 7396.
Memory consumption went from 183.1 MB to 177.6 MB.
Total: 8.012400 ms (FindLiveObjects: 0.618400 ms CreateObjectMapping: 0.335400 ms MarkObjects: 4.607500 ms  DeleteObjects: 2.449500 ms)

Prepare: number of updated asset objects reloaded= 0
========================================================================
Received Prepare
Begin MonoManager ReloadAssembly
[Licensing::Client] Successfully resolved entitlement details
ADTM: Control thread waiting for realtime thread timed out, have to lock...
Assembly Assembly-CSharp-Editor-firstpass.dll at Library/ScriptAssemblies/Assembly-CSharp-Editor-firstpass.dll not valid. Loading of assembly skipped.
Assembly Assembly-CSharp-firstpass.dll at Library/ScriptAssemblies/Assembly-CSharp-firstpass.dll not valid. Loading of assembly skipped.
Assembly DocCodeExamples.dll at Library/ScriptAssemblies/DocCodeExamples.dll not valid. Loading of assembly skipped.
Assembly TestNewCustomAssembly.dll at Library/ScriptAssemblies/TestNewCustomAssembly.dll not valid. Loading of assembly skipped.
Assembly Unity.Collections.BurstCompatibilityGen.dll at Library/ScriptAssemblies/Unity.Collections.BurstCompatibilityGen.dll not valid. Loading of assembly skipped.
Assembly Unity.Collections.DocCodeSamples.dll at Library/ScriptAssemblies/Unity.Collections.DocCodeSamples.dll not valid. Loading of assembly skipped.
Assembly Unity.Collections.PerformanceTests.dll at Library/ScriptAssemblies/Unity.Collections.PerformanceTests.dll not valid. Loading of assembly skipped.
Assembly Unity.Collections.Tests.dll at Library/ScriptAssemblies/Unity.Collections.Tests.dll not valid. Loading of assembly skipped.
Assembly Unity.Collections.Tests.Playmode.dll at Library/ScriptAssemblies/Unity.Collections.Tests.Playmode.dll not valid. Loading of assembly skipped.
Assembly Unity.InputSystem.IntegrationTests.dll at Library/ScriptAssemblies/Unity.InputSystem.IntegrationTests.dll not valid. Loading of assembly skipped.
Assembly Unity.Mathematics.Tests.dll at Library/ScriptAssemblies/Unity.Mathematics.Tests.dll not valid. Loading of assembly skipped.
Assembly Unity.Multiplayer.Center.Editor.Tests.dll at Library/ScriptAssemblies/Unity.Multiplayer.Center.Editor.Tests.dll not valid. Loading of assembly skipped.
Assembly Unity.Multiplayer.Center.Tests.dll at Library/ScriptAssemblies/Unity.Multiplayer.Center.Tests.dll not valid. Loading of assembly skipped.
Assembly Unity.Nuget.Mono-Cecil.dll at Library/ScriptAssemblies/Unity.Nuget.Mono-Cecil.dll not valid. Loading of assembly skipped.
Assembly Unity.PathTracing.Editor.Tests.dll at Library/ScriptAssemblies/Unity.PathTracing.Editor.Tests.dll not valid. Loading of assembly skipped.
Assembly Unity.PathTracing.Runtime.Tests.dll at Library/ScriptAssemblies/Unity.PathTracing.Runtime.Tests.dll not valid. Loading of assembly skipped.
Assembly Unity.RenderPipelines.Core.Editor.Tests.dll at Library/ScriptAssemblies/Unity.RenderPipelines.Core.Editor.Tests.dll not valid. Loading of assembly skipped.
Assembly Unity.RenderPipelines.Core.Runtime.Tests.dll at Library/ScriptAssemblies/Unity.RenderPipelines.Core.Runtime.Tests.dll not valid. Loading of assembly skipped.
Assembly Unity.RenderPipelines.Universal.Config.Editor.Tests.dll at Library/ScriptAssemblies/Unity.RenderPipelines.Universal.Config.Editor.Tests.dll not valid. Loading of assembly skipped.
Assembly Unity.RenderPipelines.Universal.Editor.Tests.dll at Library/ScriptAssemblies/Unity.RenderPipelines.Universal.Editor.Tests.dll not valid. Loading of assembly skipped.
Assembly Unity.RenderPipelines.Universal.Runtime.Tests.dll at Library/ScriptAssemblies/Unity.RenderPipelines.Universal.Runtime.Tests.dll not valid. Loading of assembly skipped.
Assembly Unity.Searcher.EditorTests.dll at Library/ScriptAssemblies/Unity.Searcher.EditorTests.dll not valid. Loading of assembly skipped.
Assembly Unity.Settings.Tests.dll at Library/ScriptAssemblies/Unity.Settings.Tests.dll not valid. Loading of assembly skipped.
Assembly Unity.ShaderGraph.Editor.Tests.dll at Library/ScriptAssemblies/Unity.ShaderGraph.Editor.Tests.dll not valid. Loading of assembly skipped.
Assembly Unity.TextMeshPro.Editor.Tests.dll at Library/ScriptAssemblies/Unity.TextMeshPro.Editor.Tests.dll not valid. Loading of assembly skipped.
Assembly Unity.TextMeshPro.Tests.dll at Library/ScriptAssemblies/Unity.TextMeshPro.Tests.dll not valid. Loading of assembly skipped.
Assembly Unity.UnifiedRayTracing.Editor.Tests.dll at Library/ScriptAssemblies/Unity.UnifiedRayTracing.Editor.Tests.dll not valid. Loading of assembly skipped.
Assembly UnityEditor.UI.Common.Tests.dll at Library/ScriptAssemblies/UnityEditor.UI.Common.Tests.dll not valid. Loading of assembly skipped.
Assembly UnityEditor.UI.EditorTests.dll at Library/ScriptAssemblies/UnityEditor.UI.EditorTests.dll not valid. Loading of assembly skipped.
Assembly UnityEngine.UI.Tests.dll at Library/ScriptAssemblies/UnityEngine.UI.Tests.dll not valid. Loading of assembly skipped.
Native extension for WindowsStandalone target not found
Native extension for WebGL target not found
[Package Manager] Failed to launch server process. Reason: Unity was launched with the -noUpm command-line argument
[Package Manager] Unable to send message (not connected to server process).
[Package Manager] Cannot connect to Unity Package Manager local server
[Package Manager] Failed to launch server process. Reason: Unity was launched with the -noUpm command-line argument
[Package Manager] Unable to send message (not connected to server process).
[Package Manager] Cannot connect to Unity Package Manager local server
[Package Manager] Failed to launch server process. Reason: Unity was launched with the -noUpm command-line argument
[Package Manager] Unable to send message (not connected to server process).
[Package Manager] Cannot connect to Unity Package Manager local server
[MODES] ModeService[none].Initialize
[MODES] ModeService[none].LoadModes
ScheduleIndexationOnStartup MainProcess:False IndexOnStartup:True
Mono: successfully reloaded assembly
- Finished resetting the current domain, in  0.667 seconds
Domain Reload Profiling: 2247ms
	BeginReloadAssembly (1171ms)
		DisableScriptedObjects (6ms)
		CreateAndSetChildDomain (1035ms)
	RebuildCommonClasses (30ms)
	RebuildNativeTypeToScriptingClass (10ms)
	initialDomainReloadingComplete (39ms)
	LoadAllAssembliesAndSetupDomain (330ms)
		LoadAssemblies (245ms)
		AnalyzeDomain (154ms)
			TypeCache.Refresh (6ms)
			BuildScriptInfoCaches (136ms)
			ResolveRequiredComponents (10ms)
	FinalizeReload (668ms)
		SetupLoadedEditorAssemblies (0ms)
			InitializePlatformSupportModulesInManaged (3ms)
			BeforeProcessingInitializeOnLoad (151ms)
			ProcessInitializeOnLoadAttributes (213ms)
			ProcessInitializeOnLoadMethodAttributes (131ms)
			AfterProcessingInitializeOnLoad (5ms)
		AwakeInstancesAfterBackupRestoration (17ms)
Unloading 25 Unused Serialized files (Serialized files now loaded: 0)
Unloading 6503 unused Assets / (5.9 MB). Loaded Objects now: 7398.
Memory consumption went from 187.0 MB to 181.2 MB.
Total: 8.249800 ms (FindLiveObjects: 0.604800 ms CreateObjectMapping: 0.392100 ms MarkObjects: 4.458500 ms  DeleteObjects: 2.792900 ms)

Prepare: number of updated asset objects reloaded= 0
========================================================================
Received Prepare
Begin MonoManager ReloadAssembly
[Licensing::Client] Successfully resolved entitlement details
ADTM: Control thread waiting for realtime thread timed out, have to lock...
Assembly Assembly-CSharp-Editor-firstpass.dll at Library/ScriptAssemblies/Assembly-CSharp-Editor-firstpass.dll not valid. Loading of assembly skipped.
Assembly Assembly-CSharp-firstpass.dll at Library/ScriptAssemblies/Assembly-CSharp-firstpass.dll not valid. Loading of assembly skipped.
Assembly DocCodeExamples.dll at Library/ScriptAssemblies/DocCodeExamples.dll not valid. Loading of assembly skipped.
Assembly TestNewCustomAssembly.dll at Library/ScriptAssemblies/TestNewCustomAssembly.dll not valid. Loading of assembly skipped.
Assembly Unity.Collections.BurstCompatibilityGen.dll at Library/ScriptAssemblies/Unity.Collections.BurstCompatibilityGen.dll not valid. Loading of assembly skipped.
Assembly Unity.Collections.DocCodeSamples.dll at Library/ScriptAssemblies/Unity.Collections.DocCodeSamples.dll not valid. Loading of assembly skipped.
Assembly Unity.Collections.PerformanceTests.dll at Library/ScriptAssemblies/Unity.Collections.PerformanceTests.dll not valid. Loading of assembly skipped.
Assembly Unity.Collections.Tests.dll at Library/ScriptAssemblies/Unity.Collections.Tests.dll not valid. Loading of assembly skipped.
Assembly Unity.Collections.Tests.Playmode.dll at Library/ScriptAssemblies/Unity.Collections.Tests.Playmode.dll not valid. Loading of assembly skipped.
Assembly Unity.InputSystem.IntegrationTests.dll at Library/ScriptAssemblies/Unity.InputSystem.IntegrationTests.dll not valid. Loading of assembly skipped.
Assembly Unity.Mathematics.Tests.dll at Library/ScriptAssemblies/Unity.Mathematics.Tests.dll not valid. Loading of assembly skipped.
Assembly Unity.Multiplayer.Center.Editor.Tests.dll at Library/ScriptAssemblies/Unity.Multiplayer.Center.Editor.Tests.dll not valid. Loading of assembly skipped.
Assembly Unity.Multiplayer.Center.Tests.dll at Library/ScriptAssemblies/Unity.Multiplayer.Center.Tests.dll not valid. Loading of assembly skipped.
Assembly Unity.Nuget.Mono-Cecil.dll at Library/ScriptAssemblies/Unity.Nuget.Mono-Cecil.dll not valid. Loading of assembly skipped.
Assembly Unity.PathTracing.Editor.Tests.dll at Library/ScriptAssemblies/Unity.PathTracing.Editor.Tests.dll not valid. Loading of assembly skipped.
Assembly Unity.PathTracing.Runtime.Tests.dll at Library/ScriptAssemblies/Unity.PathTracing.Runtime.Tests.dll not valid. Loading of assembly skipped.
Assembly Unity.RenderPipelines.Core.Editor.Tests.dll at Library/ScriptAssemblies/Unity.RenderPipelines.Core.Editor.Tests.dll not valid. Loading of assembly skipped.
Assembly Unity.RenderPipelines.Core.Runtime.Tests.dll at Library/ScriptAssemblies/Unity.RenderPipelines.Core.Runtime.Tests.dll not valid. Loading of assembly skipped.
Assembly Unity.RenderPipelines.Universal.Config.Editor.Tests.dll at Library/ScriptAssemblies/Unity.RenderPipelines.Universal.Config.Editor.Tests.dll not valid. Loading of assembly skipped.
Assembly Unity.RenderPipelines.Universal.Editor.Tests.dll at Library/ScriptAssemblies/Unity.RenderPipelines.Universal.Editor.Tests.dll not valid. Loading of assembly skipped.
Assembly Unity.RenderPipelines.Universal.Runtime.Tests.dll at Library/ScriptAssemblies/Unity.RenderPipelines.Universal.Runtime.Tests.dll not valid. Loading of assembly skipped.
Assembly Unity.Searcher.EditorTests.dll at Library/ScriptAssemblies/Unity.Searcher.EditorTests.dll not valid. Loading of assembly skipped.
Assembly Unity.Settings.Tests.dll at Library/ScriptAssemblies/Unity.Settings.Tests.dll not valid. Loading of assembly skipped.
Assembly Unity.ShaderGraph.Editor.Tests.dll at Library/ScriptAssemblies/Unity.ShaderGraph.Editor.Tests.dll not valid. Loading of assembly skipped.
Assembly Unity.TextMeshPro.Editor.Tests.dll at Library/ScriptAssemblies/Unity.TextMeshPro.Editor.Tests.dll not valid. Loading of assembly skipped.
Assembly Unity.TextMeshPro.Tests.dll at Library/ScriptAssemblies/Unity.TextMeshPro.Tests.dll not valid. Loading of assembly skipped.
Assembly Unity.UnifiedRayTracing.Editor.Tests.dll at Library/ScriptAssemblies/Unity.UnifiedRayTracing.Editor.Tests.dll not valid. Loading of assembly skipped.
Assembly UnityEditor.UI.Common.Tests.dll at Library/ScriptAssemblies/UnityEditor.UI.Common.Tests.dll not valid. Loading of assembly skipped.
Assembly UnityEditor.UI.EditorTests.dll at Library/ScriptAssemblies/UnityEditor.UI.EditorTests.dll not valid. Loading of assembly skipped.
Assembly UnityEngine.UI.Tests.dll at Library/ScriptAssemblies/UnityEngine.UI.Tests.dll not valid. Loading of assembly skipped.
Native extension for WindowsStandalone target not found
Native extension for WebGL target not found
[Package Manager] Failed to launch server process. Reason: Unity was launched with the -noUpm command-line argument
[Package Manager] Unable to send message (not connected to server process).
[Package Manager] Cannot connect to Unity Package Manager local server
[Package Manager] Failed to launch server process. Reason: Unity was launched with the -noUpm command-line argument
[Package Manager] Unable to send message (not connected to server process).
[Package Manager] Cannot connect to Unity Package Manager local server
[Package Manager] Failed to launch server process. Reason: Unity was launched with the -noUpm command-line argument
[Package Manager] Unable to send message (not connected to server process).
[Package Manager] Cannot connect to Unity Package Manager local server
[MODES] ModeService[none].Initialize
[MODES] ModeService[none].LoadModes
ScheduleIndexationOnStartup MainProcess:False IndexOnStartup:True
Mono: successfully reloaded assembly
- Finished resetting the current domain, in  0.591 seconds
Domain Reload Profiling: 2235ms
	BeginReloadAssembly (1199ms)
		DisableScriptedObjects (4ms)
		CreateAndSetChildDomain (1052ms)
	RebuildCommonClasses (35ms)
	RebuildNativeTypeToScriptingClass (14ms)
	initialDomainReloadingComplete (44ms)
	LoadAllAssembliesAndSetupDomain (352ms)
		LoadAssemblies (277ms)
		AnalyzeDomain (159ms)
			TypeCache.Refresh (7ms)
			BuildScriptInfoCaches (141ms)
			ResolveRequiredComponents (10ms)
	FinalizeReload (591ms)
		SetupLoadedEditorAssemblies (0ms)
			BeforeProcessingInitializeOnLoad (124ms)
			ProcessInitializeOnLoadAttributes (179ms)
			ProcessInitializeOnLoadMethodAttributes (112ms)
			AfterProcessingInitializeOnLoad (4ms)
		AwakeInstancesAfterBackupRestoration (14ms)
Unloading 25 Unused Serialized files (Serialized files now loaded: 0)
Unloading 6503 unused Assets / (5.5 MB). Loaded Objects now: 7400.
Memory consumption went from 191.0 MB to 185.5 MB.
Total: 8.076800 ms (FindLiveObjects: 0.564800 ms CreateObjectMapping: 0.640300 ms MarkObjects: 4.260600 ms  DeleteObjects: 2.609700 ms)

Prepare: number of updated asset objects reloaded= 0
========================================================================
Received Prepare
Begin MonoManager ReloadAssembly
[Licensing::Client] Successfully resolved entitlement details
ADTM: Control thread waiting for realtime thread timed out, have to lock...
Assembly Assembly-CSharp-Editor-firstpass.dll at Library/ScriptAssemblies/Assembly-CSharp-Editor-firstpass.dll not valid. Loading of assembly skipped.
Assembly Assembly-CSharp-firstpass.dll at Library/ScriptAssemblies/Assembly-CSharp-firstpass.dll not valid. Loading of assembly skipped.
Assembly DocCodeExamples.dll at Library/ScriptAssemblies/DocCodeExamples.dll not valid. Loading of assembly skipped.
Assembly TestNewCustomAssembly.dll at Library/ScriptAssemblies/TestNewCustomAssembly.dll not valid. Loading of assembly skipped.
Assembly Unity.Collections.BurstCompatibilityGen.dll at Library/ScriptAssemblies/Unity.Collections.BurstCompatibilityGen.dll not valid. Loading of assembly skipped.
Assembly Unity.Collections.DocCodeSamples.dll at Library/ScriptAssemblies/Unity.Collections.DocCodeSamples.dll not valid. Loading of assembly skipped.
Assembly Unity.Collections.PerformanceTests.dll at Library/ScriptAssemblies/Unity.Collections.PerformanceTests.dll not valid. Loading of assembly skipped.
Assembly Unity.Collections.Tests.dll at Library/ScriptAssemblies/Unity.Collections.Tests.dll not valid. Loading of assembly skipped.
Assembly Unity.Collections.Tests.Playmode.dll at Library/ScriptAssemblies/Unity.Collections.Tests.Playmode.dll not valid. Loading of assembly skipped.
Assembly Unity.InputSystem.IntegrationTests.dll at Library/ScriptAssemblies/Unity.InputSystem.IntegrationTests.dll not valid. Loading of assembly skipped.
Assembly Unity.Mathematics.Tests.dll at Library/ScriptAssemblies/Unity.Mathematics.Tests.dll not valid. Loading of assembly skipped.
Assembly Unity.Multiplayer.Center.Editor.Tests.dll at Library/ScriptAssemblies/Unity.Multiplayer.Center.Editor.Tests.dll not valid. Loading of assembly skipped.
Assembly Unity.Multiplayer.Center.Tests.dll at Library/ScriptAssemblies/Unity.Multiplayer.Center.Tests.dll not valid. Loading of assembly skipped.
Assembly Unity.Nuget.Mono-Cecil.dll at Library/ScriptAssemblies/Unity.Nuget.Mono-Cecil.dll not valid. Loading of assembly skipped.
Assembly Unity.PathTracing.Editor.Tests.dll at Library/ScriptAssemblies/Unity.PathTracing.Editor.Tests.dll not valid. Loading of assembly skipped.
Assembly Unity.PathTracing.Runtime.Tests.dll at Library/ScriptAssemblies/Unity.PathTracing.Runtime.Tests.dll not valid. Loading of assembly skipped.
Assembly Unity.RenderPipelines.Core.Editor.Tests.dll at Library/ScriptAssemblies/Unity.RenderPipelines.Core.Editor.Tests.dll not valid. Loading of assembly skipped.
Assembly Unity.RenderPipelines.Core.Runtime.Tests.dll at Library/ScriptAssemblies/Unity.RenderPipelines.Core.Runtime.Tests.dll not valid. Loading of assembly skipped.
Assembly Unity.RenderPipelines.Universal.Config.Editor.Tests.dll at Library/ScriptAssemblies/Unity.RenderPipelines.Universal.Config.Editor.Tests.dll not valid. Loading of assembly skipped.
Assembly Unity.RenderPipelines.Universal.Editor.Tests.dll at Library/ScriptAssemblies/Unity.RenderPipelines.Universal.Editor.Tests.dll not valid. Loading of assembly skipped.
Assembly Unity.RenderPipelines.Universal.Runtime.Tests.dll at Library/ScriptAssemblies/Unity.RenderPipelines.Universal.Runtime.Tests.dll not valid. Loading of assembly skipped.
Assembly Unity.Searcher.EditorTests.dll at Library/ScriptAssemblies/Unity.Searcher.EditorTests.dll not valid. Loading of assembly skipped.
Assembly Unity.Settings.Tests.dll at Library/ScriptAssemblies/Unity.Settings.Tests.dll not valid. Loading of assembly skipped.
Assembly Unity.ShaderGraph.Editor.Tests.dll at Library/ScriptAssemblies/Unity.ShaderGraph.Editor.Tests.dll not valid. Loading of assembly skipped.
Assembly Unity.TextMeshPro.Editor.Tests.dll at Library/ScriptAssemblies/Unity.TextMeshPro.Editor.Tests.dll not valid. Loading of assembly skipped.
Assembly Unity.TextMeshPro.Tests.dll at Library/ScriptAssemblies/Unity.TextMeshPro.Tests.dll not valid. Loading of assembly skipped.
Assembly Unity.UnifiedRayTracing.Editor.Tests.dll at Library/ScriptAssemblies/Unity.UnifiedRayTracing.Editor.Tests.dll not valid. Loading of assembly skipped.
Assembly UnityEditor.UI.Common.Tests.dll at Library/ScriptAssemblies/UnityEditor.UI.Common.Tests.dll not valid. Loading of assembly skipped.
Assembly UnityEditor.UI.EditorTests.dll at Library/ScriptAssemblies/UnityEditor.UI.EditorTests.dll not valid. Loading of assembly skipped.
Assembly UnityEngine.UI.Tests.dll at Library/ScriptAssemblies/UnityEngine.UI.Tests.dll not valid. Loading of assembly skipped.
Native extension for WindowsStandalone target not found
Native extension for WebGL target not found
[Package Manager] Failed to launch server process. Reason: Unity was launched with the -noUpm command-line argument
[Package Manager] Unable to send message (not connected to server process).
[Package Manager] Cannot connect to Unity Package Manager local server
[Package Manager] Failed to launch server process. Reason: Unity was launched with the -noUpm command-line argument
[Package Manager] Unable to send message (not connected to server process).
[Package Manager] Cannot connect to Unity Package Manager local server
[Package Manager] Failed to launch server process. Reason: Unity was launched with the -noUpm command-line argument
[Package Manager] Unable to send message (not connected to server process).
[Package Manager] Cannot connect to Unity Package Manager local server
[MODES] ModeService[none].Initialize
[MODES] ModeService[none].LoadModes
ScheduleIndexationOnStartup MainProcess:False IndexOnStartup:True
Mono: successfully reloaded assembly
- Finished resetting the current domain, in  0.656 seconds
Domain Reload Profiling: 2211ms
	BeginReloadAssembly (1157ms)
		DisableScriptedObjects (4ms)
		CreateAndSetChildDomain (1031ms)
	RebuildCommonClasses (31ms)
	RebuildNativeTypeToScriptingClass (9ms)
	initialDomainReloadingComplete (36ms)
	LoadAllAssembliesAndSetupDomain (320ms)
		LoadAssemblies (241ms)
		AnalyzeDomain (143ms)
			TypeCache.Refresh (6ms)
			BuildScriptInfoCaches (127ms)
			ResolveRequiredComponents (9ms)
	FinalizeReload (657ms)
		SetupLoadedEditorAssemblies (0ms)
			BeforeProcessingInitializeOnLoad (122ms)
			ProcessInitializeOnLoadAttributes (216ms)
			ProcessInitializeOnLoadMethodAttributes (130ms)
			AfterProcessingInitializeOnLoad (5ms)
		AwakeInstancesAfterBackupRestoration (18ms)
Unloading 25 Unused Serialized files (Serialized files now loaded: 0)
Unloading 6503 unused Assets / (5.5 MB). Loaded Objects now: 7402.
Memory consumption went from 195.0 MB to 189.5 MB.
Total: 7.894000 ms (FindLiveObjects: 0.589700 ms CreateObjectMapping: 0.483000 ms MarkObjects: 4.349400 ms  DeleteObjects: 2.470500 ms)

Prepare: number of updated asset objects reloaded= 0
========================================================================
Received Prepare
Begin MonoManager ReloadAssembly
ADTM: Control thread waiting for realtime thread timed out, have to lock...
Assembly Assembly-CSharp-Editor-firstpass.dll at Library/ScriptAssemblies/Assembly-CSharp-Editor-firstpass.dll not valid. Loading of assembly skipped.
Assembly Assembly-CSharp-firstpass.dll at Library/ScriptAssemblies/Assembly-CSharp-firstpass.dll not valid. Loading of assembly skipped.
Assembly DocCodeExamples.dll at Library/ScriptAssemblies/DocCodeExamples.dll not valid. Loading of assembly skipped.
Assembly TestNewCustomAssembly.dll at Library/ScriptAssemblies/TestNewCustomAssembly.dll not valid. Loading of assembly skipped.
Assembly Unity.Collections.BurstCompatibilityGen.dll at Library/ScriptAssemblies/Unity.Collections.BurstCompatibilityGen.dll not valid. Loading of assembly skipped.
Assembly Unity.Collections.DocCodeSamples.dll at Library/ScriptAssemblies/Unity.Collections.DocCodeSamples.dll not valid. Loading of assembly skipped.
Assembly Unity.Collections.PerformanceTests.dll at Library/ScriptAssemblies/Unity.Collections.PerformanceTests.dll not valid. Loading of assembly skipped.
Assembly Unity.Collections.Tests.dll at Library/ScriptAssemblies/Unity.Collections.Tests.dll not valid. Loading of assembly skipped.
Assembly Unity.Collections.Tests.Playmode.dll at Library/ScriptAssemblies/Unity.Collections.Tests.Playmode.dll not valid. Loading of assembly skipped.
Assembly Unity.InputSystem.IntegrationTests.dll at Library/ScriptAssemblies/Unity.InputSystem.IntegrationTests.dll not valid. Loading of assembly skipped.
Assembly Unity.Mathematics.Tests.dll at Library/ScriptAssemblies/Unity.Mathematics.Tests.dll not valid. Loading of assembly skipped.
Assembly Unity.Multiplayer.Center.Editor.Tests.dll at Library/ScriptAssemblies/Unity.Multiplayer.Center.Editor.Tests.dll not valid. Loading of assembly skipped.
Assembly Unity.Multiplayer.Center.Tests.dll at Library/ScriptAssemblies/Unity.Multiplayer.Center.Tests.dll not valid. Loading of assembly skipped.
Assembly Unity.Nuget.Mono-Cecil.dll at Library/ScriptAssemblies/Unity.Nuget.Mono-Cecil.dll not valid. Loading of assembly skipped.
Assembly Unity.PathTracing.Editor.Tests.dll at Library/ScriptAssemblies/Unity.PathTracing.Editor.Tests.dll not valid. Loading of assembly skipped.
Assembly Unity.PathTracing.Runtime.Tests.dll at Library/ScriptAssemblies/Unity.PathTracing.Runtime.Tests.dll not valid. Loading of assembly skipped.
Assembly Unity.RenderPipelines.Core.Editor.Tests.dll at Library/ScriptAssemblies/Unity.RenderPipelines.Core.Editor.Tests.dll not valid. Loading of assembly skipped.
Assembly Unity.RenderPipelines.Core.Runtime.Tests.dll at Library/ScriptAssemblies/Unity.RenderPipelines.Core.Runtime.Tests.dll not valid. Loading of assembly skipped.
Assembly Unity.RenderPipelines.Universal.Config.Editor.Tests.dll at Library/ScriptAssemblies/Unity.RenderPipelines.Universal.Config.Editor.Tests.dll not valid. Loading of assembly skipped.
Assembly Unity.RenderPipelines.Universal.Editor.Tests.dll at Library/ScriptAssemblies/Unity.RenderPipelines.Universal.Editor.Tests.dll not valid. Loading of assembly skipped.
Assembly Unity.RenderPipelines.Universal.Runtime.Tests.dll at Library/ScriptAssemblies/Unity.RenderPipelines.Universal.Runtime.Tests.dll not valid. Loading of assembly skipped.
Assembly Unity.Searcher.EditorTests.dll at Library/ScriptAssemblies/Unity.Searcher.EditorTests.dll not valid. Loading of assembly skipped.
Assembly Unity.Settings.Tests.dll at Library/ScriptAssemblies/Unity.Settings.Tests.dll not valid. Loading of assembly skipped.
Assembly Unity.ShaderGraph.Editor.Tests.dll at Library/ScriptAssemblies/Unity.ShaderGraph.Editor.Tests.dll not valid. Loading of assembly skipped.
Assembly Unity.TextMeshPro.Editor.Tests.dll at Library/ScriptAssemblies/Unity.TextMeshPro.Editor.Tests.dll not valid. Loading of assembly skipped.
Assembly Unity.TextMeshPro.Tests.dll at Library/ScriptAssemblies/Unity.TextMeshPro.Tests.dll not valid. Loading of assembly skipped.
Assembly Unity.UnifiedRayTracing.Editor.Tests.dll at Library/ScriptAssemblies/Unity.UnifiedRayTracing.Editor.Tests.dll not valid. Loading of assembly skipped.
Assembly UnityEditor.UI.Common.Tests.dll at Library/ScriptAssemblies/UnityEditor.UI.Common.Tests.dll not valid. Loading of assembly skipped.
Assembly UnityEditor.UI.EditorTests.dll at Library/ScriptAssemblies/UnityEditor.UI.EditorTests.dll not valid. Loading of assembly skipped.
Assembly UnityEngine.UI.Tests.dll at Library/ScriptAssemblies/UnityEngine.UI.Tests.dll not valid. Loading of assembly skipped.
Native extension for WindowsStandalone target not found
Native extension for WebGL target not found
[Package Manager] Failed to launch server process. Reason: Unity was launched with the -noUpm command-line argument
[Package Manager] Unable to send message (not connected to server process).
[Package Manager] Cannot connect to Unity Package Manager local server
[Package Manager] Failed to launch server process. Reason: Unity was launched with the -noUpm command-line argument
[Package Manager] Unable to send message (not connected to server process).
[Package Manager] Cannot connect to Unity Package Manager local server
[Package Manager] Failed to launch server process. Reason: Unity was launched with the -noUpm command-line argument
[Package Manager] Unable to send message (not connected to server process).
[Package Manager] Cannot connect to Unity Package Manager local server
[MODES] ModeService[none].Initialize
[MODES] ModeService[none].LoadModes
ScheduleIndexationOnStartup MainProcess:False IndexOnStartup:True
Mono: successfully reloaded assembly
- Finished resetting the current domain, in  0.652 seconds
Domain Reload Profiling: 2306ms
	BeginReloadAssembly (1173ms)
		DisableScriptedObjects (4ms)
		CreateAndSetChildDomain (1043ms)
	RebuildCommonClasses (35ms)
	RebuildNativeTypeToScriptingClass (11ms)
	initialDomainReloadingComplete (49ms)
	LoadAllAssembliesAndSetupDomain (387ms)
		LoadAssemblies (275ms)
		AnalyzeDomain (181ms)
			TypeCache.Refresh (7ms)
			BuildScriptInfoCaches (161ms)
			ResolveRequiredComponents (12ms)
	FinalizeReload (652ms)
		SetupLoadedEditorAssemblies (0ms)
			InitializePlatformSupportModulesInManaged (3ms)
			BeforeProcessingInitializeOnLoad (141ms)
			ProcessInitializeOnLoadAttributes (200ms)
			ProcessInitializeOnLoadMethodAttributes (117ms)
			AfterProcessingInitializeOnLoad (4ms)
		AwakeInstancesAfterBackupRestoration (12ms)
Unloading 25 Unused Serialized files (Serialized files now loaded: 0)
Unloading 6503 unused Assets / (5.4 MB). Loaded Objects now: 7404.
Memory consumption went from 198.9 MB to 193.5 MB.
Total: 6.581400 ms (FindLiveObjects: 0.525700 ms CreateObjectMapping: 0.319700 ms MarkObjects: 3.772100 ms  DeleteObjects: 1.962000 ms)

Prepare: number of updated asset objects reloaded= 0
========================================================================
Received Prepare
Begin MonoManager ReloadAssembly
ADTM: Control thread waiting for realtime thread timed out, have to lock...
Assembly Assembly-CSharp-Editor-firstpass.dll at Library/ScriptAssemblies/Assembly-CSharp-Editor-firstpass.dll not valid. Loading of assembly skipped.
Assembly Assembly-CSharp-firstpass.dll at Library/ScriptAssemblies/Assembly-CSharp-firstpass.dll not valid. Loading of assembly skipped.
Assembly DocCodeExamples.dll at Library/ScriptAssemblies/DocCodeExamples.dll not valid. Loading of assembly skipped.
Assembly TestNewCustomAssembly.dll at Library/ScriptAssemblies/TestNewCustomAssembly.dll not valid. Loading of assembly skipped.
Assembly Unity.Collections.BurstCompatibilityGen.dll at Library/ScriptAssemblies/Unity.Collections.BurstCompatibilityGen.dll not valid. Loading of assembly skipped.
Assembly Unity.Collections.DocCodeSamples.dll at Library/ScriptAssemblies/Unity.Collections.DocCodeSamples.dll not valid. Loading of assembly skipped.
Assembly Unity.Collections.PerformanceTests.dll at Library/ScriptAssemblies/Unity.Collections.PerformanceTests.dll not valid. Loading of assembly skipped.
Assembly Unity.Collections.Tests.dll at Library/ScriptAssemblies/Unity.Collections.Tests.dll not valid. Loading of assembly skipped.
Assembly Unity.Collections.Tests.Playmode.dll at Library/ScriptAssemblies/Unity.Collections.Tests.Playmode.dll not valid. Loading of assembly skipped.
Assembly Unity.InputSystem.IntegrationTests.dll at Library/ScriptAssemblies/Unity.InputSystem.IntegrationTests.dll not valid. Loading of assembly skipped.
Assembly Unity.Mathematics.Tests.dll at Library/ScriptAssemblies/Unity.Mathematics.Tests.dll not valid. Loading of assembly skipped.
Assembly Unity.Multiplayer.Center.Editor.Tests.dll at Library/ScriptAssemblies/Unity.Multiplayer.Center.Editor.Tests.dll not valid. Loading of assembly skipped.
Assembly Unity.Multiplayer.Center.Tests.dll at Library/ScriptAssemblies/Unity.Multiplayer.Center.Tests.dll not valid. Loading of assembly skipped.
Assembly Unity.Nuget.Mono-Cecil.dll at Library/ScriptAssemblies/Unity.Nuget.Mono-Cecil.dll not valid. Loading of assembly skipped.
Assembly Unity.PathTracing.Editor.Tests.dll at Library/ScriptAssemblies/Unity.PathTracing.Editor.Tests.dll not valid. Loading of assembly skipped.
Assembly Unity.PathTracing.Runtime.Tests.dll at Library/ScriptAssemblies/Unity.PathTracing.Runtime.Tests.dll not valid. Loading of assembly skipped.
Assembly Unity.RenderPipelines.Core.Editor.Tests.dll at Library/ScriptAssemblies/Unity.RenderPipelines.Core.Editor.Tests.dll not valid. Loading of assembly skipped.
Assembly Unity.RenderPipelines.Core.Runtime.Tests.dll at Library/ScriptAssemblies/Unity.RenderPipelines.Core.Runtime.Tests.dll not valid. Loading of assembly skipped.
Assembly Unity.RenderPipelines.Universal.Config.Editor.Tests.dll at Library/ScriptAssemblies/Unity.RenderPipelines.Universal.Config.Editor.Tests.dll not valid. Loading of assembly skipped.
Assembly Unity.RenderPipelines.Universal.Editor.Tests.dll at Library/ScriptAssemblies/Unity.RenderPipelines.Universal.Editor.Tests.dll not valid. Loading of assembly skipped.
Assembly Unity.RenderPipelines.Universal.Runtime.Tests.dll at Library/ScriptAssemblies/Unity.RenderPipelines.Universal.Runtime.Tests.dll not valid. Loading of assembly skipped.
Assembly Unity.Searcher.EditorTests.dll at Library/ScriptAssemblies/Unity.Searcher.EditorTests.dll not valid. Loading of assembly skipped.
Assembly Unity.Settings.Tests.dll at Library/ScriptAssemblies/Unity.Settings.Tests.dll not valid. Loading of assembly skipped.
Assembly Unity.ShaderGraph.Editor.Tests.dll at Library/ScriptAssemblies/Unity.ShaderGraph.Editor.Tests.dll not valid. Loading of assembly skipped.
Assembly Unity.TextMeshPro.Editor.Tests.dll at Library/ScriptAssemblies/Unity.TextMeshPro.Editor.Tests.dll not valid. Loading of assembly skipped.
Assembly Unity.TextMeshPro.Tests.dll at Library/ScriptAssemblies/Unity.TextMeshPro.Tests.dll not valid. Loading of assembly skipped.
Assembly Unity.UnifiedRayTracing.Editor.Tests.dll at Library/ScriptAssemblies/Unity.UnifiedRayTracing.Editor.Tests.dll not valid. Loading of assembly skipped.
Assembly UnityEditor.UI.Common.Tests.dll at Library/ScriptAssemblies/UnityEditor.UI.Common.Tests.dll not valid. Loading of assembly skipped.
Assembly UnityEditor.UI.EditorTests.dll at Library/ScriptAssemblies/UnityEditor.UI.EditorTests.dll not valid. Loading of assembly skipped.
Assembly UnityEngine.UI.Tests.dll at Library/ScriptAssemblies/UnityEngine.UI.Tests.dll not valid. Loading of assembly skipped.
Native extension for WindowsStandalone target not found
Native extension for WebGL target not found
[Package Manager] Failed to launch server process. Reason: Unity was launched with the -noUpm command-line argument
[Package Manager] Unable to send message (not connected to server process).
[Package Manager] Cannot connect to Unity Package Manager local server
[Package Manager] Failed to launch server process. Reason: Unity was launched with the -noUpm command-line argument
[Package Manager] Unable to send message (not connected to server process).
[Package Manager] Cannot connect to Unity Package Manager local server
[Package Manager] Failed to launch server process. Reason: Unity was launched with the -noUpm command-line argument
[Package Manager] Unable to send message (not connected to server process).
[Package Manager] Cannot connect to Unity Package Manager local server
[MODES] ModeService[none].Initialize
[MODES] ModeService[none].LoadModes
ScheduleIndexationOnStartup MainProcess:False IndexOnStartup:True
Mono: successfully reloaded assembly
- Finished resetting the current domain, in  0.663 seconds
Domain Reload Profiling: 2327ms
	BeginReloadAssembly (1171ms)
		DisableScriptedObjects (4ms)
		CreateAndSetChildDomain (1040ms)
	RebuildCommonClasses (36ms)
	RebuildNativeTypeToScriptingClass (11ms)
	initialDomainReloadingComplete (55ms)
	LoadAllAssembliesAndSetupDomain (391ms)
		LoadAssemblies (280ms)
		AnalyzeDomain (179ms)
			TypeCache.Refresh (7ms)
			BuildScriptInfoCaches (159ms)
			ResolveRequiredComponents (12ms)
	FinalizeReload (664ms)
		SetupLoadedEditorAssemblies (0ms)
			InitializePlatformSupportModulesInManaged (3ms)
			BeforeProcessingInitializeOnLoad (142ms)
			ProcessInitializeOnLoadAttributes (209ms)
			ProcessInitializeOnLoadMethodAttributes (119ms)
			AfterProcessingInitializeOnLoad (5ms)
		AwakeInstancesAfterBackupRestoration (13ms)
Unloading 25 Unused Serialized files (Serialized files now loaded: 0)
Unloading 6503 unused Assets / (5.7 MB). Loaded Objects now: 7406.
Memory consumption went from 202.9 MB to 197.1 MB.
Total: 6.945400 ms (FindLiveObjects: 0.490400 ms CreateObjectMapping: 0.325600 ms MarkObjects: 3.883700 ms  DeleteObjects: 2.244000 ms)

Prepare: number of updated asset objects reloaded= 0
========================================================================
Received Prepare
Begin MonoManager ReloadAssembly
ADTM: Control thread waiting for realtime thread timed out, have to lock...
Assembly Assembly-CSharp-Editor-firstpass.dll at Library/ScriptAssemblies/Assembly-CSharp-Editor-firstpass.dll not valid. Loading of assembly skipped.
Assembly Assembly-CSharp-firstpass.dll at Library/ScriptAssemblies/Assembly-CSharp-firstpass.dll not valid. Loading of assembly skipped.
Assembly DocCodeExamples.dll at Library/ScriptAssemblies/DocCodeExamples.dll not valid. Loading of assembly skipped.
Assembly TestNewCustomAssembly.dll at Library/ScriptAssemblies/TestNewCustomAssembly.dll not valid. Loading of assembly skipped.
Assembly Unity.Collections.BurstCompatibilityGen.dll at Library/ScriptAssemblies/Unity.Collections.BurstCompatibilityGen.dll not valid. Loading of assembly skipped.
Assembly Unity.Collections.DocCodeSamples.dll at Library/ScriptAssemblies/Unity.Collections.DocCodeSamples.dll not valid. Loading of assembly skipped.
Assembly Unity.Collections.PerformanceTests.dll at Library/ScriptAssemblies/Unity.Collections.PerformanceTests.dll not valid. Loading of assembly skipped.
Assembly Unity.Collections.Tests.dll at Library/ScriptAssemblies/Unity.Collections.Tests.dll not valid. Loading of assembly skipped.
Assembly Unity.Collections.Tests.Playmode.dll at Library/ScriptAssemblies/Unity.Collections.Tests.Playmode.dll not valid. Loading of assembly skipped.
Assembly Unity.InputSystem.IntegrationTests.dll at Library/ScriptAssemblies/Unity.InputSystem.IntegrationTests.dll not valid. Loading of assembly skipped.
Assembly Unity.Mathematics.Tests.dll at Library/ScriptAssemblies/Unity.Mathematics.Tests.dll not valid. Loading of assembly skipped.
Assembly Unity.Multiplayer.Center.Editor.Tests.dll at Library/ScriptAssemblies/Unity.Multiplayer.Center.Editor.Tests.dll not valid. Loading of assembly skipped.
Assembly Unity.Multiplayer.Center.Tests.dll at Library/ScriptAssemblies/Unity.Multiplayer.Center.Tests.dll not valid. Loading of assembly skipped.
Assembly Unity.Nuget.Mono-Cecil.dll at Library/ScriptAssemblies/Unity.Nuget.Mono-Cecil.dll not valid. Loading of assembly skipped.
Assembly Unity.PathTracing.Editor.Tests.dll at Library/ScriptAssemblies/Unity.PathTracing.Editor.Tests.dll not valid. Loading of assembly skipped.
Assembly Unity.PathTracing.Runtime.Tests.dll at Library/ScriptAssemblies/Unity.PathTracing.Runtime.Tests.dll not valid. Loading of assembly skipped.
Assembly Unity.RenderPipelines.Core.Editor.Tests.dll at Library/ScriptAssemblies/Unity.RenderPipelines.Core.Editor.Tests.dll not valid. Loading of assembly skipped.
Assembly Unity.RenderPipelines.Core.Runtime.Tests.dll at Library/ScriptAssemblies/Unity.RenderPipelines.Core.Runtime.Tests.dll not valid. Loading of assembly skipped.
Assembly Unity.RenderPipelines.Universal.Config.Editor.Tests.dll at Library/ScriptAssemblies/Unity.RenderPipelines.Universal.Config.Editor.Tests.dll not valid. Loading of assembly skipped.
Assembly Unity.RenderPipelines.Universal.Editor.Tests.dll at Library/ScriptAssemblies/Unity.RenderPipelines.Universal.Editor.Tests.dll not valid. Loading of assembly skipped.
Assembly Unity.RenderPipelines.Universal.Runtime.Tests.dll at Library/ScriptAssemblies/Unity.RenderPipelines.Universal.Runtime.Tests.dll not valid. Loading of assembly skipped.
Assembly Unity.Searcher.EditorTests.dll at Library/ScriptAssemblies/Unity.Searcher.EditorTests.dll not valid. Loading of assembly skipped.
Assembly Unity.Settings.Tests.dll at Library/ScriptAssemblies/Unity.Settings.Tests.dll not valid. Loading of assembly skipped.
Assembly Unity.ShaderGraph.Editor.Tests.dll at Library/ScriptAssemblies/Unity.ShaderGraph.Editor.Tests.dll not valid. Loading of assembly skipped.
Assembly Unity.TextMeshPro.Editor.Tests.dll at Library/ScriptAssemblies/Unity.TextMeshPro.Editor.Tests.dll not valid. Loading of assembly skipped.
Assembly Unity.TextMeshPro.Tests.dll at Library/ScriptAssemblies/Unity.TextMeshPro.Tests.dll not valid. Loading of assembly skipped.
Assembly Unity.UnifiedRayTracing.Editor.Tests.dll at Library/ScriptAssemblies/Unity.UnifiedRayTracing.Editor.Tests.dll not valid. Loading of assembly skipped.
Assembly UnityEditor.UI.Common.Tests.dll at Library/ScriptAssemblies/UnityEditor.UI.Common.Tests.dll not valid. Loading of assembly skipped.
Assembly UnityEditor.UI.EditorTests.dll at Library/ScriptAssemblies/UnityEditor.UI.EditorTests.dll not valid. Loading of assembly skipped.
Assembly UnityEngine.UI.Tests.dll at Library/ScriptAssemblies/UnityEngine.UI.Tests.dll not valid. Loading of assembly skipped.
Native extension for WindowsStandalone target not found
Native extension for WebGL target not found
[Package Manager] Failed to launch server process. Reason: Unity was launched with the -noUpm command-line argument
[Package Manager] Unable to send message (not connected to server process).
[Package Manager] Cannot connect to Unity Package Manager local server
[Package Manager] Failed to launch server process. Reason: Unity was launched with the -noUpm command-line argument
[Package Manager] Unable to send message (not connected to server process).
[Package Manager] Cannot connect to Unity Package Manager local server
[Package Manager] Failed to launch server process. Reason: Unity was launched with the -noUpm command-line argument
[Package Manager] Unable to send message (not connected to server process).
[Package Manager] Cannot connect to Unity Package Manager local server
[MODES] ModeService[none].Initialize
[MODES] ModeService[none].LoadModes
ScheduleIndexationOnStartup MainProcess:False IndexOnStartup:True
Mono: successfully reloaded assembly
- Finished resetting the current domain, in  0.630 seconds
Domain Reload Profiling: 2245ms
	BeginReloadAssembly (1163ms)
		DisableScriptedObjects (4ms)
		CreateAndSetChildDomain (1036ms)
	RebuildCommonClasses (32ms)
	RebuildNativeTypeToScriptingClass (14ms)
	initialDomainReloadingComplete (49ms)
	LoadAllAssembliesAndSetupDomain (357ms)
		LoadAssemblies (263ms)
		AnalyzeDomain (159ms)
			TypeCache.Refresh (6ms)
			BuildScriptInfoCaches (142ms)
			ResolveRequiredComponents (9ms)
	FinalizeReload (630ms)
		SetupLoadedEditorAssemblies (0ms)
			InitializePlatformSupportModulesInManaged (3ms)
			BeforeProcessingInitializeOnLoad (140ms)
			ProcessInitializeOnLoadAttributes (172ms)
			ProcessInitializeOnLoadMethodAttributes (113ms)
			AfterProcessingInitializeOnLoad (4ms)
		AwakeInstancesAfterBackupRestoration (14ms)
Unloading 25 Unused Serialized files (Serialized files now loaded: 0)
Unloading 6503 unused Assets / (5.5 MB). Loaded Objects now: 7408.
Memory consumption went from 206.8 MB to 201.4 MB.
Total: 7.166600 ms (FindLiveObjects: 0.613700 ms CreateObjectMapping: 0.363300 ms MarkObjects: 3.794800 ms  DeleteObjects: 2.393000 ms)

Prepare: number of updated asset objects reloaded= 0
========================================================================
Received Prepare
Begin MonoManager ReloadAssembly
[Licensing::Client] Successfully resolved entitlement details
ADTM: Control thread waiting for realtime thread timed out, have to lock...
Assembly Assembly-CSharp-Editor-firstpass.dll at Library/ScriptAssemblies/Assembly-CSharp-Editor-firstpass.dll not valid. Loading of assembly skipped.
Assembly Assembly-CSharp-firstpass.dll at Library/ScriptAssemblies/Assembly-CSharp-firstpass.dll not valid. Loading of assembly skipped.
Assembly DocCodeExamples.dll at Library/ScriptAssemblies/DocCodeExamples.dll not valid. Loading of assembly skipped.
Assembly TestNewCustomAssembly.dll at Library/ScriptAssemblies/TestNewCustomAssembly.dll not valid. Loading of assembly skipped.
Assembly Unity.Collections.BurstCompatibilityGen.dll at Library/ScriptAssemblies/Unity.Collections.BurstCompatibilityGen.dll not valid. Loading of assembly skipped.
Assembly Unity.Collections.DocCodeSamples.dll at Library/ScriptAssemblies/Unity.Collections.DocCodeSamples.dll not valid. Loading of assembly skipped.
Assembly Unity.Collections.PerformanceTests.dll at Library/ScriptAssemblies/Unity.Collections.PerformanceTests.dll not valid. Loading of assembly skipped.
Assembly Unity.Collections.Tests.dll at Library/ScriptAssemblies/Unity.Collections.Tests.dll not valid. Loading of assembly skipped.
Assembly Unity.Collections.Tests.Playmode.dll at Library/ScriptAssemblies/Unity.Collections.Tests.Playmode.dll not valid. Loading of assembly skipped.
Assembly Unity.InputSystem.IntegrationTests.dll at Library/ScriptAssemblies/Unity.InputSystem.IntegrationTests.dll not valid. Loading of assembly skipped.
Assembly Unity.Mathematics.Tests.dll at Library/ScriptAssemblies/Unity.Mathematics.Tests.dll not valid. Loading of assembly skipped.
Assembly Unity.Multiplayer.Center.Editor.Tests.dll at Library/ScriptAssemblies/Unity.Multiplayer.Center.Editor.Tests.dll not valid. Loading of assembly skipped.
Assembly Unity.Multiplayer.Center.Tests.dll at Library/ScriptAssemblies/Unity.Multiplayer.Center.Tests.dll not valid. Loading of assembly skipped.
Assembly Unity.Nuget.Mono-Cecil.dll at Library/ScriptAssemblies/Unity.Nuget.Mono-Cecil.dll not valid. Loading of assembly skipped.
Assembly Unity.PathTracing.Editor.Tests.dll at Library/ScriptAssemblies/Unity.PathTracing.Editor.Tests.dll not valid. Loading of assembly skipped.
Assembly Unity.PathTracing.Runtime.Tests.dll at Library/ScriptAssemblies/Unity.PathTracing.Runtime.Tests.dll not valid. Loading of assembly skipped.
Assembly Unity.RenderPipelines.Core.Editor.Tests.dll at Library/ScriptAssemblies/Unity.RenderPipelines.Core.Editor.Tests.dll not valid. Loading of assembly skipped.
Assembly Unity.RenderPipelines.Core.Runtime.Tests.dll at Library/ScriptAssemblies/Unity.RenderPipelines.Core.Runtime.Tests.dll not valid. Loading of assembly skipped.
Assembly Unity.RenderPipelines.Universal.Config.Editor.Tests.dll at Library/ScriptAssemblies/Unity.RenderPipelines.Universal.Config.Editor.Tests.dll not valid. Loading of assembly skipped.
Assembly Unity.RenderPipelines.Universal.Editor.Tests.dll at Library/ScriptAssemblies/Unity.RenderPipelines.Universal.Editor.Tests.dll not valid. Loading of assembly skipped.
Assembly Unity.RenderPipelines.Universal.Runtime.Tests.dll at Library/ScriptAssemblies/Unity.RenderPipelines.Universal.Runtime.Tests.dll not valid. Loading of assembly skipped.
Assembly Unity.Searcher.EditorTests.dll at Library/ScriptAssemblies/Unity.Searcher.EditorTests.dll not valid. Loading of assembly skipped.
Assembly Unity.Settings.Tests.dll at Library/ScriptAssemblies/Unity.Settings.Tests.dll not valid. Loading of assembly skipped.
Assembly Unity.ShaderGraph.Editor.Tests.dll at Library/ScriptAssemblies/Unity.ShaderGraph.Editor.Tests.dll not valid. Loading of assembly skipped.
Assembly Unity.TextMeshPro.Editor.Tests.dll at Library/ScriptAssemblies/Unity.TextMeshPro.Editor.Tests.dll not valid. Loading of assembly skipped.
Assembly Unity.TextMeshPro.Tests.dll at Library/ScriptAssemblies/Unity.TextMeshPro.Tests.dll not valid. Loading of assembly skipped.
Assembly Unity.UnifiedRayTracing.Editor.Tests.dll at Library/ScriptAssemblies/Unity.UnifiedRayTracing.Editor.Tests.dll not valid. Loading of assembly skipped.
Assembly UnityEditor.UI.Common.Tests.dll at Library/ScriptAssemblies/UnityEditor.UI.Common.Tests.dll not valid. Loading of assembly skipped.
Assembly UnityEditor.UI.EditorTests.dll at Library/ScriptAssemblies/UnityEditor.UI.EditorTests.dll not valid. Loading of assembly skipped.
Assembly UnityEngine.UI.Tests.dll at Library/ScriptAssemblies/UnityEngine.UI.Tests.dll not valid. Loading of assembly skipped.
Native extension for WindowsStandalone target not found
Native extension for WebGL target not found
[Package Manager] Failed to launch server process. Reason: Unity was launched with the -noUpm command-line argument
[Package Manager] Unable to send message (not connected to server process).
[Package Manager] Cannot connect to Unity Package Manager local server
[Package Manager] Failed to launch server process. Reason: Unity was launched with the -noUpm command-line argument
[Package Manager] Unable to send message (not connected to server process).
[Package Manager] Cannot connect to Unity Package Manager local server
[Package Manager] Failed to launch server process. Reason: Unity was launched with the -noUpm command-line argument
[Package Manager] Unable to send message (not connected to server process).
[Package Manager] Cannot connect to Unity Package Manager local server
[MODES] ModeService[none].Initialize
[MODES] ModeService[none].LoadModes
ScheduleIndexationOnStartup MainProcess:False IndexOnStartup:True
Mono: successfully reloaded assembly
- Finished resetting the current domain, in  0.635 seconds
Domain Reload Profiling: 2257ms
	BeginReloadAssembly (1169ms)
		DisableScriptedObjects (4ms)
		CreateAndSetChildDomain (1040ms)
	RebuildCommonClasses (30ms)
	RebuildNativeTypeToScriptingClass (9ms)
	initialDomainReloadingComplete (39ms)
	LoadAllAssembliesAndSetupDomain (375ms)
		LoadAssemblies (281ms)
		AnalyzeDomain (159ms)
			TypeCache.Refresh (6ms)
			BuildScriptInfoCaches (140ms)
			ResolveRequiredComponents (11ms)
	FinalizeReload (636ms)
		SetupLoadedEditorAssemblies (0ms)
			InitializePlatformSupportModulesInManaged (3ms)
			BeforeProcessingInitializeOnLoad (118ms)
			ProcessInitializeOnLoadAttributes (185ms)
			ProcessInitializeOnLoadMethodAttributes (124ms)
			AfterProcessingInitializeOnLoad (4ms)
		AwakeInstancesAfterBackupRestoration (16ms)
Unloading 25 Unused Serialized files (Serialized files now loaded: 0)
Unloading 6503 unused Assets / (5.7 MB). Loaded Objects now: 7410.
Memory consumption went from 210.8 MB to 205.1 MB.
Total: 7.943600 ms (FindLiveObjects: 0.554300 ms CreateObjectMapping: 0.493400 ms MarkObjects: 4.201900 ms  DeleteObjects: 2.692300 ms)

Prepare: number of updated asset objects reloaded= 0
========================================================================
Received Prepare
Begin MonoManager ReloadAssembly
ADTM: Control thread waiting for realtime thread timed out, have to lock...
Assembly Assembly-CSharp-Editor-firstpass.dll at Library/ScriptAssemblies/Assembly-CSharp-Editor-firstpass.dll not valid. Loading of assembly skipped.
Assembly Assembly-CSharp-firstpass.dll at Library/ScriptAssemblies/Assembly-CSharp-firstpass.dll not valid. Loading of assembly skipped.
Assembly DocCodeExamples.dll at Library/ScriptAssemblies/DocCodeExamples.dll not valid. Loading of assembly skipped.
Assembly TestNewCustomAssembly.dll at Library/ScriptAssemblies/TestNewCustomAssembly.dll not valid. Loading of assembly skipped.
Assembly Unity.Collections.BurstCompatibilityGen.dll at Library/ScriptAssemblies/Unity.Collections.BurstCompatibilityGen.dll not valid. Loading of assembly skipped.
Assembly Unity.Collections.DocCodeSamples.dll at Library/ScriptAssemblies/Unity.Collections.DocCodeSamples.dll not valid. Loading of assembly skipped.
Assembly Unity.Collections.PerformanceTests.dll at Library/ScriptAssemblies/Unity.Collections.PerformanceTests.dll not valid. Loading of assembly skipped.
Assembly Unity.Collections.Tests.dll at Library/ScriptAssemblies/Unity.Collections.Tests.dll not valid. Loading of assembly skipped.
Assembly Unity.Collections.Tests.Playmode.dll at Library/ScriptAssemblies/Unity.Collections.Tests.Playmode.dll not valid. Loading of assembly skipped.
Assembly Unity.InputSystem.IntegrationTests.dll at Library/ScriptAssemblies/Unity.InputSystem.IntegrationTests.dll not valid. Loading of assembly skipped.
Assembly Unity.Mathematics.Tests.dll at Library/ScriptAssemblies/Unity.Mathematics.Tests.dll not valid. Loading of assembly skipped.
Assembly Unity.Multiplayer.Center.Editor.Tests.dll at Library/ScriptAssemblies/Unity.Multiplayer.Center.Editor.Tests.dll not valid. Loading of assembly skipped.
Assembly Unity.Multiplayer.Center.Tests.dll at Library/ScriptAssemblies/Unity.Multiplayer.Center.Tests.dll not valid. Loading of assembly skipped.
Assembly Unity.Nuget.Mono-Cecil.dll at Library/ScriptAssemblies/Unity.Nuget.Mono-Cecil.dll not valid. Loading of assembly skipped.
Assembly Unity.PathTracing.Editor.Tests.dll at Library/ScriptAssemblies/Unity.PathTracing.Editor.Tests.dll not valid. Loading of assembly skipped.
Assembly Unity.PathTracing.Runtime.Tests.dll at Library/ScriptAssemblies/Unity.PathTracing.Runtime.Tests.dll not valid. Loading of assembly skipped.
Assembly Unity.RenderPipelines.Core.Editor.Tests.dll at Library/ScriptAssemblies/Unity.RenderPipelines.Core.Editor.Tests.dll not valid. Loading of assembly skipped.
Assembly Unity.RenderPipelines.Core.Runtime.Tests.dll at Library/ScriptAssemblies/Unity.RenderPipelines.Core.Runtime.Tests.dll not valid. Loading of assembly skipped.
Assembly Unity.RenderPipelines.Universal.Config.Editor.Tests.dll at Library/ScriptAssemblies/Unity.RenderPipelines.Universal.Config.Editor.Tests.dll not valid. Loading of assembly skipped.
Assembly Unity.RenderPipelines.Universal.Editor.Tests.dll at Library/ScriptAssemblies/Unity.RenderPipelines.Universal.Editor.Tests.dll not valid. Loading of assembly skipped.
Assembly Unity.RenderPipelines.Universal.Runtime.Tests.dll at Library/ScriptAssemblies/Unity.RenderPipelines.Universal.Runtime.Tests.dll not valid. Loading of assembly skipped.
Assembly Unity.Searcher.EditorTests.dll at Library/ScriptAssemblies/Unity.Searcher.EditorTests.dll not valid. Loading of assembly skipped.
Assembly Unity.Settings.Tests.dll at Library/ScriptAssemblies/Unity.Settings.Tests.dll not valid. Loading of assembly skipped.
Assembly Unity.ShaderGraph.Editor.Tests.dll at Library/ScriptAssemblies/Unity.ShaderGraph.Editor.Tests.dll not valid. Loading of assembly skipped.
Assembly Unity.TextMeshPro.Editor.Tests.dll at Library/ScriptAssemblies/Unity.TextMeshPro.Editor.Tests.dll not valid. Loading of assembly skipped.
Assembly Unity.TextMeshPro.Tests.dll at Library/ScriptAssemblies/Unity.TextMeshPro.Tests.dll not valid. Loading of assembly skipped.
Assembly Unity.UnifiedRayTracing.Editor.Tests.dll at Library/ScriptAssemblies/Unity.UnifiedRayTracing.Editor.Tests.dll not valid. Loading of assembly skipped.
Assembly UnityEditor.UI.Common.Tests.dll at Library/ScriptAssemblies/UnityEditor.UI.Common.Tests.dll not valid. Loading of assembly skipped.
Assembly UnityEditor.UI.EditorTests.dll at Library/ScriptAssemblies/UnityEditor.UI.EditorTests.dll not valid. Loading of assembly skipped.
Assembly UnityEngine.UI.Tests.dll at Library/ScriptAssemblies/UnityEngine.UI.Tests.dll not valid. Loading of assembly skipped.
Native extension for WindowsStandalone target not found
Native extension for WebGL target not found
[Package Manager] Failed to launch server process. Reason: Unity was launched with the -noUpm command-line argument
[Package Manager] Unable to send message (not connected to server process).
[Package Manager] Cannot connect to Unity Package Manager local server
[Package Manager] Failed to launch server process. Reason: Unity was launched with the -noUpm command-line argument
[Package Manager] Unable to send message (not connected to server process).
[Package Manager] Cannot connect to Unity Package Manager local server
[Package Manager] Failed to launch server process. Reason: Unity was launched with the -noUpm command-line argument
[Package Manager] Unable to send message (not connected to server process).
[Package Manager] Cannot connect to Unity Package Manager local server
[MODES] ModeService[none].Initialize
[MODES] ModeService[none].LoadModes
ScheduleIndexationOnStartup MainProcess:False IndexOnStartup:True
Mono: successfully reloaded assembly
- Finished resetting the current domain, in  0.496 seconds
Domain Reload Profiling: 2099ms
	BeginReloadAssembly (1173ms)
		DisableScriptedObjects (4ms)
		CreateAndSetChildDomain (1032ms)
	RebuildCommonClasses (34ms)
	RebuildNativeTypeToScriptingClass (10ms)
	initialDomainReloadingComplete (38ms)
	LoadAllAssembliesAndSetupDomain (349ms)
		LoadAssemblies (251ms)
		AnalyzeDomain (163ms)
			TypeCache.Refresh (7ms)
			BuildScriptInfoCaches (146ms)
			ResolveRequiredComponents (9ms)
	FinalizeReload (496ms)
		SetupLoadedEditorAssemblies (0ms)
			BeforeProcessingInitializeOnLoad (112ms)
			ProcessInitializeOnLoadAttributes (144ms)
			ProcessInitializeOnLoadMethodAttributes (93ms)
			AfterProcessingInitializeOnLoad (4ms)
		AwakeInstancesAfterBackupRestoration (12ms)
Unloading 25 Unused Serialized files (Serialized files now loaded: 0)
Unloading 6503 unused Assets / (5.1 MB). Loaded Objects now: 7412.
Memory consumption went from 216.7 MB to 211.6 MB.
Total: 6.972600 ms (FindLiveObjects: 0.565100 ms CreateObjectMapping: 0.463300 ms MarkObjects: 3.891500 ms  DeleteObjects: 2.051600 ms)

Prepare: number of updated asset objects reloaded= 0
========================================================================
Received Prepare
Begin MonoManager ReloadAssembly
[Licensing::Client] Successfully resolved entitlement details
ADTM: Control thread waiting for realtime thread timed out, have to lock...
Assembly Assembly-CSharp-Editor-firstpass.dll at Library/ScriptAssemblies/Assembly-CSharp-Editor-firstpass.dll not valid. Loading of assembly skipped.
Assembly Assembly-CSharp-firstpass.dll at Library/ScriptAssemblies/Assembly-CSharp-firstpass.dll not valid. Loading of assembly skipped.
Assembly DocCodeExamples.dll at Library/ScriptAssemblies/DocCodeExamples.dll not valid. Loading of assembly skipped.
Assembly TestNewCustomAssembly.dll at Library/ScriptAssemblies/TestNewCustomAssembly.dll not valid. Loading of assembly skipped.
Assembly Unity.Collections.BurstCompatibilityGen.dll at Library/ScriptAssemblies/Unity.Collections.BurstCompatibilityGen.dll not valid. Loading of assembly skipped.
Assembly Unity.Collections.DocCodeSamples.dll at Library/ScriptAssemblies/Unity.Collections.DocCodeSamples.dll not valid. Loading of assembly skipped.
Assembly Unity.Collections.PerformanceTests.dll at Library/ScriptAssemblies/Unity.Collections.PerformanceTests.dll not valid. Loading of assembly skipped.
Assembly Unity.Collections.Tests.dll at Library/ScriptAssemblies/Unity.Collections.Tests.dll not valid. Loading of assembly skipped.
Assembly Unity.Collections.Tests.Playmode.dll at Library/ScriptAssemblies/Unity.Collections.Tests.Playmode.dll not valid. Loading of assembly skipped.
Assembly Unity.InputSystem.IntegrationTests.dll at Library/ScriptAssemblies/Unity.InputSystem.IntegrationTests.dll not valid. Loading of assembly skipped.
Assembly Unity.Mathematics.Tests.dll at Library/ScriptAssemblies/Unity.Mathematics.Tests.dll not valid. Loading of assembly skipped.
Assembly Unity.Multiplayer.Center.Editor.Tests.dll at Library/ScriptAssemblies/Unity.Multiplayer.Center.Editor.Tests.dll not valid. Loading of assembly skipped.
Assembly Unity.Multiplayer.Center.Tests.dll at Library/ScriptAssemblies/Unity.Multiplayer.Center.Tests.dll not valid. Loading of assembly skipped.
Assembly Unity.Nuget.Mono-Cecil.dll at Library/ScriptAssemblies/Unity.Nuget.Mono-Cecil.dll not valid. Loading of assembly skipped.
Assembly Unity.PathTracing.Editor.Tests.dll at Library/ScriptAssemblies/Unity.PathTracing.Editor.Tests.dll not valid. Loading of assembly skipped.
Assembly Unity.PathTracing.Runtime.Tests.dll at Library/ScriptAssemblies/Unity.PathTracing.Runtime.Tests.dll not valid. Loading of assembly skipped.
Assembly Unity.RenderPipelines.Core.Editor.Tests.dll at Library/ScriptAssemblies/Unity.RenderPipelines.Core.Editor.Tests.dll not valid. Loading of assembly skipped.
Assembly Unity.RenderPipelines.Core.Runtime.Tests.dll at Library/ScriptAssemblies/Unity.RenderPipelines.Core.Runtime.Tests.dll not valid. Loading of assembly skipped.
Assembly Unity.RenderPipelines.Universal.Config.Editor.Tests.dll at Library/ScriptAssemblies/Unity.RenderPipelines.Universal.Config.Editor.Tests.dll not valid. Loading of assembly skipped.
Assembly Unity.RenderPipelines.Universal.Editor.Tests.dll at Library/ScriptAssemblies/Unity.RenderPipelines.Universal.Editor.Tests.dll not valid. Loading of assembly skipped.
Assembly Unity.RenderPipelines.Universal.Runtime.Tests.dll at Library/ScriptAssemblies/Unity.RenderPipelines.Universal.Runtime.Tests.dll not valid. Loading of assembly skipped.
Assembly Unity.Searcher.EditorTests.dll at Library/ScriptAssemblies/Unity.Searcher.EditorTests.dll not valid. Loading of assembly skipped.
Assembly Unity.Settings.Tests.dll at Library/ScriptAssemblies/Unity.Settings.Tests.dll not valid. Loading of assembly skipped.
Assembly Unity.ShaderGraph.Editor.Tests.dll at Library/ScriptAssemblies/Unity.ShaderGraph.Editor.Tests.dll not valid. Loading of assembly skipped.
Assembly Unity.TextMeshPro.Editor.Tests.dll at Library/ScriptAssemblies/Unity.TextMeshPro.Editor.Tests.dll not valid. Loading of assembly skipped.
Assembly Unity.TextMeshPro.Tests.dll at Library/ScriptAssemblies/Unity.TextMeshPro.Tests.dll not valid. Loading of assembly skipped.
Assembly Unity.UnifiedRayTracing.Editor.Tests.dll at Library/ScriptAssemblies/Unity.UnifiedRayTracing.Editor.Tests.dll not valid. Loading of assembly skipped.
Assembly UnityEditor.UI.Common.Tests.dll at Library/ScriptAssemblies/UnityEditor.UI.Common.Tests.dll not valid. Loading of assembly skipped.
Assembly UnityEditor.UI.EditorTests.dll at Library/ScriptAssemblies/UnityEditor.UI.EditorTests.dll not valid. Loading of assembly skipped.
Assembly UnityEngine.UI.Tests.dll at Library/ScriptAssemblies/UnityEngine.UI.Tests.dll not valid. Loading of assembly skipped.
Native extension for WindowsStandalone target not found
Native extension for WebGL target not found
[Package Manager] Failed to launch server process. Reason: Unity was launched with the -noUpm command-line argument
[Package Manager] Unable to send message (not connected to server process).
[Package Manager] Cannot connect to Unity Package Manager local server
[Package Manager] Failed to launch server process. Reason: Unity was launched with the -noUpm command-line argument
[Package Manager] Unable to send message (not connected to server process).
[Package Manager] Cannot connect to Unity Package Manager local server
[Package Manager] Failed to launch server process. Reason: Unity was launched with the -noUpm command-line argument
[Package Manager] Unable to send message (not connected to server process).
[Package Manager] Cannot connect to Unity Package Manager local server
[MODES] ModeService[none].Initialize
[MODES] ModeService[none].LoadModes
ScheduleIndexationOnStartup MainProcess:False IndexOnStartup:True
Mono: successfully reloaded assembly
- Finished resetting the current domain, in  0.682 seconds
Domain Reload Profiling: 2318ms
	BeginReloadAssembly (1182ms)
		DisableScriptedObjects (4ms)
		CreateAndSetChildDomain (1036ms)
	RebuildCommonClasses (30ms)
	RebuildNativeTypeToScriptingClass (10ms)
	initialDomainReloadingComplete (41ms)
	LoadAllAssembliesAndSetupDomain (373ms)
		LoadAssemblies (273ms)
		AnalyzeDomain (179ms)
			TypeCache.Refresh (7ms)
			BuildScriptInfoCaches (157ms)
			ResolveRequiredComponents (13ms)
	FinalizeReload (682ms)
		SetupLoadedEditorAssemblies (0ms)
			InitializePlatformSupportModulesInManaged (3ms)
			BeforeProcessingInitializeOnLoad (143ms)
			ProcessInitializeOnLoadAttributes (207ms)
			ProcessInitializeOnLoadMethodAttributes (130ms)
			AfterProcessingInitializeOnLoad (5ms)
		AwakeInstancesAfterBackupRestoration (17ms)
Unloading 25 Unused Serialized files (Serialized files now loaded: 0)
Unloading 6503 unused Assets / (5.7 MB). Loaded Objects now: 7414.
Memory consumption went from 220.5 MB to 214.8 MB.
Total: 8.744700 ms (FindLiveObjects: 0.634900 ms CreateObjectMapping: 0.625000 ms MarkObjects: 4.732800 ms  DeleteObjects: 2.750700 ms)

Prepare: number of updated asset objects reloaded= 0
========================================================================
Received Prepare
Begin MonoManager ReloadAssembly
[Licensing::Client] Successfully resolved entitlement details
ADTM: Control thread waiting for realtime thread timed out, have to lock...
Assembly Assembly-CSharp-Editor-firstpass.dll at Library/ScriptAssemblies/Assembly-CSharp-Editor-firstpass.dll not valid. Loading of assembly skipped.
Assembly Assembly-CSharp-firstpass.dll at Library/ScriptAssemblies/Assembly-CSharp-firstpass.dll not valid. Loading of assembly skipped.
Assembly DocCodeExamples.dll at Library/ScriptAssemblies/DocCodeExamples.dll not valid. Loading of assembly skipped.
Assembly TestNewCustomAssembly.dll at Library/ScriptAssemblies/TestNewCustomAssembly.dll not valid. Loading of assembly skipped.
Assembly Unity.Collections.BurstCompatibilityGen.dll at Library/ScriptAssemblies/Unity.Collections.BurstCompatibilityGen.dll not valid. Loading of assembly skipped.
Assembly Unity.Collections.DocCodeSamples.dll at Library/ScriptAssemblies/Unity.Collections.DocCodeSamples.dll not valid. Loading of assembly skipped.
Assembly Unity.Collections.PerformanceTests.dll at Library/ScriptAssemblies/Unity.Collections.PerformanceTests.dll not valid. Loading of assembly skipped.
Assembly Unity.Collections.Tests.dll at Library/ScriptAssemblies/Unity.Collections.Tests.dll not valid. Loading of assembly skipped.
Assembly Unity.Collections.Tests.Playmode.dll at Library/ScriptAssemblies/Unity.Collections.Tests.Playmode.dll not valid. Loading of assembly skipped.
Assembly Unity.InputSystem.IntegrationTests.dll at Library/ScriptAssemblies/Unity.InputSystem.IntegrationTests.dll not valid. Loading of assembly skipped.
Assembly Unity.Mathematics.Tests.dll at Library/ScriptAssemblies/Unity.Mathematics.Tests.dll not valid. Loading of assembly skipped.
Assembly Unity.Multiplayer.Center.Editor.Tests.dll at Library/ScriptAssemblies/Unity.Multiplayer.Center.Editor.Tests.dll not valid. Loading of assembly skipped.
Assembly Unity.Multiplayer.Center.Tests.dll at Library/ScriptAssemblies/Unity.Multiplayer.Center.Tests.dll not valid. Loading of assembly skipped.
Assembly Unity.Nuget.Mono-Cecil.dll at Library/ScriptAssemblies/Unity.Nuget.Mono-Cecil.dll not valid. Loading of assembly skipped.
Assembly Unity.PathTracing.Editor.Tests.dll at Library/ScriptAssemblies/Unity.PathTracing.Editor.Tests.dll not valid. Loading of assembly skipped.
Assembly Unity.PathTracing.Runtime.Tests.dll at Library/ScriptAssemblies/Unity.PathTracing.Runtime.Tests.dll not valid. Loading of assembly skipped.
Assembly Unity.RenderPipelines.Core.Editor.Tests.dll at Library/ScriptAssemblies/Unity.RenderPipelines.Core.Editor.Tests.dll not valid. Loading of assembly skipped.
Assembly Unity.RenderPipelines.Core.Runtime.Tests.dll at Library/ScriptAssemblies/Unity.RenderPipelines.Core.Runtime.Tests.dll not valid. Loading of assembly skipped.
Assembly Unity.RenderPipelines.Universal.Config.Editor.Tests.dll at Library/ScriptAssemblies/Unity.RenderPipelines.Universal.Config.Editor.Tests.dll not valid. Loading of assembly skipped.
Assembly Unity.RenderPipelines.Universal.Editor.Tests.dll at Library/ScriptAssemblies/Unity.RenderPipelines.Universal.Editor.Tests.dll not valid. Loading of assembly skipped.
Assembly Unity.RenderPipelines.Universal.Runtime.Tests.dll at Library/ScriptAssemblies/Unity.RenderPipelines.Universal.Runtime.Tests.dll not valid. Loading of assembly skipped.
Assembly Unity.Searcher.EditorTests.dll at Library/ScriptAssemblies/Unity.Searcher.EditorTests.dll not valid. Loading of assembly skipped.
Assembly Unity.Settings.Tests.dll at Library/ScriptAssemblies/Unity.Settings.Tests.dll not valid. Loading of assembly skipped.
Assembly Unity.ShaderGraph.Editor.Tests.dll at Library/ScriptAssemblies/Unity.ShaderGraph.Editor.Tests.dll not valid. Loading of assembly skipped.
Assembly Unity.TextMeshPro.Editor.Tests.dll at Library/ScriptAssemblies/Unity.TextMeshPro.Editor.Tests.dll not valid. Loading of assembly skipped.
Assembly Unity.TextMeshPro.Tests.dll at Library/ScriptAssemblies/Unity.TextMeshPro.Tests.dll not valid. Loading of assembly skipped.
Assembly Unity.UnifiedRayTracing.Editor.Tests.dll at Library/ScriptAssemblies/Unity.UnifiedRayTracing.Editor.Tests.dll not valid. Loading of assembly skipped.
Assembly UnityEditor.UI.Common.Tests.dll at Library/ScriptAssemblies/UnityEditor.UI.Common.Tests.dll not valid. Loading of assembly skipped.
Assembly UnityEditor.UI.EditorTests.dll at Library/ScriptAssemblies/UnityEditor.UI.EditorTests.dll not valid. Loading of assembly skipped.
Assembly UnityEngine.UI.Tests.dll at Library/ScriptAssemblies/UnityEngine.UI.Tests.dll not valid. Loading of assembly skipped.
Native extension for WindowsStandalone target not found
Native extension for WebGL target not found
[Package Manager] Failed to launch server process. Reason: Unity was launched with the -noUpm command-line argument
[Package Manager] Unable to send message (not connected to server process).
[Package Manager] Cannot connect to Unity Package Manager local server
[Package Manager] Failed to launch server process. Reason: Unity was launched with the -noUpm command-line argument
[Package Manager] Unable to send message (not connected to server process).
[Package Manager] Cannot connect to Unity Package Manager local server
[Package Manager] Failed to launch server process. Reason: Unity was launched with the -noUpm command-line argument
[Package Manager] Unable to send message (not connected to server process).
[Package Manager] Cannot connect to Unity Package Manager local server
[MODES] ModeService[none].Initialize
[MODES] ModeService[none].LoadModes
ScheduleIndexationOnStartup MainProcess:False IndexOnStartup:True
Mono: successfully reloaded assembly
- Finished resetting the current domain, in  0.668 seconds
Domain Reload Profiling: 2373ms
	BeginReloadAssembly (1203ms)
		DisableScriptedObjects (4ms)
		CreateAndSetChildDomain (1050ms)
	RebuildCommonClasses (34ms)
	RebuildNativeTypeToScriptingClass (11ms)
	initialDomainReloadingComplete (49ms)
	LoadAllAssembliesAndSetupDomain (407ms)
		LoadAssemblies (305ms)
		AnalyzeDomain (189ms)
			TypeCache.Refresh (9ms)
			BuildScriptInfoCaches (166ms)
			ResolveRequiredComponents (12ms)
	FinalizeReload (668ms)
		SetupLoadedEditorAssemblies (0ms)
			BeforeProcessingInitializeOnLoad (125ms)
			ProcessInitializeOnLoadAttributes (201ms)
			ProcessInitializeOnLoadMethodAttributes (134ms)
			AfterProcessingInitializeOnLoad (5ms)
		AwakeInstancesAfterBackupRestoration (17ms)
Unloading 25 Unused Serialized files (Serialized files now loaded: 0)
Unloading 6503 unused Assets / (5.5 MB). Loaded Objects now: 7416.
Memory consumption went from 224.5 MB to 219.1 MB.
Total: 7.982400 ms (FindLiveObjects: 0.564200 ms CreateObjectMapping: 0.418700 ms MarkObjects: 4.330300 ms  DeleteObjects: 2.667900 ms)

Prepare: number of updated asset objects reloaded= 0
========================================================================
Received Prepare
Begin MonoManager ReloadAssembly
[Licensing::Client] Successfully resolved entitlement details
ADTM: Control thread waiting for realtime thread timed out, have to lock...
Assembly Assembly-CSharp-Editor-firstpass.dll at Library/ScriptAssemblies/Assembly-CSharp-Editor-firstpass.dll not valid. Loading of assembly skipped.
Assembly Assembly-CSharp-firstpass.dll at Library/ScriptAssemblies/Assembly-CSharp-firstpass.dll not valid. Loading of assembly skipped.
Assembly DocCodeExamples.dll at Library/ScriptAssemblies/DocCodeExamples.dll not valid. Loading of assembly skipped.
Assembly TestNewCustomAssembly.dll at Library/ScriptAssemblies/TestNewCustomAssembly.dll not valid. Loading of assembly skipped.
Assembly Unity.Collections.BurstCompatibilityGen.dll at Library/ScriptAssemblies/Unity.Collections.BurstCompatibilityGen.dll not valid. Loading of assembly skipped.
Assembly Unity.Collections.DocCodeSamples.dll at Library/ScriptAssemblies/Unity.Collections.DocCodeSamples.dll not valid. Loading of assembly skipped.
Assembly Unity.Collections.PerformanceTests.dll at Library/ScriptAssemblies/Unity.Collections.PerformanceTests.dll not valid. Loading of assembly skipped.
Assembly Unity.Collections.Tests.dll at Library/ScriptAssemblies/Unity.Collections.Tests.dll not valid. Loading of assembly skipped.
Assembly Unity.Collections.Tests.Playmode.dll at Library/ScriptAssemblies/Unity.Collections.Tests.Playmode.dll not valid. Loading of assembly skipped.
Assembly Unity.InputSystem.IntegrationTests.dll at Library/ScriptAssemblies/Unity.InputSystem.IntegrationTests.dll not valid. Loading of assembly skipped.
Assembly Unity.Mathematics.Tests.dll at Library/ScriptAssemblies/Unity.Mathematics.Tests.dll not valid. Loading of assembly skipped.
Assembly Unity.Multiplayer.Center.Editor.Tests.dll at Library/ScriptAssemblies/Unity.Multiplayer.Center.Editor.Tests.dll not valid. Loading of assembly skipped.
Assembly Unity.Multiplayer.Center.Tests.dll at Library/ScriptAssemblies/Unity.Multiplayer.Center.Tests.dll not valid. Loading of assembly skipped.
Assembly Unity.Nuget.Mono-Cecil.dll at Library/ScriptAssemblies/Unity.Nuget.Mono-Cecil.dll not valid. Loading of assembly skipped.
Assembly Unity.PathTracing.Editor.Tests.dll at Library/ScriptAssemblies/Unity.PathTracing.Editor.Tests.dll not valid. Loading of assembly skipped.
Assembly Unity.PathTracing.Runtime.Tests.dll at Library/ScriptAssemblies/Unity.PathTracing.Runtime.Tests.dll not valid. Loading of assembly skipped.
Assembly Unity.RenderPipelines.Core.Editor.Tests.dll at Library/ScriptAssemblies/Unity.RenderPipelines.Core.Editor.Tests.dll not valid. Loading of assembly skipped.
Assembly Unity.RenderPipelines.Core.Runtime.Tests.dll at Library/ScriptAssemblies/Unity.RenderPipelines.Core.Runtime.Tests.dll not valid. Loading of assembly skipped.
Assembly Unity.RenderPipelines.Universal.Config.Editor.Tests.dll at Library/ScriptAssemblies/Unity.RenderPipelines.Universal.Config.Editor.Tests.dll not valid. Loading of assembly skipped.
Assembly Unity.RenderPipelines.Universal.Editor.Tests.dll at Library/ScriptAssemblies/Unity.RenderPipelines.Universal.Editor.Tests.dll not valid. Loading of assembly skipped.
Assembly Unity.RenderPipelines.Universal.Runtime.Tests.dll at Library/ScriptAssemblies/Unity.RenderPipelines.Universal.Runtime.Tests.dll not valid. Loading of assembly skipped.
Assembly Unity.Searcher.EditorTests.dll at Library/ScriptAssemblies/Unity.Searcher.EditorTests.dll not valid. Loading of assembly skipped.
Assembly Unity.Settings.Tests.dll at Library/ScriptAssemblies/Unity.Settings.Tests.dll not valid. Loading of assembly skipped.
Assembly Unity.ShaderGraph.Editor.Tests.dll at Library/ScriptAssemblies/Unity.ShaderGraph.Editor.Tests.dll not valid. Loading of assembly skipped.
Assembly Unity.TextMeshPro.Editor.Tests.dll at Library/ScriptAssemblies/Unity.TextMeshPro.Editor.Tests.dll not valid. Loading of assembly skipped.
Assembly Unity.TextMeshPro.Tests.dll at Library/ScriptAssemblies/Unity.TextMeshPro.Tests.dll not valid. Loading of assembly skipped.
Assembly Unity.UnifiedRayTracing.Editor.Tests.dll at Library/ScriptAssemblies/Unity.UnifiedRayTracing.Editor.Tests.dll not valid. Loading of assembly skipped.
Assembly UnityEditor.UI.Common.Tests.dll at Library/ScriptAssemblies/UnityEditor.UI.Common.Tests.dll not valid. Loading of assembly skipped.
Assembly UnityEditor.UI.EditorTests.dll at Library/ScriptAssemblies/UnityEditor.UI.EditorTests.dll not valid. Loading of assembly skipped.
Assembly UnityEngine.UI.Tests.dll at Library/ScriptAssemblies/UnityEngine.UI.Tests.dll not valid. Loading of assembly skipped.
Native extension for WindowsStandalone target not found
Native extension for WebGL target not found
[Package Manager] Failed to launch server process. Reason: Unity was launched with the -noUpm command-line argument
[Package Manager] Unable to send message (not connected to server process).
[Package Manager] Cannot connect to Unity Package Manager local server
[Package Manager] Failed to launch server process. Reason: Unity was launched with the -noUpm command-line argument
[Package Manager] Unable to send message (not connected to server process).
[Package Manager] Cannot connect to Unity Package Manager local server
[Package Manager] Failed to launch server process. Reason: Unity was launched with the -noUpm command-line argument
[Package Manager] Unable to send message (not connected to server process).
[Package Manager] Cannot connect to Unity Package Manager local server
[MODES] ModeService[none].Initialize
[MODES] ModeService[none].LoadModes
ScheduleIndexationOnStartup MainProcess:False IndexOnStartup:True
Mono: successfully reloaded assembly
- Finished resetting the current domain, in  0.583 seconds
Domain Reload Profiling: 2145ms
	BeginReloadAssembly (1165ms)
		DisableScriptedObjects (4ms)
		CreateAndSetChildDomain (1038ms)
	RebuildCommonClasses (34ms)
	RebuildNativeTypeToScriptingClass (10ms)
	initialDomainReloadingComplete (44ms)
	LoadAllAssembliesAndSetupDomain (308ms)
		LoadAssemblies (234ms)
		AnalyzeDomain (138ms)
			TypeCache.Refresh (6ms)
			BuildScriptInfoCaches (122ms)
			ResolveRequiredComponents (9ms)
	FinalizeReload (584ms)
		SetupLoadedEditorAssemblies (0ms)
			BeforeProcessingInitializeOnLoad (133ms)
			ProcessInitializeOnLoadAttributes (157ms)
			ProcessInitializeOnLoadMethodAttributes (117ms)
			AfterProcessingInitializeOnLoad (4ms)
		AwakeInstancesAfterBackupRestoration (15ms)
Unloading 25 Unused Serialized files (Serialized files now loaded: 0)
Unloading 6503 unused Assets / (5.5 MB). Loaded Objects now: 7418.
Memory consumption went from 228.5 MB to 223.0 MB.
Total: 7.322500 ms (FindLiveObjects: 0.635300 ms CreateObjectMapping: 0.384900 ms MarkObjects: 4.000100 ms  DeleteObjects: 2.300300 ms)

Prepare: number of updated asset objects reloaded= 0
========================================================================
Received Prepare
Begin MonoManager ReloadAssembly
[Licensing::Client] Successfully resolved entitlement details
ADTM: Control thread waiting for realtime thread timed out, have to lock...
Assembly Assembly-CSharp-Editor-firstpass.dll at Library/ScriptAssemblies/Assembly-CSharp-Editor-firstpass.dll not valid. Loading of assembly skipped.
Assembly Assembly-CSharp-firstpass.dll at Library/ScriptAssemblies/Assembly-CSharp-firstpass.dll not valid. Loading of assembly skipped.
Assembly DocCodeExamples.dll at Library/ScriptAssemblies/DocCodeExamples.dll not valid. Loading of assembly skipped.
Assembly TestNewCustomAssembly.dll at Library/ScriptAssemblies/TestNewCustomAssembly.dll not valid. Loading of assembly skipped.
Assembly Unity.Collections.BurstCompatibilityGen.dll at Library/ScriptAssemblies/Unity.Collections.BurstCompatibilityGen.dll not valid. Loading of assembly skipped.
Assembly Unity.Collections.DocCodeSamples.dll at Library/ScriptAssemblies/Unity.Collections.DocCodeSamples.dll not valid. Loading of assembly skipped.
Assembly Unity.Collections.PerformanceTests.dll at Library/ScriptAssemblies/Unity.Collections.PerformanceTests.dll not valid. Loading of assembly skipped.
Assembly Unity.Collections.Tests.dll at Library/ScriptAssemblies/Unity.Collections.Tests.dll not valid. Loading of assembly skipped.
Assembly Unity.Collections.Tests.Playmode.dll at Library/ScriptAssemblies/Unity.Collections.Tests.Playmode.dll not valid. Loading of assembly skipped.
Assembly Unity.InputSystem.IntegrationTests.dll at Library/ScriptAssemblies/Unity.InputSystem.IntegrationTests.dll not valid. Loading of assembly skipped.
Assembly Unity.Mathematics.Tests.dll at Library/ScriptAssemblies/Unity.Mathematics.Tests.dll not valid. Loading of assembly skipped.
Assembly Unity.Multiplayer.Center.Editor.Tests.dll at Library/ScriptAssemblies/Unity.Multiplayer.Center.Editor.Tests.dll not valid. Loading of assembly skipped.
Assembly Unity.Multiplayer.Center.Tests.dll at Library/ScriptAssemblies/Unity.Multiplayer.Center.Tests.dll not valid. Loading of assembly skipped.
Assembly Unity.Nuget.Mono-Cecil.dll at Library/ScriptAssemblies/Unity.Nuget.Mono-Cecil.dll not valid. Loading of assembly skipped.
Assembly Unity.PathTracing.Editor.Tests.dll at Library/ScriptAssemblies/Unity.PathTracing.Editor.Tests.dll not valid. Loading of assembly skipped.
Assembly Unity.PathTracing.Runtime.Tests.dll at Library/ScriptAssemblies/Unity.PathTracing.Runtime.Tests.dll not valid. Loading of assembly skipped.
Assembly Unity.RenderPipelines.Core.Editor.Tests.dll at Library/ScriptAssemblies/Unity.RenderPipelines.Core.Editor.Tests.dll not valid. Loading of assembly skipped.
Assembly Unity.RenderPipelines.Core.Runtime.Tests.dll at Library/ScriptAssemblies/Unity.RenderPipelines.Core.Runtime.Tests.dll not valid. Loading of assembly skipped.
Assembly Unity.RenderPipelines.Universal.Config.Editor.Tests.dll at Library/ScriptAssemblies/Unity.RenderPipelines.Universal.Config.Editor.Tests.dll not valid. Loading of assembly skipped.
Assembly Unity.RenderPipelines.Universal.Editor.Tests.dll at Library/ScriptAssemblies/Unity.RenderPipelines.Universal.Editor.Tests.dll not valid. Loading of assembly skipped.
Assembly Unity.RenderPipelines.Universal.Runtime.Tests.dll at Library/ScriptAssemblies/Unity.RenderPipelines.Universal.Runtime.Tests.dll not valid. Loading of assembly skipped.
Assembly Unity.Searcher.EditorTests.dll at Library/ScriptAssemblies/Unity.Searcher.EditorTests.dll not valid. Loading of assembly skipped.
Assembly Unity.Settings.Tests.dll at Library/ScriptAssemblies/Unity.Settings.Tests.dll not valid. Loading of assembly skipped.
Assembly Unity.ShaderGraph.Editor.Tests.dll at Library/ScriptAssemblies/Unity.ShaderGraph.Editor.Tests.dll not valid. Loading of assembly skipped.
Assembly Unity.TextMeshPro.Editor.Tests.dll at Library/ScriptAssemblies/Unity.TextMeshPro.Editor.Tests.dll not valid. Loading of assembly skipped.
Assembly Unity.TextMeshPro.Tests.dll at Library/ScriptAssemblies/Unity.TextMeshPro.Tests.dll not valid. Loading of assembly skipped.
Assembly Unity.UnifiedRayTracing.Editor.Tests.dll at Library/ScriptAssemblies/Unity.UnifiedRayTracing.Editor.Tests.dll not valid. Loading of assembly skipped.
Assembly UnityEditor.UI.Common.Tests.dll at Library/ScriptAssemblies/UnityEditor.UI.Common.Tests.dll not valid. Loading of assembly skipped.
Assembly UnityEditor.UI.EditorTests.dll at Library/ScriptAssemblies/UnityEditor.UI.EditorTests.dll not valid. Loading of assembly skipped.
Assembly UnityEngine.UI.Tests.dll at Library/ScriptAssemblies/UnityEngine.UI.Tests.dll not valid. Loading of assembly skipped.
Native extension for WindowsStandalone target not found
Native extension for WebGL target not found
[Package Manager] Failed to launch server process. Reason: Unity was launched with the -noUpm command-line argument
[Package Manager] Unable to send message (not connected to server process).
[Package Manager] Cannot connect to Unity Package Manager local server
[Package Manager] Failed to launch server process. Reason: Unity was launched with the -noUpm command-line argument
[Package Manager] Unable to send message (not connected to server process).
[Package Manager] Cannot connect to Unity Package Manager local server
[Package Manager] Failed to launch server process. Reason: Unity was launched with the -noUpm command-line argument
[Package Manager] Unable to send message (not connected to server process).
[Package Manager] Cannot connect to Unity Package Manager local server
[MODES] ModeService[none].Initialize
[MODES] ModeService[none].LoadModes
ScheduleIndexationOnStartup MainProcess:False IndexOnStartup:True
Mono: successfully reloaded assembly
- Finished resetting the current domain, in  0.603 seconds
Domain Reload Profiling: 2192ms
	BeginReloadAssembly (1169ms)
		DisableScriptedObjects (4ms)
		CreateAndSetChildDomain (1037ms)
	RebuildCommonClasses (33ms)
	RebuildNativeTypeToScriptingClass (10ms)
	initialDomainReloadingComplete (42ms)
	LoadAllAssembliesAndSetupDomain (335ms)
		LoadAssemblies (237ms)
		AnalyzeDomain (165ms)
			TypeCache.Refresh (7ms)
			BuildScriptInfoCaches (146ms)
			ResolveRequiredComponents (11ms)
	FinalizeReload (603ms)
		SetupLoadedEditorAssemblies (0ms)
			BeforeProcessingInitializeOnLoad (136ms)
			ProcessInitializeOnLoadAttributes (182ms)
			ProcessInitializeOnLoadMethodAttributes (120ms)
			AfterProcessingInitializeOnLoad (5ms)
		AwakeInstancesAfterBackupRestoration (14ms)
Unloading 25 Unused Serialized files (Serialized files now loaded: 0)
Unloading 6503 unused Assets / (5.6 MB). Loaded Objects now: 7420.
Memory consumption went from 232.5 MB to 226.9 MB.
Total: 7.604500 ms (FindLiveObjects: 0.487400 ms CreateObjectMapping: 0.362300 ms MarkObjects: 4.044500 ms  DeleteObjects: 2.708900 ms)

Prepare: number of updated asset objects reloaded= 0
========================================================================
Received Prepare
Begin MonoManager ReloadAssembly
[Licensing::Client] Successfully resolved entitlement details
ADTM: Control thread waiting for realtime thread timed out, have to lock...
Assembly Assembly-CSharp-Editor-firstpass.dll at Library/ScriptAssemblies/Assembly-CSharp-Editor-firstpass.dll not valid. Loading of assembly skipped.
Assembly Assembly-CSharp-firstpass.dll at Library/ScriptAssemblies/Assembly-CSharp-firstpass.dll not valid. Loading of assembly skipped.
Assembly DocCodeExamples.dll at Library/ScriptAssemblies/DocCodeExamples.dll not valid. Loading of assembly skipped.
Assembly TestNewCustomAssembly.dll at Library/ScriptAssemblies/TestNewCustomAssembly.dll not valid. Loading of assembly skipped.
Assembly Unity.Collections.BurstCompatibilityGen.dll at Library/ScriptAssemblies/Unity.Collections.BurstCompatibilityGen.dll not valid. Loading of assembly skipped.
Assembly Unity.Collections.DocCodeSamples.dll at Library/ScriptAssemblies/Unity.Collections.DocCodeSamples.dll not valid. Loading of assembly skipped.
Assembly Unity.Collections.PerformanceTests.dll at Library/ScriptAssemblies/Unity.Collections.PerformanceTests.dll not valid. Loading of assembly skipped.
Assembly Unity.Collections.Tests.dll at Library/ScriptAssemblies/Unity.Collections.Tests.dll not valid. Loading of assembly skipped.
Assembly Unity.Collections.Tests.Playmode.dll at Library/ScriptAssemblies/Unity.Collections.Tests.Playmode.dll not valid. Loading of assembly skipped.
Assembly Unity.InputSystem.IntegrationTests.dll at Library/ScriptAssemblies/Unity.InputSystem.IntegrationTests.dll not valid. Loading of assembly skipped.
Assembly Unity.Mathematics.Tests.dll at Library/ScriptAssemblies/Unity.Mathematics.Tests.dll not valid. Loading of assembly skipped.
Assembly Unity.Multiplayer.Center.Editor.Tests.dll at Library/ScriptAssemblies/Unity.Multiplayer.Center.Editor.Tests.dll not valid. Loading of assembly skipped.
Assembly Unity.Multiplayer.Center.Tests.dll at Library/ScriptAssemblies/Unity.Multiplayer.Center.Tests.dll not valid. Loading of assembly skipped.
Assembly Unity.Nuget.Mono-Cecil.dll at Library/ScriptAssemblies/Unity.Nuget.Mono-Cecil.dll not valid. Loading of assembly skipped.
Assembly Unity.PathTracing.Editor.Tests.dll at Library/ScriptAssemblies/Unity.PathTracing.Editor.Tests.dll not valid. Loading of assembly skipped.
Assembly Unity.PathTracing.Runtime.Tests.dll at Library/ScriptAssemblies/Unity.PathTracing.Runtime.Tests.dll not valid. Loading of assembly skipped.
Assembly Unity.RenderPipelines.Core.Editor.Tests.dll at Library/ScriptAssemblies/Unity.RenderPipelines.Core.Editor.Tests.dll not valid. Loading of assembly skipped.
Assembly Unity.RenderPipelines.Core.Runtime.Tests.dll at Library/ScriptAssemblies/Unity.RenderPipelines.Core.Runtime.Tests.dll not valid. Loading of assembly skipped.
Assembly Unity.RenderPipelines.Universal.Config.Editor.Tests.dll at Library/ScriptAssemblies/Unity.RenderPipelines.Universal.Config.Editor.Tests.dll not valid. Loading of assembly skipped.
Assembly Unity.RenderPipelines.Universal.Editor.Tests.dll at Library/ScriptAssemblies/Unity.RenderPipelines.Universal.Editor.Tests.dll not valid. Loading of assembly skipped.
Assembly Unity.RenderPipelines.Universal.Runtime.Tests.dll at Library/ScriptAssemblies/Unity.RenderPipelines.Universal.Runtime.Tests.dll not valid. Loading of assembly skipped.
Assembly Unity.Searcher.EditorTests.dll at Library/ScriptAssemblies/Unity.Searcher.EditorTests.dll not valid. Loading of assembly skipped.
Assembly Unity.Settings.Tests.dll at Library/ScriptAssemblies/Unity.Settings.Tests.dll not valid. Loading of assembly skipped.
Assembly Unity.ShaderGraph.Editor.Tests.dll at Library/ScriptAssemblies/Unity.ShaderGraph.Editor.Tests.dll not valid. Loading of assembly skipped.
Assembly Unity.TextMeshPro.Editor.Tests.dll at Library/ScriptAssemblies/Unity.TextMeshPro.Editor.Tests.dll not valid. Loading of assembly skipped.
Assembly Unity.TextMeshPro.Tests.dll at Library/ScriptAssemblies/Unity.TextMeshPro.Tests.dll not valid. Loading of assembly skipped.
Assembly Unity.UnifiedRayTracing.Editor.Tests.dll at Library/ScriptAssemblies/Unity.UnifiedRayTracing.Editor.Tests.dll not valid. Loading of assembly skipped.
Assembly UnityEditor.UI.Common.Tests.dll at Library/ScriptAssemblies/UnityEditor.UI.Common.Tests.dll not valid. Loading of assembly skipped.
Assembly UnityEditor.UI.EditorTests.dll at Library/ScriptAssemblies/UnityEditor.UI.EditorTests.dll not valid. Loading of assembly skipped.
Assembly UnityEngine.UI.Tests.dll at Library/ScriptAssemblies/UnityEngine.UI.Tests.dll not valid. Loading of assembly skipped.
Native extension for WindowsStandalone target not found
Native extension for WebGL target not found
[Package Manager] Failed to launch server process. Reason: Unity was launched with the -noUpm command-line argument
[Package Manager] Unable to send message (not connected to server process).
[Package Manager] Cannot connect to Unity Package Manager local server
[Package Manager] Failed to launch server process. Reason: Unity was launched with the -noUpm command-line argument
[Package Manager] Unable to send message (not connected to server process).
[Package Manager] Cannot connect to Unity Package Manager local server
[Package Manager] Failed to launch server process. Reason: Unity was launched with the -noUpm command-line argument
[Package Manager] Unable to send message (not connected to server process).
[Package Manager] Cannot connect to Unity Package Manager local server
[MODES] ModeService[none].Initialize
[MODES] ModeService[none].LoadModes
ScheduleIndexationOnStartup MainProcess:False IndexOnStartup:True
Mono: successfully reloaded assembly
- Finished resetting the current domain, in  0.611 seconds
Domain Reload Profiling: 2179ms
	BeginReloadAssembly (1169ms)
		DisableScriptedObjects (4ms)
		CreateAndSetChildDomain (1042ms)
	RebuildCommonClasses (29ms)
	RebuildNativeTypeToScriptingClass (10ms)
	initialDomainReloadingComplete (37ms)
	LoadAllAssembliesAndSetupDomain (323ms)
		LoadAssemblies (239ms)
		AnalyzeDomain (145ms)
			TypeCache.Refresh (7ms)
			BuildScriptInfoCaches (125ms)
			ResolveRequiredComponents (12ms)
	FinalizeReload (612ms)
		SetupLoadedEditorAssemblies (0ms)
			BeforeProcessingInitializeOnLoad (116ms)
			ProcessInitializeOnLoadAttributes (189ms)
			ProcessInitializeOnLoadMethodAttributes (124ms)
			AfterProcessingInitializeOnLoad (4ms)
		AwakeInstancesAfterBackupRestoration (15ms)
Unloading 25 Unused Serialized files (Serialized files now loaded: 0)
Unloading 6503 unused Assets / (5.6 MB). Loaded Objects now: 7422.
Memory consumption went from 236.4 MB to 230.8 MB.
Total: 7.827400 ms (FindLiveObjects: 0.767600 ms CreateObjectMapping: 0.348800 ms MarkObjects: 4.331100 ms  DeleteObjects: 2.378600 ms)

Prepare: number of updated asset objects reloaded= 0
========================================================================
Received Prepare
Begin MonoManager ReloadAssembly
[Licensing::Client] Successfully resolved entitlement details
ADTM: Control thread waiting for realtime thread timed out, have to lock...
Assembly Assembly-CSharp-Editor-firstpass.dll at Library/ScriptAssemblies/Assembly-CSharp-Editor-firstpass.dll not valid. Loading of assembly skipped.
Assembly Assembly-CSharp-firstpass.dll at Library/ScriptAssemblies/Assembly-CSharp-firstpass.dll not valid. Loading of assembly skipped.
Assembly DocCodeExamples.dll at Library/ScriptAssemblies/DocCodeExamples.dll not valid. Loading of assembly skipped.
Assembly TestNewCustomAssembly.dll at Library/ScriptAssemblies/TestNewCustomAssembly.dll not valid. Loading of assembly skipped.
Assembly Unity.Collections.BurstCompatibilityGen.dll at Library/ScriptAssemblies/Unity.Collections.BurstCompatibilityGen.dll not valid. Loading of assembly skipped.
Assembly Unity.Collections.DocCodeSamples.dll at Library/ScriptAssemblies/Unity.Collections.DocCodeSamples.dll not valid. Loading of assembly skipped.
Assembly Unity.Collections.PerformanceTests.dll at Library/ScriptAssemblies/Unity.Collections.PerformanceTests.dll not valid. Loading of assembly skipped.
Assembly Unity.Collections.Tests.dll at Library/ScriptAssemblies/Unity.Collections.Tests.dll not valid. Loading of assembly skipped.
Assembly Unity.Collections.Tests.Playmode.dll at Library/ScriptAssemblies/Unity.Collections.Tests.Playmode.dll not valid. Loading of assembly skipped.
Assembly Unity.InputSystem.IntegrationTests.dll at Library/ScriptAssemblies/Unity.InputSystem.IntegrationTests.dll not valid. Loading of assembly skipped.
Assembly Unity.Mathematics.Tests.dll at Library/ScriptAssemblies/Unity.Mathematics.Tests.dll not valid. Loading of assembly skipped.
Assembly Unity.Multiplayer.Center.Editor.Tests.dll at Library/ScriptAssemblies/Unity.Multiplayer.Center.Editor.Tests.dll not valid. Loading of assembly skipped.
Assembly Unity.Multiplayer.Center.Tests.dll at Library/ScriptAssemblies/Unity.Multiplayer.Center.Tests.dll not valid. Loading of assembly skipped.
Assembly Unity.Nuget.Mono-Cecil.dll at Library/ScriptAssemblies/Unity.Nuget.Mono-Cecil.dll not valid. Loading of assembly skipped.
Assembly Unity.PathTracing.Editor.Tests.dll at Library/ScriptAssemblies/Unity.PathTracing.Editor.Tests.dll not valid. Loading of assembly skipped.
Assembly Unity.PathTracing.Runtime.Tests.dll at Library/ScriptAssemblies/Unity.PathTracing.Runtime.Tests.dll not valid. Loading of assembly skipped.
Assembly Unity.RenderPipelines.Core.Editor.Tests.dll at Library/ScriptAssemblies/Unity.RenderPipelines.Core.Editor.Tests.dll not valid. Loading of assembly skipped.
Assembly Unity.RenderPipelines.Core.Runtime.Tests.dll at Library/ScriptAssemblies/Unity.RenderPipelines.Core.Runtime.Tests.dll not valid. Loading of assembly skipped.
Assembly Unity.RenderPipelines.Universal.Config.Editor.Tests.dll at Library/ScriptAssemblies/Unity.RenderPipelines.Universal.Config.Editor.Tests.dll not valid. Loading of assembly skipped.
Assembly Unity.RenderPipelines.Universal.Editor.Tests.dll at Library/ScriptAssemblies/Unity.RenderPipelines.Universal.Editor.Tests.dll not valid. Loading of assembly skipped.
Assembly Unity.RenderPipelines.Universal.Runtime.Tests.dll at Library/ScriptAssemblies/Unity.RenderPipelines.Universal.Runtime.Tests.dll not valid. Loading of assembly skipped.
Assembly Unity.Searcher.EditorTests.dll at Library/ScriptAssemblies/Unity.Searcher.EditorTests.dll not valid. Loading of assembly skipped.
Assembly Unity.Settings.Tests.dll at Library/ScriptAssemblies/Unity.Settings.Tests.dll not valid. Loading of assembly skipped.
Assembly Unity.ShaderGraph.Editor.Tests.dll at Library/ScriptAssemblies/Unity.ShaderGraph.Editor.Tests.dll not valid. Loading of assembly skipped.
Assembly Unity.TextMeshPro.Editor.Tests.dll at Library/ScriptAssemblies/Unity.TextMeshPro.Editor.Tests.dll not valid. Loading of assembly skipped.
Assembly Unity.TextMeshPro.Tests.dll at Library/ScriptAssemblies/Unity.TextMeshPro.Tests.dll not valid. Loading of assembly skipped.
Assembly Unity.UnifiedRayTracing.Editor.Tests.dll at Library/ScriptAssemblies/Unity.UnifiedRayTracing.Editor.Tests.dll not valid. Loading of assembly skipped.
Assembly UnityEditor.UI.Common.Tests.dll at Library/ScriptAssemblies/UnityEditor.UI.Common.Tests.dll not valid. Loading of assembly skipped.
Assembly UnityEditor.UI.EditorTests.dll at Library/ScriptAssemblies/UnityEditor.UI.EditorTests.dll not valid. Loading of assembly skipped.
Assembly UnityEngine.UI.Tests.dll at Library/ScriptAssemblies/UnityEngine.UI.Tests.dll not valid. Loading of assembly skipped.
Native extension for WindowsStandalone target not found
Native extension for WebGL target not found
[Package Manager] Failed to launch server process. Reason: Unity was launched with the -noUpm command-line argument
[Package Manager] Unable to send message (not connected to server process).
[Package Manager] Cannot connect to Unity Package Manager local server
[Package Manager] Failed to launch server process. Reason: Unity was launched with the -noUpm command-line argument
[Package Manager] Unable to send message (not connected to server process).
[Package Manager] Cannot connect to Unity Package Manager local server
[Package Manager] Failed to launch server process. Reason: Unity was launched with the -noUpm command-line argument
[Package Manager] Unable to send message (not connected to server process).
[Package Manager] Cannot connect to Unity Package Manager local server
[MODES] ModeService[none].Initialize
[MODES] ModeService[none].LoadModes
ScheduleIndexationOnStartup MainProcess:False IndexOnStartup:True
Mono: successfully reloaded assembly
- Finished resetting the current domain, in  0.606 seconds
Domain Reload Profiling: 2158ms
	BeginReloadAssembly (1164ms)
		DisableScriptedObjects (4ms)
		CreateAndSetChildDomain (1039ms)
	RebuildCommonClasses (30ms)
	RebuildNativeTypeToScriptingClass (10ms)
	initialDomainReloadingComplete (40ms)
	LoadAllAssembliesAndSetupDomain (308ms)
		LoadAssemblies (226ms)
		AnalyzeDomain (143ms)
			TypeCache.Refresh (6ms)
			BuildScriptInfoCaches (125ms)
			ResolveRequiredComponents (12ms)
	FinalizeReload (607ms)
		SetupLoadedEditorAssemblies (0ms)
			BeforeProcessingInitializeOnLoad (126ms)
			ProcessInitializeOnLoadAttributes (189ms)
			ProcessInitializeOnLoadMethodAttributes (116ms)
			AfterProcessingInitializeOnLoad (4ms)
		AwakeInstancesAfterBackupRestoration (15ms)
Unloading 25 Unused Serialized files (Serialized files now loaded: 0)
Unloading 6503 unused Assets / (5.7 MB). Loaded Objects now: 7424.
Memory consumption went from 240.3 MB to 234.6 MB.
Total: 8.338400 ms (FindLiveObjects: 0.599100 ms CreateObjectMapping: 0.490200 ms MarkObjects: 4.382700 ms  DeleteObjects: 2.864600 ms)

Prepare: number of updated asset objects reloaded= 0
========================================================================
Received Prepare
Begin MonoManager ReloadAssembly
[Licensing::Client] Successfully resolved entitlement details
ADTM: Control thread waiting for realtime thread timed out, have to lock...
Assembly Assembly-CSharp-Editor-firstpass.dll at Library/ScriptAssemblies/Assembly-CSharp-Editor-firstpass.dll not valid. Loading of assembly skipped.
Assembly Assembly-CSharp-firstpass.dll at Library/ScriptAssemblies/Assembly-CSharp-firstpass.dll not valid. Loading of assembly skipped.
Assembly DocCodeExamples.dll at Library/ScriptAssemblies/DocCodeExamples.dll not valid. Loading of assembly skipped.
Assembly TestNewCustomAssembly.dll at Library/ScriptAssemblies/TestNewCustomAssembly.dll not valid. Loading of assembly skipped.
Assembly Unity.Collections.BurstCompatibilityGen.dll at Library/ScriptAssemblies/Unity.Collections.BurstCompatibilityGen.dll not valid. Loading of assembly skipped.
Assembly Unity.Collections.DocCodeSamples.dll at Library/ScriptAssemblies/Unity.Collections.DocCodeSamples.dll not valid. Loading of assembly skipped.
Assembly Unity.Collections.PerformanceTests.dll at Library/ScriptAssemblies/Unity.Collections.PerformanceTests.dll not valid. Loading of assembly skipped.
Assembly Unity.Collections.Tests.dll at Library/ScriptAssemblies/Unity.Collections.Tests.dll not valid. Loading of assembly skipped.
Assembly Unity.Collections.Tests.Playmode.dll at Library/ScriptAssemblies/Unity.Collections.Tests.Playmode.dll not valid. Loading of assembly skipped.
Assembly Unity.InputSystem.IntegrationTests.dll at Library/ScriptAssemblies/Unity.InputSystem.IntegrationTests.dll not valid. Loading of assembly skipped.
Assembly Unity.Mathematics.Tests.dll at Library/ScriptAssemblies/Unity.Mathematics.Tests.dll not valid. Loading of assembly skipped.
Assembly Unity.Multiplayer.Center.Editor.Tests.dll at Library/ScriptAssemblies/Unity.Multiplayer.Center.Editor.Tests.dll not valid. Loading of assembly skipped.
Assembly Unity.Multiplayer.Center.Tests.dll at Library/ScriptAssemblies/Unity.Multiplayer.Center.Tests.dll not valid. Loading of assembly skipped.
Assembly Unity.Nuget.Mono-Cecil.dll at Library/ScriptAssemblies/Unity.Nuget.Mono-Cecil.dll not valid. Loading of assembly skipped.
Assembly Unity.PathTracing.Editor.Tests.dll at Library/ScriptAssemblies/Unity.PathTracing.Editor.Tests.dll not valid. Loading of assembly skipped.
Assembly Unity.PathTracing.Runtime.Tests.dll at Library/ScriptAssemblies/Unity.PathTracing.Runtime.Tests.dll not valid. Loading of assembly skipped.
Assembly Unity.RenderPipelines.Core.Editor.Tests.dll at Library/ScriptAssemblies/Unity.RenderPipelines.Core.Editor.Tests.dll not valid. Loading of assembly skipped.
Assembly Unity.RenderPipelines.Core.Runtime.Tests.dll at Library/ScriptAssemblies/Unity.RenderPipelines.Core.Runtime.Tests.dll not valid. Loading of assembly skipped.
Assembly Unity.RenderPipelines.Universal.Config.Editor.Tests.dll at Library/ScriptAssemblies/Unity.RenderPipelines.Universal.Config.Editor.Tests.dll not valid. Loading of assembly skipped.
Assembly Unity.RenderPipelines.Universal.Editor.Tests.dll at Library/ScriptAssemblies/Unity.RenderPipelines.Universal.Editor.Tests.dll not valid. Loading of assembly skipped.
Assembly Unity.RenderPipelines.Universal.Runtime.Tests.dll at Library/ScriptAssemblies/Unity.RenderPipelines.Universal.Runtime.Tests.dll not valid. Loading of assembly skipped.
Assembly Unity.Searcher.EditorTests.dll at Library/ScriptAssemblies/Unity.Searcher.EditorTests.dll not valid. Loading of assembly skipped.
Assembly Unity.Settings.Tests.dll at Library/ScriptAssemblies/Unity.Settings.Tests.dll not valid. Loading of assembly skipped.
Assembly Unity.ShaderGraph.Editor.Tests.dll at Library/ScriptAssemblies/Unity.ShaderGraph.Editor.Tests.dll not valid. Loading of assembly skipped.
Assembly Unity.TextMeshPro.Editor.Tests.dll at Library/ScriptAssemblies/Unity.TextMeshPro.Editor.Tests.dll not valid. Loading of assembly skipped.
Assembly Unity.TextMeshPro.Tests.dll at Library/ScriptAssemblies/Unity.TextMeshPro.Tests.dll not valid. Loading of assembly skipped.
Assembly Unity.UnifiedRayTracing.Editor.Tests.dll at Library/ScriptAssemblies/Unity.UnifiedRayTracing.Editor.Tests.dll not valid. Loading of assembly skipped.
Assembly UnityEditor.UI.Common.Tests.dll at Library/ScriptAssemblies/UnityEditor.UI.Common.Tests.dll not valid. Loading of assembly skipped.
Assembly UnityEditor.UI.EditorTests.dll at Library/ScriptAssemblies/UnityEditor.UI.EditorTests.dll not valid. Loading of assembly skipped.
Assembly UnityEngine.UI.Tests.dll at Library/ScriptAssemblies/UnityEngine.UI.Tests.dll not valid. Loading of assembly skipped.
Native extension for WindowsStandalone target not found
Native extension for WebGL target not found
[Package Manager] Failed to launch server process. Reason: Unity was launched with the -noUpm command-line argument
[Package Manager] Unable to send message (not connected to server process).
[Package Manager] Cannot connect to Unity Package Manager local server
[Package Manager] Failed to launch server process. Reason: Unity was launched with the -noUpm command-line argument
[Package Manager] Unable to send message (not connected to server process).
[Package Manager] Cannot connect to Unity Package Manager local server
[Package Manager] Failed to launch server process. Reason: Unity was launched with the -noUpm command-line argument
[Package Manager] Unable to send message (not connected to server process).
[Package Manager] Cannot connect to Unity Package Manager local server
[MODES] ModeService[none].Initialize
[MODES] ModeService[none].LoadModes
ScheduleIndexationOnStartup MainProcess:False IndexOnStartup:True
Mono: successfully reloaded assembly
- Finished resetting the current domain, in  0.665 seconds
Domain Reload Profiling: 2221ms
	BeginReloadAssembly (1165ms)
		DisableScriptedObjects (4ms)
		CreateAndSetChildDomain (1040ms)
	RebuildCommonClasses (30ms)
	RebuildNativeTypeToScriptingClass (10ms)
	initialDomainReloadingComplete (38ms)
	LoadAllAssembliesAndSetupDomain (312ms)
		LoadAssemblies (231ms)
		AnalyzeDomain (141ms)
			TypeCache.Refresh (7ms)
			BuildScriptInfoCaches (124ms)
			ResolveRequiredComponents (9ms)
	FinalizeReload (666ms)
		SetupLoadedEditorAssemblies (0ms)
			InitializePlatformSupportModulesInManaged (3ms)
			BeforeProcessingInitializeOnLoad (122ms)
			ProcessInitializeOnLoadAttributes (221ms)
			ProcessInitializeOnLoadMethodAttributes (136ms)
			AfterProcessingInitializeOnLoad (5ms)
		AwakeInstancesAfterBackupRestoration (16ms)
Unloading 25 Unused Serialized files (Serialized files now loaded: 0)
Unloading 6503 unused Assets / (5.8 MB). Loaded Objects now: 7426.
Memory consumption went from 244.3 MB to 238.5 MB.
Total: 8.342700 ms (FindLiveObjects: 0.564800 ms CreateObjectMapping: 0.400100 ms MarkObjects: 4.536200 ms  DeleteObjects: 2.840400 ms)

Prepare: number of updated asset objects reloaded= 0
========================================================================
Received Import Request.
  Time since last request: 3615.498385 seconds.
  path: Assets/Project/Animation/Door_Closing.anim
  importAddress: Guid(99bd2aadb28b09749a5e59fb0f56c999) Importer(2089858483,b0f066a214c2f5e87bad3c948f4d605d)
Start importing Assets/Project/Animation/Door_Closing.anim using Guid(99bd2aadb28b09749a5e59fb0f56c999) Importer(2089858483,b0f066a214c2f5e87bad3c948f4d605d) (ScriptedImporter) -> (Import Result ID: '05b721a234fcb5317c7f19b4d716f66a') in 0.0732674 seconds [static and dynamic dependencies]. Details - ImportResultOutputID=a6515102d194fa8d222586e2c1fb3d2a DependenciesID=efbe61e6772d2c8f01f09ce6229518a6 StaticDependenciesID=36e749a5b1e3aa003277f7ede9e5c3d0 
Number of updated asset objects reloaded before import = 0Number of asset objects unloaded after import = 1

========================================================================
Received Import Request.
  Time since last request: 0.355023 seconds.
  path: Assets/Project/Animation/Door_Open.anim
  importAddress: Guid(355ed5841cf50a24abb7b3410d846ee2) Importer(2089858483,b0f066a214c2f5e87bad3c948f4d605d)
Start importing Assets/Project/Animation/Door_Open.anim using Guid(355ed5841cf50a24abb7b3410d846ee2) Importer(2089858483,b0f066a214c2f5e87bad3c948f4d605d) (ScriptedImporter) -> (Import Result ID: 'ac39155a258f66e155f81ac4cf6d926f') in 0.0051517 seconds [static and dynamic dependencies]. Details - ImportResultOutputID=71c330df6a53c8ca856a7cab8b790cfa DependenciesID=40181f54e8a2b4e5ba52524ed4110138 StaticDependenciesID=8829e133f7943e68217290eada5faf0b 
Number of updated asset objects reloaded before import = 0Number of asset objects unloaded after import = 1

========================================================================
Received Import Request.
  Time since last request: 0.000014 seconds.
  path: Assets/Project/Animation/Door_Opening.anim
  importAddress: Guid(794d995cb7cdb354fa3336c57d62ae27) Importer(2089858483,b0f066a214c2f5e87bad3c948f4d605d)
Start importing Assets/Project/Animation/Door_Opening.anim using Guid(794d995cb7cdb354fa3336c57d62ae27) Importer(2089858483,b0f066a214c2f5e87bad3c948f4d605d) (ScriptedImporter) -> (Import Result ID: 'dbd2d8437d73559996ef11228b6ed06f') in 0.0029204 seconds [static and dynamic dependencies]. Details - ImportResultOutputID=74d097174d2e5795cbe16322ff386b31 DependenciesID=ef8cf0ed20480e90f955cfa40541411d StaticDependenciesID=0bde4185980c43ffe524c636f5c0d598 
Number of updated asset objects reloaded before import = 0Number of asset objects unloaded after import = 1

Editor requested this worker to shutdown with reason: Scaling down because of idle timeout
AssetImportWorker is now disconnected from the server
Process exiting
Exiting without the bug reporter. Application will terminate with return code 0