[Licensing::Module] Trying to connect to existing licensing client channel...
Built from '6000.4/staging' branch; Version is '6000.4.6f1 (0b051c2e5d54) revision 722204'; Using compiler version '194234433'; Build Type 'Release'
OS: 'Windows 11  (10.0.26200) CoreSingleLanguage' Language: 'en' Physical Memory: 16091 MB
[Licensing::IpcConnector] Successfully connected to: "LicenseClient-LOQ" at "2026-06-17T17:26:27.2334895Z"
BatchMode: 1, IsHumanControllingUs: 0, StartBugReporterOnCrash: 0, Is64bit: 1
System  architecture: x64
Process architecture: x64
Date: 2026-06-17T17:26:27Z

COMMAND LINE ARGUMENTS:
C:\Program Files\Unity\Hub\Editor\6000.4.6f1\Editor\Unity.exe
-adb2
-batchMode
-noUpm
-name
AssetImportWorker2
-projectPath
D:/Kuliah/Virtual Reality/3d-elevator-system
-logFile
Logs/AssetImportWorker2.log
-srvPort
54724
-licensingIpc
LicenseClient-LOQ
-force-d3d12
-job-worker-count
7
-background-job-worker-count
8
-gc-helper-count
1
-name
AssetImport
Successfully changed project path to: D:/Kuliah/Virtual Reality/3d-elevator-system
D:/Kuliah/Virtual Reality/3d-elevator-system
[UnityMemory] Configuration Parameters - Can be set up in boot.config
    "memorysetup-temp-allocator-size-gi-baking-worker=262144"
    "memorysetup-temp-allocator-size-gi-baking-worker=262144"
    "memorysetup-temp-allocator-size-gi-baking-worker=262144"
    "memorysetup-temp-allocator-size-gi-baking-worker=262144"
    "memorysetup-temp-allocator-size-gi-baking-worker=262144"
    "memorysetup-temp-allocator-size-nav-mesh-worker=65536"
    "memorysetup-temp-allocator-size-audio-worker=65536"
    "memorysetup-temp-allocator-size-cloud-worker=32768"
    "memorysetup-temp-allocator-size-gfx=262144"
    "memorysetup-temp-allocator-size-preload-manager=33554432"
    "memorysetup-temp-allocator-size-job-worker=262144"
    "memorysetup-temp-allocator-size-background-worker=32768"
    "memorysetup-allocator-temp-initial-block-size-main=262144"
    "memorysetup-allocator-temp-initial-block-size-worker=262144"
    "memorysetup-bucket-allocator-granularity=16"
    "memorysetup-bucket-allocator-bucket-count=8"
    "memorysetup-bucket-allocator-block-size=33554432"
    "memorysetup-bucket-allocator-block-count=8"
    "memorysetup-main-allocator-block-size=16777216"
    "memorysetup-thread-allocator-block-size=16777216"
    "memorysetup-gfx-main-allocator-block-size=16777216"
    "memorysetup-gfx-thread-allocator-block-size=16777216"
    "memorysetup-cache-allocator-block-size=4194304"
    "memorysetup-typetree-allocator-block-size=2097152"
    "memorysetup-profiler-bucket-allocator-granularity=16"
    "memorysetup-profiler-bucket-allocator-bucket-count=8"
    "memorysetup-profiler-bucket-allocator-block-size=33554432"
    "memorysetup-profiler-bucket-allocator-block-count=8"
    "memorysetup-profiler-allocator-block-size=16777216"
    "memorysetup-profiler-editor-allocator-block-size=1048576"
    "memorysetup-temp-allocator-size-main=16777216"
    "memorysetup-job-temp-allocator-block-size=2097152"
    "memorysetup-job-temp-allocator-block-size-background=1048576"
    "memorysetup-job-temp-allocator-reduction-small-platforms=262144"
Player connection [32572]  Target information:

Player connection [32572]  * "[IP] 192.168.56.1 [Port] 0 [Flags] 2 [Guid] 107597745 [EditorId] 107597745 [Version] 1048832 [Id] WindowsEditor(7,LAPTOP-F8GBUHJM) [Debug] 1 [PackageName] WindowsEditor [ProjectName] Editor" 

Player connection [32572]  * "[IP] 10.135.62.109 [Port] 0 [Flags] 2 [Guid] 107597745 [EditorId] 107597745 [Version] 1048832 [Id] WindowsEditor(7,LAPTOP-F8GBUHJM) [Debug] 1 [PackageName] WindowsEditor [ProjectName] Editor" 

Player connection [32572] Host joined multi-casting on [225.0.0.222:54997]...
Player connection [32572] Host joined alternative multi-casting on [225.0.0.222:34997]...
JobSystem: Creating JobQueue using job-worker-count value 7
Input System module state changed to: Initialized.
[Physics::Module] Initialized fallback backend.
[Physics::Module] Id: 0xdecafbad
Library Redirect Path: Library/
[Physics::Module] Selected backend.
[Physics::Module] Name: PhysX
[Physics::Module] Id: 0xf2b8ea05
[Physics::Module] SDK Version: 4.1.2
[Physics::Module] Integration Version: 1.0.0
[Physics::Module] Threading Mode: Multi-Threaded
Refreshing native plugins compatible for Editor in 4.87 ms, found 1 plugins.
Initialize engine version: 6000.4.6f1 (0b051c2e5d54)
[Subsystems] Discovering subsystems at path C:/Program Files/Unity/Hub/Editor/6000.4.6f1/Editor/Data/Resources/UnitySubsystems
[Subsystems] Discovering subsystems at path D:/Kuliah/Virtual Reality/3d-elevator-system/Assets
Forcing GfxDevice: Direct3D 12
GfxDevice: creating device client; kGfxThreadingModeNonThreaded
d3d12: failed to query info queue interface (0x80004002).
Direct3D:
    Version:         Direct3D 12 [level 12.2]
    Renderer:        NVIDIA GeForce RTX 3050 6GB Laptop GPU (ID=0x25ec)
    Vendor:          NVIDIA
    VRAM:            6002 MB
    App VRAM Budget: 5234 MB
    Driver:          32.0.15.8186
Initialize mono
Mono path[0] = 'C:/Program Files/Unity/Hub/Editor/6000.4.6f1/Editor/Data/Managed'
Mono path[1] = 'C:/Program Files/Unity/Hub/Editor/6000.4.6f1/Editor/Data/MonoBleedingEdge/lib/mono/unityjit-win32'
Mono config path = 'C:/Program Files/Unity/Hub/Editor/6000.4.6f1/Editor/Data/MonoBleedingEdge/etc'
Using monoOptions --debugger-agent=transport=dt_socket,embedding=1,server=y,suspend=n,address=127.0.0.1:56672
CodeReloadManager initialized
Begin MonoManager ReloadAssembly
Registering precompiled unity dll's ...
Register platform support module: C:/Program Files/Unity/Hub/Editor/6000.4.6f1/Editor/Data/PlaybackEngines/WebGLSupport/UnityEditor.WebGL.Extensions.dll
Register platform support module: C:/Program Files/Unity/Hub/Editor/6000.4.6f1/Editor/Data/PlaybackEngines/WindowsStandaloneSupport/UnityEditor.WindowsStandalone.Extensions.dll
Registered in 0.001185 seconds.
Native extension for WindowsStandalone target not found
Native extension for WebGL target not found
[Licensing::Client] Error: HandshakeResponse reported an error:
	ResponseCode: 505
	ResponseStatus: Unsupported protocol version '1.18.1'.
[Licensing::Module] Error: Failed to handshake to channel: "LicenseClient-LOQ"
[Licensing::IpcConnector] LicenseClient-LOQ channel disconnected successfully.
[Licensing::IpcConnector] Successfully connected to: "LicenseClient-LOQ-6000.4.6" at "2026-06-17T17:26:29.4457413Z"
[Licensing::Client] Code 10 while verifying Licensing Client signature (process Id: 11068, path: "C:/Program Files/Unity/Hub/Editor/6000.4.6f1/Editor/Data/Resources/Licensing/Client/Unity.Licensing.Client.exe")
[Licensing::Module] LicensingClient has failed validation; ignoring
[Licensing::Client] Handshaking with LicensingClient:
  Version:                 1.18.1+9fbee8e
  Session Id:              d5fdd2e034454e4cb7569e75362225fc
  Correlation Id:          4bf5dc600c1db5c51dc2b9ec8367c116
  External correlation Id: 3557270700483226699
  Machine Id:              OYKFVGYTU/U7QT+36Tnk/ih5/gY=
[Licensing::Module] Successfully connected to LicensingClient on channel: "LicenseClient-LOQ-6000.4.6" (connect: 0.00s, validation: 0.00s, handshake: 0.01s)
[Licensing::IpcConnector] Successfully connected to: "LicenseClient-LOQ-6000.4.6-notifications" at "2026-06-17T17:26:29.4600242Z"
[Licensing::Module] Licensing Background thread has ended after 2.23s
Package Manager log level set to [2]
[Package Manager] Failed to launch server process. Reason: Unity was launched with the -noUpm command-line argument
[Package Manager] Unable to send message (not connected to server process).
[Package Manager] Cannot connect to Unity Package Manager local server
ScheduleIndexationOnStartup MainProcess:False IndexOnStartup:True
Mono: successfully reloaded assembly
- Finished resetting the current domain, in  0.419 seconds
Domain Reload Profiling: 879ms
	BeginReloadAssembly (138ms)
	RebuildCommonClasses (35ms)
	RebuildNativeTypeToScriptingClass (13ms)
	initialDomainReloadingComplete (60ms)
	LoadAllAssembliesAndSetupDomain (214ms)
		LoadAssemblies (136ms)
		AnalyzeDomain (205ms)
			TypeCache.Refresh (204ms)
				TypeCache.ScanAssembly (187ms)
	FinalizeReload (420ms)
		SetupLoadedEditorAssemblies (0ms)
			InitializePlatformSupportModulesInManaged (52ms)
			BeforeProcessingInitializeOnLoad (89ms)
			ProcessInitializeOnLoadAttributes (109ms)
			ProcessInitializeOnLoadMethodAttributes (95ms)
========================================================================
Worker process is ready to serve import requests
Import Worker Mode flag is 0x00
Begin MonoManager ReloadAssembly
[Licensing::Client] Successfully resolved entitlement details
[Licensing::Module] License group:
  Id: 18968439435909-UnityPersXXXX
  Product: Unity Personal
  Type: Assigned
  Expiration: Unlimited
Assembly Assembly-CSharp-Editor-firstpass.dll at Library/ScriptAssemblies/Assembly-CSharp-Editor-firstpass.dll not valid. Loading of assembly skipped.
Assembly Assembly-CSharp-firstpass.dll at Library/ScriptAssemblies/Assembly-CSharp-firstpass.dll not valid. Loading of assembly skipped.
Assembly DocCodeExamples.dll at Library/ScriptAssemblies/DocCodeExamples.dll not valid. Loading of assembly skipped.
Assembly TestNewCustomAssembly.dll at Library/ScriptAssemblies/TestNewCustomAssembly.dll not valid. Loading of assembly skipped.
Assembly Unity.Collections.BurstCompatibilityGen.dll at Library/ScriptAssemblies/Unity.Collections.BurstCompatibilityGen.dll not valid. Loading of assembly skipped.
Assembly Unity.Collections.DocCodeSamples.dll at Library/ScriptAssemblies/Unity.Collections.DocCodeSamples.dll not valid. Loading of assembly skipped.
Assembly Unity.Collections.PerformanceTests.dll at Library/ScriptAssemblies/Unity.Collections.PerformanceTests.dll not valid. Loading of assembly skipped.
Assembly Unity.Collections.Tests.dll at Library/ScriptAssemblies/Unity.Collections.Tests.dll not valid. Loading of assembly skipped.
Assembly Unity.Collections.Tests.Playmode.dll at Library/ScriptAssemblies/Unity.Collections.Tests.Playmode.dll not valid. Loading of assembly skipped.
Assembly Unity.InputSystem.IntegrationTests.dll at Library/ScriptAssemblies/Unity.InputSystem.IntegrationTests.dll not valid. Loading of assembly skipped.
Assembly Unity.Mathematics.Tests.dll at Library/ScriptAssemblies/Unity.Mathematics.Tests.dll not valid. Loading of assembly skipped.
Assembly Unity.Multiplayer.Center.Editor.Tests.dll at Library/ScriptAssemblies/Unity.Multiplayer.Center.Editor.Tests.dll not valid. Loading of assembly skipped.
Assembly Unity.Multiplayer.Center.Tests.dll at Library/ScriptAssemblies/Unity.Multiplayer.Center.Tests.dll not valid. Loading of assembly skipped.
Assembly Unity.Nuget.Mono-Cecil.dll at Library/ScriptAssemblies/Unity.Nuget.Mono-Cecil.dll not valid. Loading of assembly skipped.
Assembly Unity.PathTracing.Editor.Tests.dll at Library/ScriptAssemblies/Unity.PathTracing.Editor.Tests.dll not valid. Loading of assembly skipped.
Assembly Unity.PathTracing.Runtime.Tests.dll at Library/ScriptAssemblies/Unity.PathTracing.Runtime.Tests.dll not valid. Loading of assembly skipped.
Assembly Unity.RenderPipelines.Core.Editor.Tests.dll at Library/ScriptAssemblies/Unity.RenderPipelines.Core.Editor.Tests.dll not valid. Loading of assembly skipped.
Assembly Unity.RenderPipelines.Core.Runtime.Tests.dll at Library/ScriptAssemblies/Unity.RenderPipelines.Core.Runtime.Tests.dll not valid. Loading of assembly skipped.
Assembly Unity.RenderPipelines.Universal.Config.Editor.Tests.dll at Library/ScriptAssemblies/Unity.RenderPipelines.Universal.Config.Editor.Tests.dll not valid. Loading of assembly skipped.
Assembly Unity.RenderPipelines.Universal.Editor.Tests.dll at Library/ScriptAssemblies/Unity.RenderPipelines.Universal.Editor.Tests.dll not valid. Loading of assembly skipped.
Assembly Unity.RenderPipelines.Universal.Runtime.Tests.dll at Library/ScriptAssemblies/Unity.RenderPipelines.Universal.Runtime.Tests.dll not valid. Loading of assembly skipped.
Assembly Unity.Searcher.EditorTests.dll at Library/ScriptAssemblies/Unity.Searcher.EditorTests.dll not valid. Loading of assembly skipped.
Assembly Unity.Settings.Tests.dll at Library/ScriptAssemblies/Unity.Settings.Tests.dll not valid. Loading of assembly skipped.
Assembly Unity.ShaderGraph.Editor.Tests.dll at Library/ScriptAssemblies/Unity.ShaderGraph.Editor.Tests.dll not valid. Loading of assembly skipped.
Assembly Unity.TextMeshPro.Editor.Tests.dll at Library/ScriptAssemblies/Unity.TextMeshPro.Editor.Tests.dll not valid. Loading of assembly skipped.
Assembly Unity.TextMeshPro.Tests.dll at Library/ScriptAssemblies/Unity.TextMeshPro.Tests.dll not valid. Loading of assembly skipped.
Assembly Unity.UnifiedRayTracing.Editor.Tests.dll at Library/ScriptAssemblies/Unity.UnifiedRayTracing.Editor.Tests.dll not valid. Loading of assembly skipped.
Assembly UnityEditor.UI.Common.Tests.dll at Library/ScriptAssemblies/UnityEditor.UI.Common.Tests.dll not valid. Loading of assembly skipped.
Assembly UnityEditor.UI.EditorTests.dll at Library/ScriptAssemblies/UnityEditor.UI.EditorTests.dll not valid. Loading of assembly skipped.
Assembly UnityEngine.UI.Tests.dll at Library/ScriptAssemblies/UnityEngine.UI.Tests.dll not valid. Loading of assembly skipped.
Refreshing native plugins compatible for Editor in 2.19 ms, found 1 plugins.
Native extension for WindowsStandalone target not found
Native extension for WebGL target not found
[Package Manager] Failed to launch server process. Reason: Unity was launched with the -noUpm command-line argument
[Package Manager] Unable to send message (not connected to server process).
[Package Manager] Cannot connect to Unity Package Manager local server
[Package Manager] Failed to launch server process. Reason: Unity was launched with the -noUpm command-line argument
[Package Manager] Unable to send message (not connected to server process).
[Package Manager] Cannot connect to Unity Package Manager local server
[Package Manager] Failed to launch server process. Reason: Unity was launched with the -noUpm command-line argument
[Package Manager] Unable to send message (not connected to server process).
[Package Manager] Cannot connect to Unity Package Manager local server
[MODES] ModeService[none].Initialize
[MODES] ModeService[none].LoadModes
[MODES] Loading mode Default (0) for mode-current-id-Elevator Floor Selection Panel
ScheduleIndexationOnStartup MainProcess:False IndexOnStartup:True
Mono: successfully reloaded assembly
- Finished resetting the current domain, in  0.570 seconds
Domain Reload Profiling: 1276ms
	BeginReloadAssembly (147ms)
		DisableScriptedObjects (5ms)
		CreateAndSetChildDomain (24ms)
	RebuildCommonClasses (31ms)
	RebuildNativeTypeToScriptingClass (10ms)
	initialDomainReloadingComplete (77ms)
	LoadAllAssembliesAndSetupDomain (440ms)
		LoadAssemblies (328ms)
		AnalyzeDomain (192ms)
			TypeCache.Refresh (127ms)
				TypeCache.ScanAssembly (110ms)
			BuildScriptInfoCaches (54ms)
			ResolveRequiredComponents (9ms)
	FinalizeReload (571ms)
		SetupLoadedEditorAssemblies (0ms)
			BeforeProcessingInitializeOnLoad (110ms)
			ProcessInitializeOnLoadAttributes (160ms)
			ProcessInitializeOnLoadMethodAttributes (105ms)
			AfterProcessingInitializeOnLoad (4ms)
		AwakeInstancesAfterBackupRestoration (5ms)
Launched and connected shader compiler UnityShaderCompiler.exe after 0.01 seconds
Unloading 25 Unused Serialized files (Serialized files now loaded: 0)
Unloading 6514 unused Assets / (5.0 MB). Loaded Objects now: 7376.
Memory consumption went from 164.9 MB to 160.0 MB.
Total: 8.893200 ms (FindLiveObjects: 1.545200 ms CreateObjectMapping: 0.376500 ms MarkObjects: 5.184300 ms  DeleteObjects: 1.785300 ms)

========================================================================
Received Import Request.
  Time since last request: 38304.818845 seconds.
  path: Assets/Project/Animation/ElevatorDoor.controller
  importAddress: Guid(8fed738066983b148b09b4982a958af0) Importer(2089858483,b0f066a214c2f5e87bad3c948f4d605d)
Start importing Assets/Project/Animation/ElevatorDoor.controller using Guid(8fed738066983b148b09b4982a958af0) Importer(2089858483,b0f066a214c2f5e87bad3c948f4d605d) (ScriptedImporter) -> (Import Result ID: '9b25f5499b9db6df27a582d18db00928') in 0.100028 seconds [static and dynamic dependencies]. Details - ImportResultOutputID=ffd2e9d3dfc68942509a549d4d18af1e DependenciesID=ca64e4125f47bb779635b16977b751b7 StaticDependenciesID=5fec0c2c0d13dbb0a93b2a49e89767ea 
Number of updated asset objects reloaded before import = 0Number of asset objects unloaded after import = 10

========================================================================
Received Import Request.
  Time since last request: 0.000029 seconds.
  path: Assets/LoafbrrAssets/Interiors_A/prefabs/Decal/Floor_Separator_2m.prefab
  importAddress: Guid(1441e4615546cb44da390605eb39ba3a) Importer(2089858483,b0f066a214c2f5e87bad3c948f4d605d)
Start importing Assets/LoafbrrAssets/Interiors_A/prefabs/Decal/Floor_Separator_2m.prefab using Guid(1441e4615546cb44da390605eb39ba3a) Importer(2089858483,b0f066a214c2f5e87bad3c948f4d605d) (ScriptedImporter) -> (Import Result ID: 'c563d08b7494943ea3f2ee31a90d5769') in 0.0502272 seconds [static and dynamic dependencies]. Details - ImportResultOutputID=f194ac766e0574705c1852ed9872d1eb DependenciesID=529725543a6777a8f8321a61b70800ae StaticDependenciesID=59748a432d555dde69d78f9aac5fec7d 
Number of updated asset objects reloaded before import = 0Number of asset objects unloaded after import = 9

========================================================================
Received Import Request.
  Time since last request: 0.000025 seconds.
  path: Assets/Enviroment/enviroment/Office building/Prefabs/Folder blue prefab.prefab
  importAddress: Guid(ec8c1db574489b34eb3dce6755765b51) Importer(2089858483,b0f066a214c2f5e87bad3c948f4d605d)
Start importing Assets/Enviroment/enviroment/Office building/Prefabs/Folder blue prefab.prefab using Guid(ec8c1db574489b34eb3dce6755765b51) Importer(2089858483,b0f066a214c2f5e87bad3c948f4d605d) (ScriptedImporter) -> (Import Result ID: 'ba134045f6ef045aa62e14be3b374d63') in 0.0064891 seconds [static and dynamic dependencies]. Details - ImportResultOutputID=76da9ee17a881c8a6561828e87c92c64 DependenciesID=242df9936b6a9d6c0915e0d794b23cbb StaticDependenciesID=db69a17361991b50b43984f4d5c0d1f8 
Number of updated asset objects reloaded before import = 0Number of asset objects unloaded after import = 10

========================================================================
Received Import Request.
  Time since last request: 0.000027 seconds.
  path: Assets/LoafbrrAssets/Interiors_A/texture/Surface_Floor_B
  importAddress: Guid(aa4e839056203e741a720992bdc54314) Importer(2089858483,b0f066a214c2f5e87bad3c948f4d605d)
Start importing Assets/LoafbrrAssets/Interiors_A/texture/Surface_Floor_B using Guid(aa4e839056203e741a720992bdc54314) Importer(2089858483,b0f066a214c2f5e87bad3c948f4d605d) (ScriptedImporter) -> (Import Result ID: 'fc4f3e247b98f54446a6ffb333fb87cd') in 0.0025436 seconds [static and dynamic dependencies]. Details - ImportResultOutputID=a76443a3eef7fbe0898b8a44f7716d05 DependenciesID=847e815e86de35fda500c6789a3ff113 StaticDependenciesID=1d228d80f313ba0ea2cc3326db56ccc3 
Number of updated asset objects reloaded before import = 0Number of asset objects unloaded after import = 1

========================================================================
Received Import Request.
  Time since last request: 0.000018 seconds.
  path: Assets/LoafbrrAssets/Interiors_A/prefabs/Decal/Decal_Grate_1m.prefab
  importAddress: Guid(36671f2f3b8d6a44cb40b63851dbb773) Importer(2089858483,b0f066a214c2f5e87bad3c948f4d605d)
Start importing Assets/LoafbrrAssets/Interiors_A/prefabs/Decal/Decal_Grate_1m.prefab using Guid(36671f2f3b8d6a44cb40b63851dbb773) Importer(2089858483,b0f066a214c2f5e87bad3c948f4d605d) (ScriptedImporter) -> (Import Result ID: 'ee3a0e63e341ab2b3815256d469913ec') in 0.00937 seconds [static and dynamic dependencies]. Details - ImportResultOutputID=fd529fba8333a0d166421201bbfd9ddc DependenciesID=02667e52e699d57484736917a82ca133 StaticDependenciesID=6c8e638eb51c2d2af7a4bb4378b4cea8 
Number of updated asset objects reloaded before import = 0Number of asset objects unloaded after import = 9

========================================================================
Received Import Request.
  Time since last request: 0.000026 seconds.
  path: Assets/Enviroment/enviroment/Office building/textures/Props/used/Office table 2.png
  importAddress: Guid(41509875dfaffe9448f0ee3e57ff9fa2) Importer(2089858483,b0f066a214c2f5e87bad3c948f4d605d)
Start importing Assets/Enviroment/enviroment/Office building/textures/Props/used/Office table 2.png using Guid(41509875dfaffe9448f0ee3e57ff9fa2) Importer(2089858483,b0f066a214c2f5e87bad3c948f4d605d) (ScriptedImporter) -> (Import Result ID: '13e842a1e23e1a577e94afeae4dd068b') in 0.0377635 seconds [static and dynamic dependencies]. Details - ImportResultOutputID=d0dbc3e770f395bedd7ea3cadf7e2be1 DependenciesID=b320080689c8221b9dc4153fde3592a7 StaticDependenciesID=06060771c9993d301bd6b788b0f93948 
Number of updated asset objects reloaded before import = 0Number of asset objects unloaded after import = 1

========================================================================
Received Import Request.
  Time since last request: 0.000020 seconds.
  path: Assets/LoafbrrAssets/Interiors_A/prefabs/wall/Wall_Pillar_A.prefab
  importAddress: Guid(981de3133b74e5f418778ef29bad94ba) Importer(2089858483,b0f066a214c2f5e87bad3c948f4d605d)
Start importing Assets/LoafbrrAssets/Interiors_A/prefabs/wall/Wall_Pillar_A.prefab using Guid(981de3133b74e5f418778ef29bad94ba) Importer(2089858483,b0f066a214c2f5e87bad3c948f4d605d) (ScriptedImporter) -> (Import Result ID: 'b006689514fe40b3e89241ce7d11c31b') in 0.0144877 seconds [static and dynamic dependencies]. Details - ImportResultOutputID=c8b18e67fb5de463d37437652555fb3a DependenciesID=ce8690b11056774e29f0308d31b6b259 StaticDependenciesID=7a5f1f93350cfd63d6fea68d8173c589 
Number of updated asset objects reloaded before import = 0Number of asset objects unloaded after import = 10

========================================================================
Received Import Request.
  Time since last request: 0.000025 seconds.
  path: Assets/Enviroment/enviroment/Office building/materials Building/Railing.mat
  importAddress: Guid(d27b0e425c90c864485385c53578b421) Importer(2089858483,b0f066a214c2f5e87bad3c948f4d605d)
Start importing Assets/Enviroment/enviroment/Office building/materials Building/Railing.mat using Guid(d27b0e425c90c864485385c53578b421) Importer(2089858483,b0f066a214c2f5e87bad3c948f4d605d) (ScriptedImporter) -> (Import Result ID: 'a9394813f619aac987d4b7b6794b037e') in 0.0198786 seconds [static and dynamic dependencies]. Details - ImportResultOutputID=147b1323619de0dff56b94acedf1e0e4 DependenciesID=c57feb760adc9ebf2232f22676f72bca StaticDependenciesID=9349b04318d41d4d6a2659186aa1db5c 
Number of updated asset objects reloaded before import = 0Number of asset objects unloaded after import = 2

========================================================================
Received Import Request.
  Time since last request: 0.000028 seconds.
  path: Assets/Enviroment/enviroment/Office building/textures/lamps/emission/Lamp B ON emission.png
  importAddress: Guid(2cc0d17877f60874f9dbe43892eafa59) Importer(2089858483,b0f066a214c2f5e87bad3c948f4d605d)
Start importing Assets/Enviroment/enviroment/Office building/textures/lamps/emission/Lamp B ON emission.png using Guid(2cc0d17877f60874f9dbe43892eafa59) Importer(2089858483,b0f066a214c2f5e87bad3c948f4d605d) (ScriptedImporter) -> (Import Result ID: '3cec41ee8ad755ebab6760a10f5cbf5b') in 0.0066961 seconds [static and dynamic dependencies]. Details - ImportResultOutputID=4ba129bab28e6c086a40d77f622f9947 DependenciesID=fd180c515c9749d240bc8d65fed20f5f StaticDependenciesID=9b6e87f26513173313d109bab9c865ba 
Number of updated asset objects reloaded before import = 0Number of asset objects unloaded after import = 1

========================================================================
Received Import Request.
  Time since last request: 0.000028 seconds.
  path: Assets/Enviroment/enviroment/Office building/Prefabs/Computer chair Prefab.prefab
  importAddress: Guid(f9e7055c6d8701d419f91d08a8f1a41b) Importer(2089858483,b0f066a214c2f5e87bad3c948f4d605d)
Start importing Assets/Enviroment/enviroment/Office building/Prefabs/Computer chair Prefab.prefab using Guid(f9e7055c6d8701d419f91d08a8f1a41b) Importer(2089858483,b0f066a214c2f5e87bad3c948f4d605d) (ScriptedImporter) -> (Import Result ID: 'c61a4a807d176a3837e5da467d5b1b2f') in 0.0061902 seconds [static and dynamic dependencies]. Details - ImportResultOutputID=b7da8e1afc43eb9ce1f493058b036147 DependenciesID=1c5574dc9ac631dbc4129e0ebd3980e0 StaticDependenciesID=573a7aae461009264c8f9e1ec4bea33a 
Number of updated asset objects reloaded before import = 0Number of asset objects unloaded after import = 10

========================================================================
Received Import Request.
  Time since last request: 0.000022 seconds.
  path: Assets/Enviroment/enviroment/Office building/textures/marmour.png
  importAddress: Guid(0ff1216619817484d8abf9accce38084) Importer(2089858483,b0f066a214c2f5e87bad3c948f4d605d)
Start importing Assets/Enviroment/enviroment/Office building/textures/marmour.png using Guid(0ff1216619817484d8abf9accce38084) Importer(2089858483,b0f066a214c2f5e87bad3c948f4d605d) (ScriptedImporter) -> (Import Result ID: '458696748898f223a8ddcd4fc3728ae2') in 0.005496 seconds [static and dynamic dependencies]. Details - ImportResultOutputID=d235b1a2a5b6c60d0ff43d37117d9260 DependenciesID=85aab3e9f073cdc6c42b727810915157 StaticDependenciesID=2daa3de1b276ded2605e3319b5ed6077 
Number of updated asset objects reloaded before import = 0Number of asset objects unloaded after import = 1

========================================================================
Received Import Request.
  Time since last request: 0.000016 seconds.
  path: Assets/LoafbrrAssets/Interiors_A/prefabs/Decal/Decal_Tape_Danger_2m.prefab
  importAddress: Guid(8dc468163aee0cb47b298ba25d6eaeb0) Importer(2089858483,b0f066a214c2f5e87bad3c948f4d605d)
Start importing Assets/LoafbrrAssets/Interiors_A/prefabs/Decal/Decal_Tape_Danger_2m.prefab using Guid(8dc468163aee0cb47b298ba25d6eaeb0) Importer(2089858483,b0f066a214c2f5e87bad3c948f4d605d) (ScriptedImporter) -> (Import Result ID: '4989e6498b5bc83ce164536a05280ef6') in 0.0106286 seconds [static and dynamic dependencies]. Details - ImportResultOutputID=5a55bd3a58c0571a067c2031b72935af DependenciesID=ef39614c4bdf7189dfc7f59dd284b251 StaticDependenciesID=7c4336d00bc3dce4ff036781bcdf2251 
Number of updated asset objects reloaded before import = 0Number of asset objects unloaded after import = 9

========================================================================
Received Import Request.
  Time since last request: 0.000018 seconds.
  path: Assets/Enviroment/enviroment/Office building/Read me.txt
  importAddress: Guid(fe04a3acff3155a43a7c56f17dd7cf97) Importer(2089858483,b0f066a214c2f5e87bad3c948f4d605d)
Start importing Assets/Enviroment/enviroment/Office building/Read me.txt using Guid(fe04a3acff3155a43a7c56f17dd7cf97) Importer(2089858483,b0f066a214c2f5e87bad3c948f4d605d) (ScriptedImporter) -> (Import Result ID: '41b381bbdff3b5b2ea23e5d2a2c9440e') in 0.0035017 seconds [static and dynamic dependencies]. Details - ImportResultOutputID=bd0db1263e0bc2e40bdc768e76cf98f0 DependenciesID=104ba84a70815e9a2bad7e7bda8b2bed StaticDependenciesID=6ec85fe446cc417b1504645f1e463656 
Number of updated asset objects reloaded before import = 0Number of asset objects unloaded after import = 1

========================================================================
Received Import Request.
  Time since last request: 0.000019 seconds.
  path: Assets/LoafbrrAssets/Interiors_A/prefabs/StairParts/Stairs_B_2x1.prefab
  importAddress: Guid(238c481ac28e91544ab1e19295f0ffa9) Importer(2089858483,b0f066a214c2f5e87bad3c948f4d605d)
Start importing Assets/LoafbrrAssets/Interiors_A/prefabs/StairParts/Stairs_B_2x1.prefab using Guid(238c481ac28e91544ab1e19295f0ffa9) Importer(2089858483,b0f066a214c2f5e87bad3c948f4d605d) (ScriptedImporter) -> (Import Result ID: '18edadb871e0e4694c5e08946c588c98') in 0.0089294 seconds [static and dynamic dependencies]. Details - ImportResultOutputID=5db1b0d73deb1273de6b3920c2c6688f DependenciesID=f44dced0ddb501f68bc5a5be6b26fbf1 StaticDependenciesID=4a3770ada87c585241afd06481daa2b2 
Number of updated asset objects reloaded before import = 0Number of asset objects unloaded after import = 12

========================================================================
Received Import Request.
  Time since last request: 0.000022 seconds.
  path: Assets/Enviroment/enviroment/Office building/Prefabs/conference table Prefab.prefab
  importAddress: Guid(89f109fde965876458c9ca5b3563f1e7) Importer(2089858483,b0f066a214c2f5e87bad3c948f4d605d)
Start importing Assets/Enviroment/enviroment/Office building/Prefabs/conference table Prefab.prefab using Guid(89f109fde965876458c9ca5b3563f1e7) Importer(2089858483,b0f066a214c2f5e87bad3c948f4d605d) (ScriptedImporter) -> (Import Result ID: 'af72736ecbdb75767b2b34f7bdde3355') in 0.0071007 seconds [static and dynamic dependencies]. Details - ImportResultOutputID=b14f14f04f55885d179be8e06089434a DependenciesID=70a8b343c3d35351dbc2aa18432f873a StaticDependenciesID=3f696fae507d0d67ebd03ac0b03df3d5 
Number of updated asset objects reloaded before import = 0Number of asset objects unloaded after import = 10

========================================================================
Received Import Request.
  Time since last request: 0.000025 seconds.
  path: Assets/Enviroment/enviroment/Office building/meshes/paper box.fbx
  importAddress: Guid(2c88d05a95d2ffa4f97bd18ff5099ed1) Importer(2089858483,b0f066a214c2f5e87bad3c948f4d605d)
Start importing Assets/Enviroment/enviroment/Office building/meshes/paper box.fbx using Guid(2c88d05a95d2ffa4f97bd18ff5099ed1) Importer(2089858483,b0f066a214c2f5e87bad3c948f4d605d) (ScriptedImporter) -> (Import Result ID: '0800512de360efe2314582ccd2c0517c') in 0.0358117 seconds [static and dynamic dependencies]. Details - ImportResultOutputID=78e070ca2aab6f27a75fea359018918f DependenciesID=9d07434e72e38835ab855ad9f15538d3 StaticDependenciesID=8010db79c260f50aa99f7479dbcbb2b3 
Number of updated asset objects reloaded before import = 0Number of asset objects unloaded after import = 9

========================================================================
Received Import Request.
  Time since last request: 0.000032 seconds.
  path: Assets/LoafbrrAssets/Interiors_A/prefabs/Door/Door_G_Grp.prefab
  importAddress: Guid(d6ffa7cfebca99149a17d2c42615ced9) Importer(2089858483,b0f066a214c2f5e87bad3c948f4d605d)
Start importing Assets/LoafbrrAssets/Interiors_A/prefabs/Door/Door_G_Grp.prefab using Guid(d6ffa7cfebca99149a17d2c42615ced9) Importer(2089858483,b0f066a214c2f5e87bad3c948f4d605d) (ScriptedImporter) -> (Import Result ID: 'aeb6a22ff2ac32a84e374abe238f7a70') in 0.0058259 seconds [static and dynamic dependencies]. Details - ImportResultOutputID=93793b877724b73f50ec524ef62ceb56 DependenciesID=0e6b4bc6d0fc0a6a78fb2dae253657fa StaticDependenciesID=564a8f4e54cb7053044e9076e40c5890 
Number of updated asset objects reloaded before import = 0Number of asset objects unloaded after import = 16

========================================================================
Received Import Request.
  Time since last request: 0.000030 seconds.
  path: Assets/LoafbrrAssets/Interiors_A/prefabs/StairParts/Wall_Stair_3m_Trim.prefab
  importAddress: Guid(ea08d535f32372c4cab41215a987487b) Importer(2089858483,b0f066a214c2f5e87bad3c948f4d605d)
Start importing Assets/LoafbrrAssets/Interiors_A/prefabs/StairParts/Wall_Stair_3m_Trim.prefab using Guid(ea08d535f32372c4cab41215a987487b) Importer(2089858483,b0f066a214c2f5e87bad3c948f4d605d) (ScriptedImporter) -> (Import Result ID: '9cb3cf23ca390636f3242bb0a46abe0e') in 0.0103136 seconds [static and dynamic dependencies]. Details - ImportResultOutputID=efea352c25eb2019fcf0f044824e3a58 DependenciesID=09590076e169916b2006677a0c3f81ab StaticDependenciesID=dcd01fe0bac6f95421b4a1b29166b6c8 
Number of updated asset objects reloaded before import = 0Number of asset objects unloaded after import = 10

========================================================================
Received Import Request.
  Time since last request: 0.000022 seconds.
  path: Assets/Enviroment/enviroment/Office building/material props/shelving A.001.mat
  importAddress: Guid(00e60186f99ef6d42aaf6fa5ed65d132) Importer(2089858483,b0f066a214c2f5e87bad3c948f4d605d)
Start importing Assets/Enviroment/enviroment/Office building/material props/shelving A.001.mat using Guid(00e60186f99ef6d42aaf6fa5ed65d132) Importer(2089858483,b0f066a214c2f5e87bad3c948f4d605d) (ScriptedImporter) -> (Import Result ID: '80bcef7147a2aabc44cf1cd4c1ac4be5') in 0.0316944 seconds [static and dynamic dependencies]. Details - ImportResultOutputID=73d70db94422b3b0d76f036a9442e685 DependenciesID=c8013401eb747c30210b2d75b376b8c9 StaticDependenciesID=696fa316bd30d994c600b97bbdbaf12f 
Number of updated asset objects reloaded before import = 0Number of asset objects unloaded after import = 2

========================================================================
Received Import Request.
  Time since last request: 0.000020 seconds.
  path: Assets/LoafbrrAssets/Interiors_A/texture/Surface_Ceiling_A/Surface_Ceiling_A_Diffuse_2K_A.png
  importAddress: Guid(dffff34c5344cf6479c1823e5302192c) Importer(2089858483,b0f066a214c2f5e87bad3c948f4d605d)
Start importing Assets/LoafbrrAssets/Interiors_A/texture/Surface_Ceiling_A/Surface_Ceiling_A_Diffuse_2K_A.png using Guid(dffff34c5344cf6479c1823e5302192c) Importer(2089858483,b0f066a214c2f5e87bad3c948f4d605d) (ScriptedImporter) -> (Import Result ID: 'a8fb7ecf04b72d92e8c1b522345971c0') in 0.0124115 seconds [static and dynamic dependencies]. Details - ImportResultOutputID=747ec1ce7ee38d3abefa21ca10d3da80 DependenciesID=91432572bcbb4a638bec6c6af3876ba4 StaticDependenciesID=5aed16f0770aef35887e6c47dca9cf66 
Number of updated asset objects reloaded before import = 0Number of asset objects unloaded after import = 1

========================================================================
Received Import Request.
  Time since last request: 0.000018 seconds.
  path: Assets/Enviroment/enviroment/Office building/Prefabs/Storage sign Prefab.prefab
  importAddress: Guid(731e7a769243e0e438355e5d96f2b365) Importer(2089858483,b0f066a214c2f5e87bad3c948f4d605d)
Start importing Assets/Enviroment/enviroment/Office building/Prefabs/Storage sign Prefab.prefab using Guid(731e7a769243e0e438355e5d96f2b365) Importer(2089858483,b0f066a214c2f5e87bad3c948f4d605d) (ScriptedImporter) -> (Import Result ID: '05e77e5f52b3abf364bd75eabb133084') in 0.005696 seconds [static and dynamic dependencies]. Details - ImportResultOutputID=4340c31825f11ed3d779863436b600ac DependenciesID=9c42cf5accfc6aee050b64b62890eb02 StaticDependenciesID=2909e21c3a9081d2d923523ae3e63794 
Number of updated asset objects reloaded before import = 0Number of asset objects unloaded after import = 10

========================================================================
Received Import Request.
  Time since last request: 0.000020 seconds.
  path: Assets/Enviroment/enviroment/Office building/Prefabs/Kindergarten Cupboard B Prefab.prefab
  importAddress: Guid(da44c91f93b60e34d892f29da8410ff7) Importer(2089858483,b0f066a214c2f5e87bad3c948f4d605d)
Start importing Assets/Enviroment/enviroment/Office building/Prefabs/Kindergarten Cupboard B Prefab.prefab using Guid(da44c91f93b60e34d892f29da8410ff7) Importer(2089858483,b0f066a214c2f5e87bad3c948f4d605d) (ScriptedImporter) -> (Import Result ID: '44810425785e7929863aaf165270f5c1') in 0.0065709 seconds [static and dynamic dependencies]. Details - ImportResultOutputID=81695eedf98d5d11784f3bbcddfd8944 DependenciesID=8fdd0263196775eb5b14e8ae71b577e3 StaticDependenciesID=bfaf3a9809325e24473cd658487de8f5 
Number of updated asset objects reloaded before import = 0Number of asset objects unloaded after import = 10

========================================================================
Received Import Request.
  Time since last request: 0.000027 seconds.
  path: Assets/Enviroment/enviroment/Office building/textures/Props/used/Sink.png
  importAddress: Guid(0efd63396cc963f4fb71d659bc43c134) Importer(2089858483,b0f066a214c2f5e87bad3c948f4d605d)
Start importing Assets/Enviroment/enviroment/Office building/textures/Props/used/Sink.png using Guid(0efd63396cc963f4fb71d659bc43c134) Importer(2089858483,b0f066a214c2f5e87bad3c948f4d605d) (ScriptedImporter) -> (Import Result ID: '3f4eef81054a672d7d22fcabb6abdc43') in 0.0084614 seconds [static and dynamic dependencies]. Details - ImportResultOutputID=1356f244e6ee9dcfc4b36ef6354cd9f3 DependenciesID=b4c993a970fa50298e55a0245619d7df StaticDependenciesID=9eee743e6ea386adda55a78c3323fb5a 
Number of updated asset objects reloaded before import = 0Number of asset objects unloaded after import = 1

========================================================================
Received Import Request.
  Time since last request: 0.000019 seconds.
  path: Assets/Enviroment/enviroment/Office building/textures/Props/used/Computer.png
  importAddress: Guid(9b9869aca270e9447986f0b6146b7f6a) Importer(2089858483,b0f066a214c2f5e87bad3c948f4d605d)
Start importing Assets/Enviroment/enviroment/Office building/textures/Props/used/Computer.png using Guid(9b9869aca270e9447986f0b6146b7f6a) Importer(2089858483,b0f066a214c2f5e87bad3c948f4d605d) (ScriptedImporter) -> (Import Result ID: '46eb9c93542e8b45a72636922eca0d2b') in 0.0080874 seconds [static and dynamic dependencies]. Details - ImportResultOutputID=d77a26782f3a1baaecbca6893f6f163a DependenciesID=fc69eda4a00ac48727ee220840ab15f9 StaticDependenciesID=dc52b9d18b649135b83306f6467a65df 
Number of updated asset objects reloaded before import = 0Number of asset objects unloaded after import = 1

========================================================================
Received Import Request.
  Time since last request: 0.000019 seconds.
  path: Assets/LoafbrrAssets/Interiors_A/texture/Door/Door_Diffuse_2K_C.png
  importAddress: Guid(694dedacede267e4cbbafe44b6240ce3) Importer(2089858483,b0f066a214c2f5e87bad3c948f4d605d)
Start importing Assets/LoafbrrAssets/Interiors_A/texture/Door/Door_Diffuse_2K_C.png using Guid(694dedacede267e4cbbafe44b6240ce3) Importer(2089858483,b0f066a214c2f5e87bad3c948f4d605d) (ScriptedImporter) -> (Import Result ID: '05726bb96396bb1174db8ccc0823d917') in 0.012178 seconds [static and dynamic dependencies]. Details - ImportResultOutputID=a512bf8ba95e5792aa69b2804ce07755 DependenciesID=4137a76b043c76a8554f466973759ec2 StaticDependenciesID=fdee4e090fe9fc175a245d77874a04c7 
Number of updated asset objects reloaded before import = 0Number of asset objects unloaded after import = 1

========================================================================
Received Import Request.
  Time since last request: 0.000021 seconds.
  path: Assets/LoafbrrAssets/Interiors_A/prefabs/StairParts/Wall_Trim_2m.prefab
  importAddress: Guid(0826ad5b547148f4eb06aefba2b832af) Importer(2089858483,b0f066a214c2f5e87bad3c948f4d605d)
Start importing Assets/LoafbrrAssets/Interiors_A/prefabs/StairParts/Wall_Trim_2m.prefab using Guid(0826ad5b547148f4eb06aefba2b832af) Importer(2089858483,b0f066a214c2f5e87bad3c948f4d605d) (ScriptedImporter) -> (Import Result ID: '4eb04aedc6b34cefe1a8f42576f33484') in 0.0105613 seconds [static and dynamic dependencies]. Details - ImportResultOutputID=5362484ba2dd73f6f61208a2b379a96f DependenciesID=691a58de5ff04f5a5030f3e58007f8fa StaticDependenciesID=6160dcb459453f4df79b94d3e71b261f 
Number of updated asset objects reloaded before import = 0Number of asset objects unloaded after import = 10

========================================================================
Received Import Request.
  Time since last request: 0.000032 seconds.
  path: Assets/Enviroment/enviroment/Office building/meshes/Trash bin.fbx
  importAddress: Guid(ac7a5a6eefc7d1949be944e712b4f9f5) Importer(2089858483,b0f066a214c2f5e87bad3c948f4d605d)
Start importing Assets/Enviroment/enviroment/Office building/meshes/Trash bin.fbx using Guid(ac7a5a6eefc7d1949be944e712b4f9f5) Importer(2089858483,b0f066a214c2f5e87bad3c948f4d605d) (ScriptedImporter) -> (Import Result ID: '2d6575caa64f65e412ce15fd28730966') in 0.0092069 seconds [static and dynamic dependencies]. Details - ImportResultOutputID=95c6ae475e49e063110bf8d657bf5351 DependenciesID=3fc58e2950e5b38e79816f5ff24a15d7 StaticDependenciesID=e5e2edc59a1678442e062acaea134e72 
Number of updated asset objects reloaded before import = 0Number of asset objects unloaded after import = 9

========================================================================
Received Import Request.
  Time since last request: 0.000023 seconds.
  path: Assets/LoafbrrAssets/Interiors_A/texture/Surface_Wall_A/Surface_Wall_A_ORM_1K.png
  importAddress: Guid(649f4b08b9307944985371f38bf97fa8) Importer(2089858483,b0f066a214c2f5e87bad3c948f4d605d)
Start importing Assets/LoafbrrAssets/Interiors_A/texture/Surface_Wall_A/Surface_Wall_A_ORM_1K.png using Guid(649f4b08b9307944985371f38bf97fa8) Importer(2089858483,b0f066a214c2f5e87bad3c948f4d605d) (ScriptedImporter) -> (Import Result ID: 'f4d91b4e8a05295c38730807f5bf2329') in 0.0086681 seconds [static and dynamic dependencies]. Details - ImportResultOutputID=0444e1c8080302be0a4b77f9493db95c DependenciesID=356b63f26c7c51b6c5b5a185a3bba203 StaticDependenciesID=5c1475203005631c0298a80c237aa705 
Number of updated asset objects reloaded before import = 0Number of asset objects unloaded after import = 1

========================================================================
Received Import Request.
  Time since last request: 0.000033 seconds.
  path: Assets/LoafbrrAssets/Interiors_A/prefabs/StairParts/Stair_Rail_A.prefab
  importAddress: Guid(80167440e89e2f14387dfa74aa00969e) Importer(2089858483,b0f066a214c2f5e87bad3c948f4d605d)
Start importing Assets/LoafbrrAssets/Interiors_A/prefabs/StairParts/Stair_Rail_A.prefab using Guid(80167440e89e2f14387dfa74aa00969e) Importer(2089858483,b0f066a214c2f5e87bad3c948f4d605d) (ScriptedImporter) -> (Import Result ID: 'd066a00b7b936065e2b457145a5a6dd5') in 0.0088334 seconds [static and dynamic dependencies]. Details - ImportResultOutputID=4d8d076d3bc6d649faee50bc830ccacc DependenciesID=dee04283816f9e4f538bcecee2aeec60 StaticDependenciesID=8652a93f02d0580115f5903f5d3aca11 
Number of updated asset objects reloaded before import = 0Number of asset objects unloaded after import = 10

========================================================================
Received Import Request.
  Time since last request: 0.000042 seconds.
  path: Assets/Enviroment/enviroment/Office building/textures/toilet wall.png
  importAddress: Guid(03448a46b249cf64b9986a444863ff78) Importer(2089858483,b0f066a214c2f5e87bad3c948f4d605d)
Start importing Assets/Enviroment/enviroment/Office building/textures/toilet wall.png using Guid(03448a46b249cf64b9986a444863ff78) Importer(2089858483,b0f066a214c2f5e87bad3c948f4d605d) (ScriptedImporter) -> (Import Result ID: 'f1704c05011db64d77d5c0c5809b524e') in 0.0115916 seconds [static and dynamic dependencies]. Details - ImportResultOutputID=20128b1eca3c47e9c96441a63d936475 DependenciesID=cc86d72016eeb502940cc13bffab06b3 StaticDependenciesID=52dad87f286d10e5d850112c5fd8c250 
Number of updated asset objects reloaded before import = 0Number of asset objects unloaded after import = 1

========================================================================
Received Import Request.
  Time since last request: 0.000034 seconds.
  path: Assets/LoafbrrAssets/Interiors_A/prefabs/StairParts/Stair_Wall_3m_Flipped.prefab
  importAddress: Guid(9e8169ffdd6017d4cb3bd68073387a81) Importer(2089858483,b0f066a214c2f5e87bad3c948f4d605d)
Start importing Assets/LoafbrrAssets/Interiors_A/prefabs/StairParts/Stair_Wall_3m_Flipped.prefab using Guid(9e8169ffdd6017d4cb3bd68073387a81) Importer(2089858483,b0f066a214c2f5e87bad3c948f4d605d) (ScriptedImporter) -> (Import Result ID: '426cd3447cd90913d945c5a35dff7af1') in 0.0115569 seconds [static and dynamic dependencies]. Details - ImportResultOutputID=5ae6a099f93ae22026f9a34d9d150c96 DependenciesID=081de35d983d8467659f8ea6b8ea6691 StaticDependenciesID=51a8f66a420d659e26add117f20a5a1b 
Number of updated asset objects reloaded before import = 0Number of asset objects unloaded after import = 10

========================================================================
Received Import Request.
  Time since last request: 0.000021 seconds.
  path: Assets/LoafbrrAssets/Interiors_A/texture/MiscTrim
  importAddress: Guid(c1b769c7ed9b6184e95ff510752e5e5a) Importer(2089858483,b0f066a214c2f5e87bad3c948f4d605d)
Start importing Assets/LoafbrrAssets/Interiors_A/texture/MiscTrim using Guid(c1b769c7ed9b6184e95ff510752e5e5a) Importer(2089858483,b0f066a214c2f5e87bad3c948f4d605d) (ScriptedImporter) -> (Import Result ID: 'dae7cb44b407d02ba912d1053f429a82') in 0.0046593 seconds [static and dynamic dependencies]. Details - ImportResultOutputID=153eb3c89db1abb612f55df016743483 DependenciesID=04a0d4d0f5d24d5e53a050ef6e4a4521 StaticDependenciesID=1687f53da754c959b9ad1a3b05b136be 
Number of updated asset objects reloaded before import = 0Number of asset objects unloaded after import = 1

========================================================================
Received Import Request.
  Time since last request: 0.000018 seconds.
  path: Assets/LoafbrrAssets/Interiors_A/texture/Door/Door_ORM_1K.png
  importAddress: Guid(c791f2fc02f58fe41a96860939ab0e86) Importer(2089858483,b0f066a214c2f5e87bad3c948f4d605d)
Start importing Assets/LoafbrrAssets/Interiors_A/texture/Door/Door_ORM_1K.png using Guid(c791f2fc02f58fe41a96860939ab0e86) Importer(2089858483,b0f066a214c2f5e87bad3c948f4d605d) (ScriptedImporter) -> (Import Result ID: '92879774ffad828740fcd196e09a5f61') in 0.009956 seconds [static and dynamic dependencies]. Details - ImportResultOutputID=171a7cbf221babec0a36680922b0cee0 DependenciesID=d2f4a7ee8cdec571793bf2ae7a51af3d StaticDependenciesID=5aa7b2d5c479fa61dcaa9e6e0faeb572 
Number of updated asset objects reloaded before import = 0Number of asset objects unloaded after import = 1

========================================================================
Received Import Request.
  Time since last request: 0.000019 seconds.
  path: Assets/LoafbrrAssets/Interiors_A/prefabs/Floor/Floor_1x2.prefab
  importAddress: Guid(05938e07c01c0fa49a0231de986fd71d) Importer(2089858483,b0f066a214c2f5e87bad3c948f4d605d)
Start importing Assets/LoafbrrAssets/Interiors_A/prefabs/Floor/Floor_1x2.prefab using Guid(05938e07c01c0fa49a0231de986fd71d) Importer(2089858483,b0f066a214c2f5e87bad3c948f4d605d) (ScriptedImporter) -> (Import Result ID: 'de118e4eec16681bfaeb743ae69eac5e') in 0.0121399 seconds [static and dynamic dependencies]. Details - ImportResultOutputID=24c0bbf201583b85662232a7af2d028e DependenciesID=17042343df06a72a06ad82453024b3f7 StaticDependenciesID=aff159e3ff662e598d9f3b4fe7d99028 
Number of updated asset objects reloaded before import = 0Number of asset objects unloaded after import = 11

========================================================================
Received Import Request.
  Time since last request: 0.000059 seconds.
  path: Assets/Enviroment/enviroment/Office building/Prefabs/File cupboard 2 Prefab.prefab
  importAddress: Guid(86ae9667d2fbd2f41b5ab9d81646a75a) Importer(2089858483,b0f066a214c2f5e87bad3c948f4d605d)
Start importing Assets/Enviroment/enviroment/Office building/Prefabs/File cupboard 2 Prefab.prefab using Guid(86ae9667d2fbd2f41b5ab9d81646a75a) Importer(2089858483,b0f066a214c2f5e87bad3c948f4d605d) (ScriptedImporter) -> (Import Result ID: '175efe0846fd9b53eb8e2ec834cc758e') in 0.0073352 seconds [static and dynamic dependencies]. Details - ImportResultOutputID=af0c5d0396abcc362741b5bb2eaf41eb DependenciesID=dc422d27edc253874872b521165c5e0b StaticDependenciesID=3d19b1ccdbc2525578911ceb8191655f 
Number of updated asset objects reloaded before import = 0Number of asset objects unloaded after import = 10

========================================================================
Received Import Request.
  Time since last request: 0.000017 seconds.
  path: Assets/Enviroment/enviroment/Office building/material props/file cupboard 2.mat
  importAddress: Guid(faf04dd7600089143962792ef20669ed) Importer(2089858483,b0f066a214c2f5e87bad3c948f4d605d)
Start importing Assets/Enviroment/enviroment/Office building/material props/file cupboard 2.mat using Guid(faf04dd7600089143962792ef20669ed) Importer(2089858483,b0f066a214c2f5e87bad3c948f4d605d) (ScriptedImporter) -> (Import Result ID: 'd29519030f6bf65fe3c3adacf78030e4') in 0.0065072 seconds [static and dynamic dependencies]. Details - ImportResultOutputID=a2a57f0a1c010dc0d43e419b87e92fdf DependenciesID=8821fde0c4328f8b093851baf5e22b88 StaticDependenciesID=f196fbc1fe585e275249e06d113c3d7b 
Number of updated asset objects reloaded before import = 0Number of asset objects unloaded after import = 2

========================================================================
Received Import Request.
  Time since last request: 0.000019 seconds.
  path: Assets/Enviroment/enviroment/Office building/textures/Props/used/Printer A.png
  importAddress: Guid(3f5fa688478f7a14d8b05d8c40b240f9) Importer(2089858483,b0f066a214c2f5e87bad3c948f4d605d)
Start importing Assets/Enviroment/enviroment/Office building/textures/Props/used/Printer A.png using Guid(3f5fa688478f7a14d8b05d8c40b240f9) Importer(2089858483,b0f066a214c2f5e87bad3c948f4d605d) (ScriptedImporter) -> (Import Result ID: '0283593c8e51378dfc9c12b48cdce12d') in 0.0100761 seconds [static and dynamic dependencies]. Details - ImportResultOutputID=644a1859149334c368691a0bbe35c22d DependenciesID=ef107f2fe9f6f4de21d08cea000d5f4a StaticDependenciesID=c42f5802f6f520e554484ef640de1a2d 
Number of updated asset objects reloaded before import = 0Number of asset objects unloaded after import = 1

========================================================================
Received Import Request.
  Time since last request: 0.000026 seconds.
  path: Assets/Enviroment/enviroment/Office building/textures/Railing.png
  importAddress: Guid(abeb3254b30d14741adf66a8907a5fbf) Importer(2089858483,b0f066a214c2f5e87bad3c948f4d605d)
Start importing Assets/Enviroment/enviroment/Office building/textures/Railing.png using Guid(abeb3254b30d14741adf66a8907a5fbf) Importer(2089858483,b0f066a214c2f5e87bad3c948f4d605d) (ScriptedImporter) -> (Import Result ID: 'ebf8cd942a0a736516a689ab25fed477') in 0.0088853 seconds [static and dynamic dependencies]. Details - ImportResultOutputID=796f9fa78be71554a41268d51e3ef09e DependenciesID=f82acf52b78be4754fd3a798f153168c StaticDependenciesID=a27739688dc85ea1fa10248e6490cd23 
Number of updated asset objects reloaded before import = 0Number of asset objects unloaded after import = 1

========================================================================
Received Import Request.
  Time since last request: 0.000016 seconds.
  path: Assets/LoafbrrAssets/Interiors_A/prefabs/StairParts/Stair_Wall_2m_B.prefab
  importAddress: Guid(69b1e7aba73ea814b97a567bcf94f42a) Importer(2089858483,b0f066a214c2f5e87bad3c948f4d605d)
Start importing Assets/LoafbrrAssets/Interiors_A/prefabs/StairParts/Stair_Wall_2m_B.prefab using Guid(69b1e7aba73ea814b97a567bcf94f42a) Importer(2089858483,b0f066a214c2f5e87bad3c948f4d605d) (ScriptedImporter) -> (Import Result ID: '13ce50208e1f9395507141e438f02041') in 0.0119084 seconds [static and dynamic dependencies]. Details - ImportResultOutputID=b3b9938bfbbbac22830a21c6bb4ca892 DependenciesID=1cd5a0473f40bb09044166f59bf5448a StaticDependenciesID=0bed83976cad7c14091ca1ad942f50cb 
Number of updated asset objects reloaded before import = 0Number of asset objects unloaded after import = 10

========================================================================
Received Import Request.
  Time since last request: 0.000020 seconds.
  path: Assets/Enviroment/enviroment/Office building/material props/toilet.mat
  importAddress: Guid(8178fa04aab68b846a638f2b7817cd6c) Importer(2089858483,b0f066a214c2f5e87bad3c948f4d605d)
Start importing Assets/Enviroment/enviroment/Office building/material props/toilet.mat using Guid(8178fa04aab68b846a638f2b7817cd6c) Importer(2089858483,b0f066a214c2f5e87bad3c948f4d605d) (ScriptedImporter) -> (Import Result ID: '67e0c3da8055726c9a72dbb3c1993891') in 0.0068853 seconds [static and dynamic dependencies]. Details - ImportResultOutputID=22e30c4e5f63be6ec307972c62d1c0cc DependenciesID=1cd20cd37363a8cc70018352606044bb StaticDependenciesID=af7e0134f07882daeb90ea3bda10f268 
Number of updated asset objects reloaded before import = 0Number of asset objects unloaded after import = 2

========================================================================
Received Import Request.
  Time since last request: 0.000046 seconds.
  path: Assets/Enviroment/enviroment/Office building/textures/Props/used/Toilet sign.png
  importAddress: Guid(8579b6d24c8955048b7d166d28170940) Importer(2089858483,b0f066a214c2f5e87bad3c948f4d605d)
Start importing Assets/Enviroment/enviroment/Office building/textures/Props/used/Toilet sign.png using Guid(8579b6d24c8955048b7d166d28170940) Importer(2089858483,b0f066a214c2f5e87bad3c948f4d605d) (ScriptedImporter) -> (Import Result ID: '686cb452a0cf7fdefc99fea6eff40473') in 0.0062728 seconds [static and dynamic dependencies]. Details - ImportResultOutputID=6555abcf1235f5703c2a68fc3be14d5c DependenciesID=52d3d3b9863e9116fea097977a3d7f76 StaticDependenciesID=130206c7a4d112a816916717431eee04 
Number of updated asset objects reloaded before import = 0Number of asset objects unloaded after import = 1

========================================================================
Received Import Request.
  Time since last request: 0.000016 seconds.
  path: Assets/LoafbrrAssets/Interiors_A/prefabs/StairSet/Stairs_3m_A_Grp.prefab
  importAddress: Guid(821c4f830ae600742925c6d93d088b9b) Importer(2089858483,b0f066a214c2f5e87bad3c948f4d605d)
Start importing Assets/LoafbrrAssets/Interiors_A/prefabs/StairSet/Stairs_3m_A_Grp.prefab using Guid(821c4f830ae600742925c6d93d088b9b) Importer(2089858483,b0f066a214c2f5e87bad3c948f4d605d) (ScriptedImporter) -> (Import Result ID: '1528cb553b663c0d304ce07e64066523') in 0.0064607 seconds [static and dynamic dependencies]. Details - ImportResultOutputID=48511d9765388b0f93db16df8e2d2b46 DependenciesID=1adf2f5fcd2fcd47129c64075ae25c6a StaticDependenciesID=451cfd4e6b005bb65f2754b9e6e535d5 
Number of updated asset objects reloaded before import = 0Number of asset objects unloaded after import = 34

========================================================================
Received Import Request.
  Time since last request: 0.000053 seconds.
  path: Assets/LoafbrrAssets/Interiors_A/texture/Surface_Ceiling_B/Surface_Ceiling_B_ORM_2K.png
  importAddress: Guid(e771a2cd897dd324bb0a0be72141b810) Importer(2089858483,b0f066a214c2f5e87bad3c948f4d605d)
Start importing Assets/LoafbrrAssets/Interiors_A/texture/Surface_Ceiling_B/Surface_Ceiling_B_ORM_2K.png using Guid(e771a2cd897dd324bb0a0be72141b810) Importer(2089858483,b0f066a214c2f5e87bad3c948f4d605d) (ScriptedImporter) -> (Import Result ID: '999711e1478fd02d126c7383e21a0925') in 0.0115018 seconds [static and dynamic dependencies]. Details - ImportResultOutputID=61a6994d7f63e4279c9fe837c6daf9cc DependenciesID=018e509f29668739accd177a341043ca StaticDependenciesID=87c64632a5b6dbed567e02c84b876ae3 
Number of updated asset objects reloaded before import = 0Number of asset objects unloaded after import = 1

========================================================================
Received Import Request.
  Time since last request: 0.000106 seconds.
  path: Assets/Scenes/Settings
  importAddress: Guid(709f11a7f3c4041caa4ef136ea32d874) Importer(2089858483,b0f066a214c2f5e87bad3c948f4d605d)
Start importing Assets/Scenes/Settings using Guid(709f11a7f3c4041caa4ef136ea32d874) Importer(2089858483,b0f066a214c2f5e87bad3c948f4d605d) (ScriptedImporter) -> (Import Result ID: '9275983f08aa50c8cc97f71747ee92a6') in 0.0041984 seconds [static and dynamic dependencies]. Details - ImportResultOutputID=fd4a39dc3cc458511415898205e79258 DependenciesID=a9fe3c8c32637285e3fac8d5e7a2644f StaticDependenciesID=d60a02c26db22b31fb4cbd02e75db16e 
Number of updated asset objects reloaded before import = 0Number of asset objects unloaded after import = 1

========================================================================
Received Import Request.
  Time since last request: 0.000019 seconds.
  path: Assets/Enviroment/enviroment/Office building/material props/Kindergarten Cupboard A.mat
  importAddress: Guid(9ebee45799e9068439f1e1cb54edf037) Importer(2089858483,b0f066a214c2f5e87bad3c948f4d605d)
Start importing Assets/Enviroment/enviroment/Office building/material props/Kindergarten Cupboard A.mat using Guid(9ebee45799e9068439f1e1cb54edf037) Importer(2089858483,b0f066a214c2f5e87bad3c948f4d605d) (ScriptedImporter) -> (Import Result ID: '81ba1c5344aa1c663a5ddbe63cbb186d') in 0.0046863 seconds [static and dynamic dependencies]. Details - ImportResultOutputID=20761ff0111a4b9b64b79b97f46864f1 DependenciesID=6256fc41283e3be4fc6e77f8049cd166 StaticDependenciesID=ac7606211c578ae7c264412abec3cc6c 
Number of updated asset objects reloaded before import = 0Number of asset objects unloaded after import = 2

========================================================================
Received Import Request.
  Time since last request: 0.000022 seconds.
  path: Assets/Enviroment/enviroment/Office building/textures/Props/used/Metal cupboard.png
  importAddress: Guid(5ab644e3d81f0e64a978d3ce22b819c1) Importer(2089858483,b0f066a214c2f5e87bad3c948f4d605d)
Start importing Assets/Enviroment/enviroment/Office building/textures/Props/used/Metal cupboard.png using Guid(5ab644e3d81f0e64a978d3ce22b819c1) Importer(2089858483,b0f066a214c2f5e87bad3c948f4d605d) (ScriptedImporter) -> (Import Result ID: 'e828d6e99b0e0a44fe245080a2266ee6') in 0.0062234 seconds [static and dynamic dependencies]. Details - ImportResultOutputID=94f5b64fefe0521249e3eed6f54c4320 DependenciesID=81fba4626baeaaeee8f377f080b6202c StaticDependenciesID=e58e871c40f5ff3b867d6d141a02b1fd 
Number of updated asset objects reloaded before import = 0Number of asset objects unloaded after import = 1

========================================================================
Received Import Request.
  Time since last request: 0.000024 seconds.
  path: Assets/LoafbrrAssets/Interiors_A/prefabs/wall/Wall_Pillar_B.prefab
  importAddress: Guid(5b16eb4aed779224da2373b4adf969f8) Importer(2089858483,b0f066a214c2f5e87bad3c948f4d605d)
Start importing Assets/LoafbrrAssets/Interiors_A/prefabs/wall/Wall_Pillar_B.prefab using Guid(5b16eb4aed779224da2373b4adf969f8) Importer(2089858483,b0f066a214c2f5e87bad3c948f4d605d) (ScriptedImporter) -> (Import Result ID: 'af0ff07fdb2f18c774a0bdd57ce12f69') in 0.0124685 seconds [static and dynamic dependencies]. Details - ImportResultOutputID=9e6325b703d3a07086284cb7f4f3c9c0 DependenciesID=5e7a2ef9d2d5907b41198b256b10cca5 StaticDependenciesID=138f9affc2e82d4fe85f0e2816867dbc 
Number of updated asset objects reloaded before import = 0Number of asset objects unloaded after import = 10

========================================================================
Received Import Request.
  Time since last request: 0.000042 seconds.
  path: Assets/LoafbrrAssets/Interiors_A/prefabs/StairSet/Stairs_3m_F_Grp.prefab
  importAddress: Guid(81bd7ae5d802bb941ac4c0f9221cb9c3) Importer(2089858483,b0f066a214c2f5e87bad3c948f4d605d)
Start importing Assets/LoafbrrAssets/Interiors_A/prefabs/StairSet/Stairs_3m_F_Grp.prefab using Guid(81bd7ae5d802bb941ac4c0f9221cb9c3) Importer(2089858483,b0f066a214c2f5e87bad3c948f4d605d) (ScriptedImporter) -> (Import Result ID: '6faa89c814e6b43109dc4dbfbb966dca') in 0.0066903 seconds [static and dynamic dependencies]. Details - ImportResultOutputID=d4d58326441dadecc8548236f66f6aa8 DependenciesID=02d68c521ccb1f8d704ea8638a06379d StaticDependenciesID=f0f1a7e66e2b62a7e273a389cfd9fa3a 
Number of updated asset objects reloaded before import = 0Number of asset objects unloaded after import = 34

========================================================================
Received Import Request.
  Time since last request: 0.000022 seconds.
  path: Assets/Enviroment/enviroment/Office building/textures/cement.png
  importAddress: Guid(1e0fada4dcf3bbe40b123bbc8c0e7628) Importer(2089858483,b0f066a214c2f5e87bad3c948f4d605d)
Start importing Assets/Enviroment/enviroment/Office building/textures/cement.png using Guid(1e0fada4dcf3bbe40b123bbc8c0e7628) Importer(2089858483,b0f066a214c2f5e87bad3c948f4d605d) (ScriptedImporter) -> (Import Result ID: 'f536dbb8fa00d272d9c5ed250864b8d0') in 0.007819 seconds [static and dynamic dependencies]. Details - ImportResultOutputID=eb83636c2fecc91b9ba8c0cdebc37e06 DependenciesID=f54fac864a0ec9905f057c9512659fe2 StaticDependenciesID=b258fdf0e7698b4e97e7af1f0c8fddf6 
Number of updated asset objects reloaded before import = 0Number of asset objects unloaded after import = 1

========================================================================
Received Import Request.
  Time since last request: 0.000029 seconds.
  path: Assets/LoafbrrAssets/Interiors_A/prefabs/wall/Wall_3m_Window_A.prefab
  importAddress: Guid(466e55e1708885448b939e418350e4e7) Importer(2089858483,b0f066a214c2f5e87bad3c948f4d605d)
Start importing Assets/LoafbrrAssets/Interiors_A/prefabs/wall/Wall_3m_Window_A.prefab using Guid(466e55e1708885448b939e418350e4e7) Importer(2089858483,b0f066a214c2f5e87bad3c948f4d605d) (ScriptedImporter) -> (Import Result ID: '18ecf2f4eb0b2de8d71c2b34d6c5b714') in 0.0103831 seconds [static and dynamic dependencies]. Details - ImportResultOutputID=3b6ab02bd3e1ba0c7bc1f0fd9aad3f24 DependenciesID=e5088bd006814792171eda85ae5a72a7 StaticDependenciesID=1f162c420d929afa931f723bde35309d 
Number of updated asset objects reloaded before import = 0Number of asset objects unloaded after import = 12

========================================================================
Received Import Request.
  Time since last request: 0.000060 seconds.
  path: Assets/LoafbrrAssets/Interiors_A/prefabs/Floor/FloorCeiling_2x3.prefab
  importAddress: Guid(4573134aedf55ce4e9059c273bd2b090) Importer(2089858483,b0f066a214c2f5e87bad3c948f4d605d)
Start importing Assets/LoafbrrAssets/Interiors_A/prefabs/Floor/FloorCeiling_2x3.prefab using Guid(4573134aedf55ce4e9059c273bd2b090) Importer(2089858483,b0f066a214c2f5e87bad3c948f4d605d) (ScriptedImporter) -> (Import Result ID: '3d67d8477406f2bd5aa1f903e77a3743') in 0.0100823 seconds [static and dynamic dependencies]. Details - ImportResultOutputID=5a9f1f57e9f0be84c290d74fa05399fa DependenciesID=bc1cfcc60d2d9b564c0f0ddb8073bf35 StaticDependenciesID=f5f90299ba94250261e1ae10898c5840 
Number of updated asset objects reloaded before import = 0Number of asset objects unloaded after import = 11

========================================================================
Received Import Request.
  Time since last request: 0.000025 seconds.
  path: Assets/Enviroment/enviroment/Office building/textures/Props/used/file cupboard 2.png
  importAddress: Guid(55c3384356ed97648b4893db54a7b26d) Importer(2089858483,b0f066a214c2f5e87bad3c948f4d605d)
Start importing Assets/Enviroment/enviroment/Office building/textures/Props/used/file cupboard 2.png using Guid(55c3384356ed97648b4893db54a7b26d) Importer(2089858483,b0f066a214c2f5e87bad3c948f4d605d) (ScriptedImporter) -> (Import Result ID: '1a9e7aebc2433f06f2de99be2989e49e') in 0.0069848 seconds [static and dynamic dependencies]. Details - ImportResultOutputID=23c7bec6b9f6113c52a0401516b4016b DependenciesID=dbdab5578f1901c8a20bd27a4605c373 StaticDependenciesID=1bc310ca56a20078005c297fb0743b5a 
Number of updated asset objects reloaded before import = 0Number of asset objects unloaded after import = 1

========================================================================
Received Import Request.
  Time since last request: 0.000035 seconds.
  path: Assets/Enviroment/enviroment/Office building/meshes/water dispenser.fbx
  importAddress: Guid(784faa44222aa9b45a5eed45c625c729) Importer(2089858483,b0f066a214c2f5e87bad3c948f4d605d)
Start importing Assets/Enviroment/enviroment/Office building/meshes/water dispenser.fbx using Guid(784faa44222aa9b45a5eed45c625c729) Importer(2089858483,b0f066a214c2f5e87bad3c948f4d605d) (ScriptedImporter) -> (Import Result ID: '2b4f9e3e01725fe2cf81ff34433da99f') in 0.0132064 seconds [static and dynamic dependencies]. Details - ImportResultOutputID=82af11951514ba0cf499635e1198fbf4 DependenciesID=5f193e3e934d066353b5b3d1cd048602 StaticDependenciesID=9f8f6923e0abddc9bd45f3531ba3a9f7 
Number of updated asset objects reloaded before import = 0Number of asset objects unloaded after import = 21

========================================================================
Received Import Request.
  Time since last request: 0.000038 seconds.
  path: Assets/Enviroment/enviroment/Office building/meshes/Cupboard.fbx
  importAddress: Guid(ca2f4fa1a1ebeca46ab1b9116e34ef99) Importer(2089858483,b0f066a214c2f5e87bad3c948f4d605d)
Start importing Assets/Enviroment/enviroment/Office building/meshes/Cupboard.fbx using Guid(ca2f4fa1a1ebeca46ab1b9116e34ef99) Importer(2089858483,b0f066a214c2f5e87bad3c948f4d605d) (ScriptedImporter) -> (Import Result ID: '2ad4e7f41f1868a98f961d9689887380') in 0.0095441 seconds [static and dynamic dependencies]. Details - ImportResultOutputID=5a72dab28f2e190df42ec4c03bd1cf24 DependenciesID=beed1014622ca2a468a9b899d18a2722 StaticDependenciesID=40745f35c54f87333150a30d84e1362b 
Number of updated asset objects reloaded before import = 0Number of asset objects unloaded after import = 9

========================================================================
Received Import Request.
  Time since last request: 0.000015 seconds.
  path: Assets/Enviroment/enviroment/Office building/material props/pen holder.mat
  importAddress: Guid(406fd8a3abe158840974ed821c21e1e3) Importer(2089858483,b0f066a214c2f5e87bad3c948f4d605d)
Start importing Assets/Enviroment/enviroment/Office building/material props/pen holder.mat using Guid(406fd8a3abe158840974ed821c21e1e3) Importer(2089858483,b0f066a214c2f5e87bad3c948f4d605d) (ScriptedImporter) -> (Import Result ID: '5a9da6e77c4c17a00da9c42dd9d0da5b') in 0.0055379 seconds [static and dynamic dependencies]. Details - ImportResultOutputID=eb88fb4f1b4be51e2b42c30704897109 DependenciesID=345527cee51027bd5b226962fdade178 StaticDependenciesID=1515c83de3ffff5e5e693d1d08fa15a6 
Number of updated asset objects reloaded before import = 0Number of asset objects unloaded after import = 2

========================================================================
Received Import Request.
  Time since last request: 0.000016 seconds.
  path: Assets/Enviroment/enviroment/Office building/Prefabs/Kindergarten cupboard A Prefab.prefab
  importAddress: Guid(7ec8ee5a1421ff44c9aac46f99eb7a2f) Importer(2089858483,b0f066a214c2f5e87bad3c948f4d605d)
Start importing Assets/Enviroment/enviroment/Office building/Prefabs/Kindergarten cupboard A Prefab.prefab using Guid(7ec8ee5a1421ff44c9aac46f99eb7a2f) Importer(2089858483,b0f066a214c2f5e87bad3c948f4d605d) (ScriptedImporter) -> (Import Result ID: 'fb1a32b4cd5725c325b3a7d052e757a3') in 0.0057288 seconds [static and dynamic dependencies]. Details - ImportResultOutputID=b0abad236872dbc5791158f202780c25 DependenciesID=62ec80caa08aa260d9fc45e4e63dc28a StaticDependenciesID=9c0872e1c7b1e96947b0466f1c80b409 
Number of updated asset objects reloaded before import = 0Number of asset objects unloaded after import = 10

========================================================================
Received Import Request.
  Time since last request: 0.000014 seconds.
  path: Assets/LoafbrrAssets/Interiors_A/prefabs/wall/Wall_3m_Window_E_Fliiped.prefab
  importAddress: Guid(bad1fe22e262fc443ba8ca4fc2b8c62b) Importer(2089858483,b0f066a214c2f5e87bad3c948f4d605d)
Start importing Assets/LoafbrrAssets/Interiors_A/prefabs/wall/Wall_3m_Window_E_Fliiped.prefab using Guid(bad1fe22e262fc443ba8ca4fc2b8c62b) Importer(2089858483,b0f066a214c2f5e87bad3c948f4d605d) (ScriptedImporter) -> (Import Result ID: 'fc3e80949f525efeeffa62621fc37386') in 0.0083342 seconds [static and dynamic dependencies]. Details - ImportResultOutputID=78a03f077b4c1b99138160a421a17c41 DependenciesID=7c905212ff788a72bf52baaa20221809 StaticDependenciesID=86c9790d3e2ebeb184472d05e08a8ca0 
Number of updated asset objects reloaded before import = 0Number of asset objects unloaded after import = 12

========================================================================
Received Import Request.
  Time since last request: 0.000016 seconds.
  path: Assets/Enviroment/enviroment/Office building/textures/Props/used/Phone B.png
  importAddress: Guid(d1fabff33fa61fe4c8cce8faf2e883b8) Importer(2089858483,b0f066a214c2f5e87bad3c948f4d605d)
Start importing Assets/Enviroment/enviroment/Office building/textures/Props/used/Phone B.png using Guid(d1fabff33fa61fe4c8cce8faf2e883b8) Importer(2089858483,b0f066a214c2f5e87bad3c948f4d605d) (ScriptedImporter) -> (Import Result ID: '205291dc317aa206a4f0234c03364b3c') in 0.0066191 seconds [static and dynamic dependencies]. Details - ImportResultOutputID=d5f96dfb969bd3ddd8c2c32f5c6f41f8 DependenciesID=79cab62fc88764c55d4af8fb8a3910c5 StaticDependenciesID=66445c5288cedad34dd077e001fb3e4f 
Number of updated asset objects reloaded before import = 0Number of asset objects unloaded after import = 1

========================================================================
Received Import Request.
  Time since last request: 0.000017 seconds.
  path: Assets/Project/Animation/Door_Close.anim
  importAddress: Guid(71b8a6ae5d609b44682c2e1aaabab6ca) Importer(2089858483,b0f066a214c2f5e87bad3c948f4d605d)
Start importing Assets/Project/Animation/Door_Close.anim using Guid(71b8a6ae5d609b44682c2e1aaabab6ca) Importer(2089858483,b0f066a214c2f5e87bad3c948f4d605d) (ScriptedImporter) -> (Import Result ID: '8135ce95933171622a1e1846b7543590') in 0.0068783 seconds [static and dynamic dependencies]. Details - ImportResultOutputID=3baf2630b7271633bb4e5b85d84d2564 DependenciesID=4f57cf8d5d36a3120e4f966b2630f209 StaticDependenciesID=aacbe4adca3875e09752e2a9ec167a3d 
Number of updated asset objects reloaded before import = 0Number of asset objects unloaded after import = 1

========================================================================
Received Import Request.
  Time since last request: 0.000018 seconds.
  path: Assets/Enviroment/enviroment/Office building/materials Building/A.mat
  importAddress: Guid(9609c3282513e0d4b849885c22555249) Importer(2089858483,b0f066a214c2f5e87bad3c948f4d605d)
Start importing Assets/Enviroment/enviroment/Office building/materials Building/A.mat using Guid(9609c3282513e0d4b849885c22555249) Importer(2089858483,b0f066a214c2f5e87bad3c948f4d605d) (ScriptedImporter) -> (Import Result ID: '4464d719f9c5a57400d2b29d2207da56') in 0.007039 seconds [static and dynamic dependencies]. Details - ImportResultOutputID=fc8b0d9b7c3d1251567d404fd03ea769 DependenciesID=e3715f9a5d4442ed7493851cc9fa5ea0 StaticDependenciesID=3553c297bae1adf0f3c9390a3875545e 
Number of updated asset objects reloaded before import = 0Number of asset objects unloaded after import = 2

========================================================================
Received Import Request.
  Time since last request: 0.000027 seconds.
  path: Assets/LoafbrrAssets/Interiors_A/prefabs/StairSet/Stairs_1m_F_Grp_Flipped.prefab
  importAddress: Guid(3507bc4eae107324c828bb301bfc647d) Importer(2089858483,b0f066a214c2f5e87bad3c948f4d605d)
Start importing Assets/LoafbrrAssets/Interiors_A/prefabs/StairSet/Stairs_1m_F_Grp_Flipped.prefab using Guid(3507bc4eae107324c828bb301bfc647d) Importer(2089858483,b0f066a214c2f5e87bad3c948f4d605d) (ScriptedImporter) -> (Import Result ID: '357a6208c31eb5431b05fd7cd9bc19c1') in 0.0058298 seconds [static and dynamic dependencies]. Details - ImportResultOutputID=00b29333bcd979794916d3730e00668c DependenciesID=ccd73c636a42a5658c6ca4b55988a347 StaticDependenciesID=25e54188c152b38bb400dc111da6cf1c 
Number of updated asset objects reloaded before import = 0Number of asset objects unloaded after import = 34

========================================================================
Received Import Request.
  Time since last request: 0.000034 seconds.
  path: Assets/LoafbrrAssets/Interiors_A/texture/Surface_Wall_A/Surface_Wall_A_Diffuse_2K_A.png
  importAddress: Guid(0e61ab3f99c98e44198be42d1105ae02) Importer(2089858483,b0f066a214c2f5e87bad3c948f4d605d)
Start importing Assets/LoafbrrAssets/Interiors_A/texture/Surface_Wall_A/Surface_Wall_A_Diffuse_2K_A.png using Guid(0e61ab3f99c98e44198be42d1105ae02) Importer(2089858483,b0f066a214c2f5e87bad3c948f4d605d) (ScriptedImporter) -> (Import Result ID: '4099bc27ba9e96718e71903f2e380f8d') in 0.0100959 seconds [static and dynamic dependencies]. Details - ImportResultOutputID=4ddcc5d0ac2404cc41e61598a973e53a DependenciesID=d04af5858586c53f611151c8b880ee34 StaticDependenciesID=047f82bb0f291eb81aa82ea323552d5f 
Number of updated asset objects reloaded before import = 0Number of asset objects unloaded after import = 1

========================================================================
Received Import Request.
  Time since last request: 0.000017 seconds.
  path: Assets/Enviroment/enviroment/Office building/materials Building/reception.mat
  importAddress: Guid(0207463ab56a2d94ab2b6c91a5002b70) Importer(2089858483,b0f066a214c2f5e87bad3c948f4d605d)
Start importing Assets/Enviroment/enviroment/Office building/materials Building/reception.mat using Guid(0207463ab56a2d94ab2b6c91a5002b70) Importer(2089858483,b0f066a214c2f5e87bad3c948f4d605d) (ScriptedImporter) -> (Import Result ID: '2c4103c1294e6fd9f5fd8586a48f2b10') in 0.0066399 seconds [static and dynamic dependencies]. Details - ImportResultOutputID=b49ee3418782d1278ab24d7f4ccdf5d1 DependenciesID=e322a9f941f5b1a71945b94f36f6741a StaticDependenciesID=fa5802fead2a765f78d477a2b39d20a1 
Number of updated asset objects reloaded before import = 0Number of asset objects unloaded after import = 2

========================================================================
Received Import Request.
  Time since last request: 0.000020 seconds.
  path: Assets/Enviroment/enviroment/Office building/meshes/Plant 3.fbx
  importAddress: Guid(69c26a941c079874988f990a50c935be) Importer(2089858483,b0f066a214c2f5e87bad3c948f4d605d)
Start importing Assets/Enviroment/enviroment/Office building/meshes/Plant 3.fbx using Guid(69c26a941c079874988f990a50c935be) Importer(2089858483,b0f066a214c2f5e87bad3c948f4d605d) (ScriptedImporter) -> (Import Result ID: 'f92abbfe3d7184486cb21aee6518e78d') in 0.0117124 seconds [static and dynamic dependencies]. Details - ImportResultOutputID=0e116d7dd7e6dfa58d50341dbaad7a77 DependenciesID=430e6a881b50d1c96615eac1a2e7ccb6 StaticDependenciesID=aab1bf26c39d2ab040a2c2481a255b8c 
Number of updated asset objects reloaded before import = 0Number of asset objects unloaded after import = 16

========================================================================
Received Import Request.
  Time since last request: 0.000029 seconds.
  path: Assets/Enviroment/enviroment/Office building/meshes/Toilet paper.fbx
  importAddress: Guid(39cce7b7a8625ee49ad87290a1738c77) Importer(2089858483,b0f066a214c2f5e87bad3c948f4d605d)
Start importing Assets/Enviroment/enviroment/Office building/meshes/Toilet paper.fbx using Guid(39cce7b7a8625ee49ad87290a1738c77) Importer(2089858483,b0f066a214c2f5e87bad3c948f4d605d) (ScriptedImporter) -> (Import Result ID: '661fdade328755fa86cd8eb523020d0d') in 0.0105678 seconds [static and dynamic dependencies]. Details - ImportResultOutputID=b78a58c26f36e908c33fde763986b808 DependenciesID=6edc480ba77142923d73e0f039ed0538 StaticDependenciesID=680c36cf9794572a2bb6c47ffc70e6ff 
Number of updated asset objects reloaded before import = 0Number of asset objects unloaded after import = 9

========================================================================
Received Import Request.
  Time since last request: 0.000021 seconds.
  path: Assets/Enviroment/enviroment/Office building/material props/Metal cupboard.mat
  importAddress: Guid(1acebf33a3d5a694e84f1851aaea7cbc) Importer(2089858483,b0f066a214c2f5e87bad3c948f4d605d)
Start importing Assets/Enviroment/enviroment/Office building/material props/Metal cupboard.mat using Guid(1acebf33a3d5a694e84f1851aaea7cbc) Importer(2089858483,b0f066a214c2f5e87bad3c948f4d605d) (ScriptedImporter) -> (Import Result ID: '6c76dab195d78800d6e8d988de274ede') in 0.0093901 seconds [static and dynamic dependencies]. Details - ImportResultOutputID=d362fef46bfcf251e7cd5d057f6be613 DependenciesID=f43eefd248bb9ba2a482a078c119b451 StaticDependenciesID=8c9b8899c60096a63e74ab5b59fb750d 
Number of updated asset objects reloaded before import = 0Number of asset objects unloaded after import = 2

========================================================================
Received Import Request.
  Time since last request: 0.000025 seconds.
  path: Assets/LoafbrrAssets/Interiors_A/prefabs/StairSet/Stairs_3m_A_Grp_Flipped.prefab
  importAddress: Guid(eff508b2997908d40acd157ef3582644) Importer(2089858483,b0f066a214c2f5e87bad3c948f4d605d)
Start importing Assets/LoafbrrAssets/Interiors_A/prefabs/StairSet/Stairs_3m_A_Grp_Flipped.prefab using Guid(eff508b2997908d40acd157ef3582644) Importer(2089858483,b0f066a214c2f5e87bad3c948f4d605d) (ScriptedImporter) -> (Import Result ID: 'b32e419d30d1abcd20933ab80ad689cc') in 0.0072646 seconds [static and dynamic dependencies]. Details - ImportResultOutputID=e3134d70512d6bee1a8e7e1bd06d27ba DependenciesID=8e25071ae27e2b3797e82cfb5557821d StaticDependenciesID=e72446d2998264b2486b368276fba95f 
Number of updated asset objects reloaded before import = 0Number of asset objects unloaded after import = 34

========================================================================
Received Import Request.
  Time since last request: 0.000049 seconds.
  path: Assets/Enviroment/enviroment/Office building/textures/Props/used/Mattress.png
  importAddress: Guid(55335ca93cba8a94ba8a4bf9dc3f8bc9) Importer(2089858483,b0f066a214c2f5e87bad3c948f4d605d)
Start importing Assets/Enviroment/enviroment/Office building/textures/Props/used/Mattress.png using Guid(55335ca93cba8a94ba8a4bf9dc3f8bc9) Importer(2089858483,b0f066a214c2f5e87bad3c948f4d605d) (ScriptedImporter) -> (Import Result ID: 'ab0f48cdb758469c385a47a866843c45') in 0.0077523 seconds [static and dynamic dependencies]. Details - ImportResultOutputID=578663011b07171be5e6746a78bfbe74 DependenciesID=a7f3decd5d4960db802b3f952a1a3677 StaticDependenciesID=b43f6dcb05900091e3bc491eea3f42f3 
Number of updated asset objects reloaded before import = 0Number of asset objects unloaded after import = 1

========================================================================
Received Import Request.
  Time since last request: 0.000019 seconds.
  path: Assets/Enviroment/enviroment/Office building/material props/Server.mat
  importAddress: Guid(a75facf24cc75374f92e0b994b0336af) Importer(2089858483,b0f066a214c2f5e87bad3c948f4d605d)
Start importing Assets/Enviroment/enviroment/Office building/material props/Server.mat using Guid(a75facf24cc75374f92e0b994b0336af) Importer(2089858483,b0f066a214c2f5e87bad3c948f4d605d) (ScriptedImporter) -> (Import Result ID: '11927c2b2631907d377aaad7c2c80cac') in 0.0045449 seconds [static and dynamic dependencies]. Details - ImportResultOutputID=6d431c661333954895865f660f9d170d DependenciesID=1c96d4f4deebd419032f88c0cf1f5c12 StaticDependenciesID=1be7f0a416250c9e6f10ccc64a29a17b 
Number of updated asset objects reloaded before import = 0Number of asset objects unloaded after import = 2

========================================================================
Received Import Request.
  Time since last request: 0.000025 seconds.
  path: Assets/Enviroment/enviroment/Office building/textures/Elevator emission graphics
  importAddress: Guid(e416ceb08fc16c644994182facc9407f) Importer(2089858483,b0f066a214c2f5e87bad3c948f4d605d)
Start importing Assets/Enviroment/enviroment/Office building/textures/Elevator emission graphics using Guid(e416ceb08fc16c644994182facc9407f) Importer(2089858483,b0f066a214c2f5e87bad3c948f4d605d) (ScriptedImporter) -> (Import Result ID: 'a1abffa9c6d3a3620c82fd806da098c0') in 0.0045334 seconds [static and dynamic dependencies]. Details - ImportResultOutputID=f2fb999e00205e5a7ceae7962b672fff DependenciesID=ad91d56d6b6f17bdcbcbfa3f1e7fb4f9 StaticDependenciesID=4f504e1fd58b4b3c8069d45b1ec3f495 
Number of updated asset objects reloaded before import = 0Number of asset objects unloaded after import = 1

========================================================================
Received Import Request.
  Time since last request: 0.000017 seconds.
  path: Assets/Enviroment/enviroment/Office building
  importAddress: Guid(9b3374639d69d144a9a4551178fcd132) Importer(2089858483,b0f066a214c2f5e87bad3c948f4d605d)
Start importing Assets/Enviroment/enviroment/Office building using Guid(9b3374639d69d144a9a4551178fcd132) Importer(2089858483,b0f066a214c2f5e87bad3c948f4d605d) (ScriptedImporter) -> (Import Result ID: 'c4b23e1f75301da3b524a7333ecda81c') in 0.0038655 seconds [static and dynamic dependencies]. Details - ImportResultOutputID=1a6b55181a3a72f596912a17e1c6ee4e DependenciesID=01bdf0db347a5e7bc192eed7f2dc3b9c StaticDependenciesID=1e83c0cdbf655da6f4e9dbf3205eb092 
Number of updated asset objects reloaded before import = 0Number of asset objects unloaded after import = 1

========================================================================
Received Import Request.
  Time since last request: 0.000019 seconds.
  path: Assets/Enviroment/enviroment/Office building/textures/Props/used/Kindergarten table.png
  importAddress: Guid(a3775e75d0a422e45b46607813e879db) Importer(2089858483,b0f066a214c2f5e87bad3c948f4d605d)
Start importing Assets/Enviroment/enviroment/Office building/textures/Props/used/Kindergarten table.png using Guid(a3775e75d0a422e45b46607813e879db) Importer(2089858483,b0f066a214c2f5e87bad3c948f4d605d) (ScriptedImporter) -> (Import Result ID: '9a7f4bb16aad5f6d5f977d0f623c2441') in 0.0061672 seconds [static and dynamic dependencies]. Details - ImportResultOutputID=7b5b5b5a1eb3835e85f5f9c1f7d2adfa DependenciesID=b287ae05c9e67d66e056da1e1593fbad StaticDependenciesID=ed372dc1513bf4d0e04b8401e78e97f4 
Number of updated asset objects reloaded before import = 0Number of asset objects unloaded after import = 1

========================================================================
Received Import Request.
  Time since last request: 0.000018 seconds.
  path: Assets/Enviroment/enviroment/Office building/textures/Props/used
  importAddress: Guid(f2f74448aa6089b49955da34d3093e62) Importer(2089858483,b0f066a214c2f5e87bad3c948f4d605d)
Start importing Assets/Enviroment/enviroment/Office building/textures/Props/used using Guid(f2f74448aa6089b49955da34d3093e62) Importer(2089858483,b0f066a214c2f5e87bad3c948f4d605d) (ScriptedImporter) -> (Import Result ID: 'ff810b1942f8aecea5f9e45677f1ce82') in 0.0033165 seconds [static and dynamic dependencies]. Details - ImportResultOutputID=73a2abbf61188d4be352d7fb206ea745 DependenciesID=5d32ed8c90f681abbd10abeda85d9652 StaticDependenciesID=4393a8acd84495414749b7c428da648d 
Number of updated asset objects reloaded before import = 0Number of asset objects unloaded after import = 1

========================================================================
Received Import Request.
  Time since last request: 0.000020 seconds.
  path: Assets/LoafbrrAssets/Interiors_A/prefabs/StairSet/Stairs_2m_F_Grp_Flipped.prefab
  importAddress: Guid(7b2d9cafa2ccfa54f8ccf9517cb12d98) Importer(2089858483,b0f066a214c2f5e87bad3c948f4d605d)
Start importing Assets/LoafbrrAssets/Interiors_A/prefabs/StairSet/Stairs_2m_F_Grp_Flipped.prefab using Guid(7b2d9cafa2ccfa54f8ccf9517cb12d98) Importer(2089858483,b0f066a214c2f5e87bad3c948f4d605d) (ScriptedImporter) -> (Import Result ID: '8dc8a4ab3d89bcfe166ad71557702681') in 0.007785 seconds [static and dynamic dependencies]. Details - ImportResultOutputID=cd87d114fd61110f11b84ee048644184 DependenciesID=1487e783340851028833026667f73b43 StaticDependenciesID=017599ad24c35522a0ded9ab9c6880c0 
Number of updated asset objects reloaded before import = 0Number of asset objects unloaded after import = 34

========================================================================
Received Import Request.
  Time since last request: 0.000027 seconds.
  path: Assets/Enviroment/enviroment/Office building/Material lamps evelator/Lamp A.mat
  importAddress: Guid(925b8fd9e0528aa439f35261c5d12cf8) Importer(2089858483,b0f066a214c2f5e87bad3c948f4d605d)
Start importing Assets/Enviroment/enviroment/Office building/Material lamps evelator/Lamp A.mat using Guid(925b8fd9e0528aa439f35261c5d12cf8) Importer(2089858483,b0f066a214c2f5e87bad3c948f4d605d) (ScriptedImporter) -> (Import Result ID: '08f2fba2421b3192c733d8353d58a6df') in 0.0059124 seconds [static and dynamic dependencies]. Details - ImportResultOutputID=b6d28706850a0eaedc516a087d19bb42 DependenciesID=4a6157631798d7a7d8551bc52709d112 StaticDependenciesID=d7badc6bd18c9ace3b094c92ed9b7827 
Number of updated asset objects reloaded before import = 0Number of asset objects unloaded after import = 3

========================================================================
Received Import Request.
  Time since last request: 0.000047 seconds.
  path: Assets/Enviroment/enviroment/Office building/textures/Props/used/Fridge.png
  importAddress: Guid(959585385e80b5c4a8709dd0be2993e2) Importer(2089858483,b0f066a214c2f5e87bad3c948f4d605d)
Start importing Assets/Enviroment/enviroment/Office building/textures/Props/used/Fridge.png using Guid(959585385e80b5c4a8709dd0be2993e2) Importer(2089858483,b0f066a214c2f5e87bad3c948f4d605d) (ScriptedImporter) -> (Import Result ID: '1755f2e69b03eb0318434675d21386dd') in 0.0079275 seconds [static and dynamic dependencies]. Details - ImportResultOutputID=9b097116c9fedaace317e3d4117dce26 DependenciesID=9aaadc9cfa201efffbcce0fde220d6dd StaticDependenciesID=2116e747c762a69fc84b7b4c055a06c1 
Number of updated asset objects reloaded before import = 0Number of asset objects unloaded after import = 1

========================================================================
Received Import Request.
  Time since last request: 0.000019 seconds.
  path: Assets/Enviroment/enviroment/Office building/material props/Kindergarten table.mat
  importAddress: Guid(1db571aadd272bd419de3dd355544173) Importer(2089858483,b0f066a214c2f5e87bad3c948f4d605d)
Start importing Assets/Enviroment/enviroment/Office building/material props/Kindergarten table.mat using Guid(1db571aadd272bd419de3dd355544173) Importer(2089858483,b0f066a214c2f5e87bad3c948f4d605d) (ScriptedImporter) -> (Import Result ID: '15f44de7d9ddd5359f18488f4f05a1b3') in 0.0038717 seconds [static and dynamic dependencies]. Details - ImportResultOutputID=18f794c6e8b0960879bacc510149ccba DependenciesID=1b70a50b1b77f6d0246f1cfc255e5514 StaticDependenciesID=537003c096b9881ed32b60921a3526c8 
Number of updated asset objects reloaded before import = 0Number of asset objects unloaded after import = 2

========================================================================
Received Import Request.
  Time since last request: 0.000041 seconds.
  path: Assets/LoafbrrAssets/Interiors_A/prefabs/StairParts/Stairs_B_1x3.prefab
  importAddress: Guid(4b4791df560ed5643bcea046bce14a1b) Importer(2089858483,b0f066a214c2f5e87bad3c948f4d605d)
Start importing Assets/LoafbrrAssets/Interiors_A/prefabs/StairParts/Stairs_B_1x3.prefab using Guid(4b4791df560ed5643bcea046bce14a1b) Importer(2089858483,b0f066a214c2f5e87bad3c948f4d605d) (ScriptedImporter) -> (Import Result ID: '162e9b5a8e52f821139dfee73720de86') in 0.0106203 seconds [static and dynamic dependencies]. Details - ImportResultOutputID=114137d098c2558b9f85c4cac06576cd DependenciesID=ad0ecbe045068b1dcfae1ab2036bbab4 StaticDependenciesID=436f5c106364d7788aceefe38d6fa542 
Number of updated asset objects reloaded before import = 0Number of asset objects unloaded after import = 12

========================================================================
Received Import Request.
  Time since last request: 0.000043 seconds.
  path: Assets/Enviroment/enviroment/Office building/material props/plant 3.mat
  importAddress: Guid(2c2928be45cd1f945a6bf19f92133993) Importer(2089858483,b0f066a214c2f5e87bad3c948f4d605d)
Start importing Assets/Enviroment/enviroment/Office building/material props/plant 3.mat using Guid(2c2928be45cd1f945a6bf19f92133993) Importer(2089858483,b0f066a214c2f5e87bad3c948f4d605d) (ScriptedImporter) -> (Import Result ID: 'e1a9ea29a4f7282e867b0eb3bb25090f') in 0.0050835 seconds [static and dynamic dependencies]. Details - ImportResultOutputID=667da3177aa3a3e003c903fd5fd65ae7 DependenciesID=3d902b0c24dc68a18a76b80fcf246a10 StaticDependenciesID=bba9907ae15a7eb725e86b719f8a46ac 
Number of updated asset objects reloaded before import = 0Number of asset objects unloaded after import = 2

========================================================================
Received Import Request.
  Time since last request: 0.000024 seconds.
  path: Assets/Enviroment/enviroment/Office building/Prefabs/shelving A prefab.prefab
  importAddress: Guid(382313487c565f14a87f1d0eb5501713) Importer(2089858483,b0f066a214c2f5e87bad3c948f4d605d)
Start importing Assets/Enviroment/enviroment/Office building/Prefabs/shelving A prefab.prefab using Guid(382313487c565f14a87f1d0eb5501713) Importer(2089858483,b0f066a214c2f5e87bad3c948f4d605d) (ScriptedImporter) -> (Import Result ID: 'f1ee3a3ff1988dfaeb48698e209e7d41') in 0.0062652 seconds [static and dynamic dependencies]. Details - ImportResultOutputID=53d7d5a6598a4733d990a0ed864d0f00 DependenciesID=41e54eaa9d18f37d8df314b0bebeff38 StaticDependenciesID=d7a8d5c5ebb3740375cae438f2e12a47 
Number of updated asset objects reloaded before import = 0Number of asset objects unloaded after import = 10

========================================================================
Received Import Request.
  Time since last request: 0.000018 seconds.
  path: Assets/Enviroment/enviroment/Office building/material props/Climb poles.mat
  importAddress: Guid(f4a653cf4f5715b49b9f918c5e8a8648) Importer(2089858483,b0f066a214c2f5e87bad3c948f4d605d)
Start importing Assets/Enviroment/enviroment/Office building/material props/Climb poles.mat using Guid(f4a653cf4f5715b49b9f918c5e8a8648) Importer(2089858483,b0f066a214c2f5e87bad3c948f4d605d) (ScriptedImporter) -> (Import Result ID: '55f7cbe0474169bea4ee7a038f9641fa') in 0.0052419 seconds [static and dynamic dependencies]. Details - ImportResultOutputID=aead48666703f18e603de96f79e00ede DependenciesID=af3d10043d75a7792e8c3e2b05c331e9 StaticDependenciesID=801d68e8b4448131dd1d597c9bcd4439 
Number of updated asset objects reloaded before import = 0Number of asset objects unloaded after import = 2

========================================================================
Received Import Request.
  Time since last request: 0.000020 seconds.
  path: Assets/Enviroment/enviroment/Office building/material props/Kindergarten picture wall.mat
  importAddress: Guid(c57e00171c1feb44c876fb6b4863cb95) Importer(2089858483,b0f066a214c2f5e87bad3c948f4d605d)
Start importing Assets/Enviroment/enviroment/Office building/material props/Kindergarten picture wall.mat using Guid(c57e00171c1feb44c876fb6b4863cb95) Importer(2089858483,b0f066a214c2f5e87bad3c948f4d605d) (ScriptedImporter) -> (Import Result ID: '235351695cf78350d7fc98a1ff241d3b') in 0.0051919 seconds [static and dynamic dependencies]. Details - ImportResultOutputID=54acdd4b2d41cd2c4d7dba949c77e9a9 DependenciesID=bffc8f5f6d31c875b0254020c37c1eed StaticDependenciesID=69db822f9685eb4325bde790428964da 
Number of updated asset objects reloaded before import = 0Number of asset objects unloaded after import = 2

========================================================================
Received Import Request.
  Time since last request: 0.000029 seconds.
  path: Assets/Enviroment/enviroment/Office building/Prefabs/Bottle Prefab.prefab
  importAddress: Guid(d8c04594c182fb34b9c6974811467766) Importer(2089858483,b0f066a214c2f5e87bad3c948f4d605d)
Start importing Assets/Enviroment/enviroment/Office building/Prefabs/Bottle Prefab.prefab using Guid(d8c04594c182fb34b9c6974811467766) Importer(2089858483,b0f066a214c2f5e87bad3c948f4d605d) (ScriptedImporter) -> (Import Result ID: '6972b9bd73f886ff6174e88a409be60e') in 0.0057803 seconds [static and dynamic dependencies]. Details - ImportResultOutputID=7e6cc6c018116216b852364677862a21 DependenciesID=7f1371872986d45ac35333a4d5d8b024 StaticDependenciesID=e60ceb46451caef24061eecdc67624b8 
Number of updated asset objects reloaded before import = 0Number of asset objects unloaded after import = 10

========================================================================
Received Import Request.
  Time since last request: 0.000015 seconds.
  path: Assets/Enviroment/enviroment/Office building/textures/Door roof.png
  importAddress: Guid(dc38877258e0ed146b54c145e0d4681c) Importer(2089858483,b0f066a214c2f5e87bad3c948f4d605d)
Start importing Assets/Enviroment/enviroment/Office building/textures/Door roof.png using Guid(dc38877258e0ed146b54c145e0d4681c) Importer(2089858483,b0f066a214c2f5e87bad3c948f4d605d) (ScriptedImporter) -> (Import Result ID: 'df14ffd9f409a3cd5f34601b1df76dc4') in 0.0066021 seconds [static and dynamic dependencies]. Details - ImportResultOutputID=58cf331b9ed2fa717dc83ee8ff257983 DependenciesID=3ff448a1419b787b40cc5dfa3164d6a8 StaticDependenciesID=08cd460e0ef5055411c40893c4ada6ac 
Number of updated asset objects reloaded before import = 0Number of asset objects unloaded after import = 1

========================================================================
Received Import Request.
  Time since last request: 0.000024 seconds.
  path: Assets/Enviroment/enviroment/Office building/textures/Props/used/couch office.png
  importAddress: Guid(d99c7ef296300724bba4a3ac452226ad) Importer(2089858483,b0f066a214c2f5e87bad3c948f4d605d)
Start importing Assets/Enviroment/enviroment/Office building/textures/Props/used/couch office.png using Guid(d99c7ef296300724bba4a3ac452226ad) Importer(2089858483,b0f066a214c2f5e87bad3c948f4d605d) (ScriptedImporter) -> (Import Result ID: '8b319de007d57dc7cb329b945ab7a1b1') in 0.005611 seconds [static and dynamic dependencies]. Details - ImportResultOutputID=54aac919c1c43551ebd100d263d8a855 DependenciesID=75152fdaac98c933debc6e5e43c86f16 StaticDependenciesID=725f3f48b84ec3fc431946de38de3020 
Number of updated asset objects reloaded before import = 0Number of asset objects unloaded after import = 1

========================================================================
Received Import Request.
  Time since last request: 0.000014 seconds.
  path: Assets/Enviroment/enviroment/Office building/Prefabs/Lamp B Prefab.prefab
  importAddress: Guid(68ded745d66b56e47a0d9f8bab900b1b) Importer(2089858483,b0f066a214c2f5e87bad3c948f4d605d)
Start importing Assets/Enviroment/enviroment/Office building/Prefabs/Lamp B Prefab.prefab using Guid(68ded745d66b56e47a0d9f8bab900b1b) Importer(2089858483,b0f066a214c2f5e87bad3c948f4d605d) (ScriptedImporter) -> (Import Result ID: 'c27f1f3a565f4976bbc9703bcac89b02') in 0.0070433 seconds [static and dynamic dependencies]. Details - ImportResultOutputID=8b67bda737d15efa573248cf0b267b62 DependenciesID=d2f809a958c86c332d7bd567ef0916da StaticDependenciesID=a911d291c3c51c777d7580f2d5ef516d 
Number of updated asset objects reloaded before import = 0Number of asset objects unloaded after import = 13

========================================================================
Received Import Request.
  Time since last request: 0.000018 seconds.
  path: Assets/LoafbrrAssets/Interiors_A/prefabs/Floor/FloorCeiling_3x2.prefab
  importAddress: Guid(4600207e35b8efd4dbebef77fd930526) Importer(2089858483,b0f066a214c2f5e87bad3c948f4d605d)
Start importing Assets/LoafbrrAssets/Interiors_A/prefabs/Floor/FloorCeiling_3x2.prefab using Guid(4600207e35b8efd4dbebef77fd930526) Importer(2089858483,b0f066a214c2f5e87bad3c948f4d605d) (ScriptedImporter) -> (Import Result ID: 'b91f75a746e782053e60267c20be0980') in 0.0073044 seconds [static and dynamic dependencies]. Details - ImportResultOutputID=2b6d7f7069085caaa1ac929bba81e484 DependenciesID=6bc243093ab92c1373bcf7d899261676 StaticDependenciesID=708b9214c467694206d73f136f083bda 
Number of updated asset objects reloaded before import = 0Number of asset objects unloaded after import = 11

========================================================================
Received Import Request.
  Time since last request: 0.000019 seconds.
  path: Assets/LoafbrrAssets/Interiors_A/texture/MiscTrim/MiscTrim_Diffuse_2K.png
  importAddress: Guid(868ba25efdf48fb489de284cccbb9742) Importer(2089858483,b0f066a214c2f5e87bad3c948f4d605d)
Start importing Assets/LoafbrrAssets/Interiors_A/texture/MiscTrim/MiscTrim_Diffuse_2K.png using Guid(868ba25efdf48fb489de284cccbb9742) Importer(2089858483,b0f066a214c2f5e87bad3c948f4d605d) (ScriptedImporter) -> (Import Result ID: '399c5463d099f77ba517494c72f84a75') in 0.0097699 seconds [static and dynamic dependencies]. Details - ImportResultOutputID=1beab769412f61446280de93c8b2b0a5 DependenciesID=6500e9511ddaec14c13508b7028a93f9 StaticDependenciesID=333a47983468ca3a9c3c673d774aedb8 
Number of updated asset objects reloaded before import = 0Number of asset objects unloaded after import = 1

========================================================================
Received Import Request.
  Time since last request: 0.000055 seconds.
  path: Assets/Enviroment/enviroment/Office building/textures/lamps/Lamp C.png
  importAddress: Guid(05716c1681b91934e8b6f9345bb7909a) Importer(2089858483,b0f066a214c2f5e87bad3c948f4d605d)
Start importing Assets/Enviroment/enviroment/Office building/textures/lamps/Lamp C.png using Guid(05716c1681b91934e8b6f9345bb7909a) Importer(2089858483,b0f066a214c2f5e87bad3c948f4d605d) (ScriptedImporter) -> (Import Result ID: '039184c4d53203b3d1aab7de7083ef3a') in 0.0074302 seconds [static and dynamic dependencies]. Details - ImportResultOutputID=48f63e24bad9ed395c6340663cb16ddb DependenciesID=cbae5c603e3d2b1f580f404aefe873b8 StaticDependenciesID=96208d9359452fc504c01674ad2e6c3d 
Number of updated asset objects reloaded before import = 0Number of asset objects unloaded after import = 1

========================================================================
Received Import Request.
  Time since last request: 0.000017 seconds.
  path: Assets/LoafbrrAssets/Interiors_A/prefabs/wall/Wall_Corner_A.prefab
  importAddress: Guid(c5a83cae5e4968644bf0677b3935bfc5) Importer(2089858483,b0f066a214c2f5e87bad3c948f4d605d)
Start importing Assets/LoafbrrAssets/Interiors_A/prefabs/wall/Wall_Corner_A.prefab using Guid(c5a83cae5e4968644bf0677b3935bfc5) Importer(2089858483,b0f066a214c2f5e87bad3c948f4d605d) (ScriptedImporter) -> (Import Result ID: '82bb31383a3d3f6c534bd28dbc52ffd8') in 0.0075221 seconds [static and dynamic dependencies]. Details - ImportResultOutputID=70e65b84580f78b300b5a72cb2ad179f DependenciesID=b29119537c7cd5b6e0d8891f23787f63 StaticDependenciesID=309117ab0ff7cbf4ca033296f8982c48 
Number of updated asset objects reloaded before import = 0Number of asset objects unloaded after import = 10

========================================================================
Received Import Request.
  Time since last request: 0.000048 seconds.
  path: Assets/Enviroment/enviroment/Office building/textures/cement 2.png
  importAddress: Guid(de6b4f4ec52beb64eb7f0db496f07ada) Importer(2089858483,b0f066a214c2f5e87bad3c948f4d605d)
Start importing Assets/Enviroment/enviroment/Office building/textures/cement 2.png using Guid(de6b4f4ec52beb64eb7f0db496f07ada) Importer(2089858483,b0f066a214c2f5e87bad3c948f4d605d) (ScriptedImporter) -> (Import Result ID: 'fc0c6e2b544e14c3d0b8fc4ccd45fe4d') in 0.0056475 seconds [static and dynamic dependencies]. Details - ImportResultOutputID=c9e9f683ad17a3fcfe3c4bd73ec182fa DependenciesID=28a479819de7f6fff5f9ad8c17553b95 StaticDependenciesID=adb320975b02adcb220264268b52bf4a 
Number of updated asset objects reloaded before import = 0Number of asset objects unloaded after import = 1

========================================================================
Received Import Request.
  Time since last request: 0.000027 seconds.
  path: Assets/LoafbrrAssets/Interiors_A/prefabs/Floor/FloorCeiling_1x3.prefab
  importAddress: Guid(f990239572c037442b5f38e7d811abf8) Importer(2089858483,b0f066a214c2f5e87bad3c948f4d605d)
Start importing Assets/LoafbrrAssets/Interiors_A/prefabs/Floor/FloorCeiling_1x3.prefab using Guid(f990239572c037442b5f38e7d811abf8) Importer(2089858483,b0f066a214c2f5e87bad3c948f4d605d) (ScriptedImporter) -> (Import Result ID: '96c4c0616cf1ab18256688fdd2c1f767') in 0.0106302 seconds [static and dynamic dependencies]. Details - ImportResultOutputID=284c7e0e7df1c2e5c510298519a24ee6 DependenciesID=91a4f6ccc2cb4c705783217cee21914a StaticDependenciesID=f7b5982385e649efde99d650ada5f134 
Number of updated asset objects reloaded before import = 0Number of asset objects unloaded after import = 11

========================================================================
Received Import Request.
  Time since last request: 0.000020 seconds.
  path: Assets/LoafbrrAssets/Interiors_A/materials/Surface_Ceiling_B 1.mat
  importAddress: Guid(f45816b3c3857b84b8241a2b96a712d2) Importer(2089858483,b0f066a214c2f5e87bad3c948f4d605d)
Start importing Assets/LoafbrrAssets/Interiors_A/materials/Surface_Ceiling_B 1.mat using Guid(f45816b3c3857b84b8241a2b96a712d2) Importer(2089858483,b0f066a214c2f5e87bad3c948f4d605d) (ScriptedImporter) -> (Import Result ID: '49deab499e83d14fe3db3656fd5fe043') in 0.0247541 seconds [static and dynamic dependencies]. Details - ImportResultOutputID=01d1b265d8cd3ec2cb3ef02103731c85 DependenciesID=2d4748cd0c16058dc10ac65e2f6baa65 StaticDependenciesID=8eecca473a8d9a3a2b9235c29c342bf4 
Number of updated asset objects reloaded before import = 0Number of asset objects unloaded after import = 9

========================================================================
Received Import Request.
  Time since last request: 0.000023 seconds.
  path: Assets/Enviroment/enviroment/Office building/material props/Toilet paper.mat
  importAddress: Guid(36ad57586d295ec46ab8608654eabf64) Importer(2089858483,b0f066a214c2f5e87bad3c948f4d605d)
Start importing Assets/Enviroment/enviroment/Office building/material props/Toilet paper.mat using Guid(36ad57586d295ec46ab8608654eabf64) Importer(2089858483,b0f066a214c2f5e87bad3c948f4d605d) (ScriptedImporter) -> (Import Result ID: 'fb8a5f46e50ca2b3b963c54a7bb6321f') in 0.0053606 seconds [static and dynamic dependencies]. Details - ImportResultOutputID=36f59f19fa01b1db231b15d343fbeb6a DependenciesID=b151770431fa098ef0644b0bc1b8fd7a StaticDependenciesID=11e3e96f49a662f860465837311f8f08 
Number of updated asset objects reloaded before import = 0Number of asset objects unloaded after import = 2

========================================================================
Received Import Request.
  Time since last request: 0.000020 seconds.
  path: Assets/LoafbrrAssets/Interiors_A/prefabs/wall/Wall_Edge_Corner_B.prefab
  importAddress: Guid(ab968c90bdc3f824887721c54dea2117) Importer(2089858483,b0f066a214c2f5e87bad3c948f4d605d)
Start importing Assets/LoafbrrAssets/Interiors_A/prefabs/wall/Wall_Edge_Corner_B.prefab using Guid(ab968c90bdc3f824887721c54dea2117) Importer(2089858483,b0f066a214c2f5e87bad3c948f4d605d) (ScriptedImporter) -> (Import Result ID: '146f467930071dc618205990fc776cf8') in 0.0085406 seconds [static and dynamic dependencies]. Details - ImportResultOutputID=6be71a31fbeab8c63420026d9470ee69 DependenciesID=18138d06ec39b39bb2b8d8d1d37705a4 StaticDependenciesID=02d0fba6433ed9c50db965d586fea275 
Number of updated asset objects reloaded before import = 0Number of asset objects unloaded after import = 10

========================================================================
Received Import Request.
  Time since last request: 0.000028 seconds.
  path: Assets/LoafbrrAssets/Interiors_A/prefabs/wall/Wall_3m_Window_G.prefab
  importAddress: Guid(0269b6e129e53174fb1a7ef4dbaaed45) Importer(2089858483,b0f066a214c2f5e87bad3c948f4d605d)
Start importing Assets/LoafbrrAssets/Interiors_A/prefabs/wall/Wall_3m_Window_G.prefab using Guid(0269b6e129e53174fb1a7ef4dbaaed45) Importer(2089858483,b0f066a214c2f5e87bad3c948f4d605d) (ScriptedImporter) -> (Import Result ID: 'da4bf3b950ea6aefd062acc2ad94585e') in 0.0087948 seconds [static and dynamic dependencies]. Details - ImportResultOutputID=a7ecfb818139a8def97f565f7ce93e58 DependenciesID=dd20d51a1d4c9a2446d5bcbe173c4c5e StaticDependenciesID=364ca9399d7fd02eab47623a4f5b344c 
Number of updated asset objects reloaded before import = 0Number of asset objects unloaded after import = 12

========================================================================
Received Import Request.
  Time since last request: 0.000029 seconds.
  path: Assets/LoafbrrAssets/Interiors_A/prefabs/StairParts/Wall_Stair_3m.prefab
  importAddress: Guid(8193aea86f7080d47a7cad50ec2f3491) Importer(2089858483,b0f066a214c2f5e87bad3c948f4d605d)
Start importing Assets/LoafbrrAssets/Interiors_A/prefabs/StairParts/Wall_Stair_3m.prefab using Guid(8193aea86f7080d47a7cad50ec2f3491) Importer(2089858483,b0f066a214c2f5e87bad3c948f4d605d) (ScriptedImporter) -> (Import Result ID: 'c76da7334f16b082041b07b3c6ea8b52') in 0.0093228 seconds [static and dynamic dependencies]. Details - ImportResultOutputID=353e87be6f0a287d87dbcf24eb87ea9d DependenciesID=7ecdb4808ffb23df488044a5ac818168 StaticDependenciesID=35cd064ee3465940f793653c594e9bf0 
Number of updated asset objects reloaded before import = 0Number of asset objects unloaded after import = 10

========================================================================
Received Import Request.
  Time since last request: 0.000037 seconds.
  path: Assets/Enviroment/enviroment/Office building/textures/Props/used/Sign securety only.png
  importAddress: Guid(9430e45a9c0c51c428c9cb8f58c85613) Importer(2089858483,b0f066a214c2f5e87bad3c948f4d605d)
Start importing Assets/Enviroment/enviroment/Office building/textures/Props/used/Sign securety only.png using Guid(9430e45a9c0c51c428c9cb8f58c85613) Importer(2089858483,b0f066a214c2f5e87bad3c948f4d605d) (ScriptedImporter) -> (Import Result ID: '636836ae7fe612cfc59e9fd12d27f9ec') in 0.0087231 seconds [static and dynamic dependencies]. Details - ImportResultOutputID=deac0276250a88a1d8fa405579a81f7f DependenciesID=0a6120cf93624a01a02e5669ed75267d StaticDependenciesID=b3ed0e8b51f38b063284c3f4f50328de 
Number of updated asset objects reloaded before import = 0Number of asset objects unloaded after import = 1

========================================================================
Received Import Request.
  Time since last request: 0.000022 seconds.
  path: Assets/LoafbrrAssets/Interiors_A/prefabs/StairParts/Stair_Wall_1m_A.prefab
  importAddress: Guid(c1f4a1d0006091d4fa2da7d1ffd08739) Importer(2089858483,b0f066a214c2f5e87bad3c948f4d605d)
Start importing Assets/LoafbrrAssets/Interiors_A/prefabs/StairParts/Stair_Wall_1m_A.prefab using Guid(c1f4a1d0006091d4fa2da7d1ffd08739) Importer(2089858483,b0f066a214c2f5e87bad3c948f4d605d) (ScriptedImporter) -> (Import Result ID: 'e84ef2072d0756e8636620f860b50c13') in 0.0091749 seconds [static and dynamic dependencies]. Details - ImportResultOutputID=4e007b28203a2e170444ef953121b24c DependenciesID=0bd5a3f64558cdc36e2f30bbae70794f StaticDependenciesID=447a8374dc322e3a6af13fa078753fa8 
Number of updated asset objects reloaded before import = 0Number of asset objects unloaded after import = 10

========================================================================
Received Import Request.
  Time since last request: 0.000037 seconds.
  path: Assets/Enviroment/enviroment/Office building/Prefabs/ABC puzzle floor Prefab.prefab
  importAddress: Guid(91ced13d3de8aaf4998bdbb38fbf3a6b) Importer(2089858483,b0f066a214c2f5e87bad3c948f4d605d)
Start importing Assets/Enviroment/enviroment/Office building/Prefabs/ABC puzzle floor Prefab.prefab using Guid(91ced13d3de8aaf4998bdbb38fbf3a6b) Importer(2089858483,b0f066a214c2f5e87bad3c948f4d605d) (ScriptedImporter) -> (Import Result ID: 'ae3ce5ba98538e9c2e8668f3ad893147') in 0.005498 seconds [static and dynamic dependencies]. Details - ImportResultOutputID=b6dc61ee7ec1703198e69e86be5eefab DependenciesID=4c7661668602c23a82fb35e0d4def395 StaticDependenciesID=5075aea9269fe3727cae5ec6f905c39b 
Number of updated asset objects reloaded before import = 0Number of asset objects unloaded after import = 9

========================================================================
Received Import Request.
  Time since last request: 0.000015 seconds.
  path: Assets/Enviroment/enviroment/Office building/scripts/pass_on_parent.cs
  importAddress: Guid(f705e10c05355f642bc5d2ea8c9a9b49) Importer(2089858483,b0f066a214c2f5e87bad3c948f4d605d)
Start importing Assets/Enviroment/enviroment/Office building/scripts/pass_on_parent.cs using Guid(f705e10c05355f642bc5d2ea8c9a9b49) Importer(2089858483,b0f066a214c2f5e87bad3c948f4d605d) (ScriptedImporter) -> (Import Result ID: '11b1202381d2fd2226da83893ae6f254') in 0.0044774 seconds [static and dynamic dependencies]. Details - ImportResultOutputID=922df1ef5bc412159acf3f2a847bbdc5 DependenciesID=071ce1c1fd71acf397f52b8619121ef1 StaticDependenciesID=7a05fb34e9f855a387401ab964e0d90d 
Number of updated asset objects reloaded before import = 0Number of asset objects unloaded after import = 0

========================================================================
Received Import Request.
  Time since last request: 0.000019 seconds.
  path: Assets/LoafbrrAssets/Interiors_A/prefabs/Vent/Vent_Corner_G.prefab
  importAddress: Guid(7389aed9d85b4b8478fdb751fb2028c5) Importer(2089858483,b0f066a214c2f5e87bad3c948f4d605d)
Start importing Assets/LoafbrrAssets/Interiors_A/prefabs/Vent/Vent_Corner_G.prefab using Guid(7389aed9d85b4b8478fdb751fb2028c5) Importer(2089858483,b0f066a214c2f5e87bad3c948f4d605d) (ScriptedImporter) -> (Import Result ID: 'd9a0bdef2e77d2b640516b1b777042ba') in 0.008259 seconds [static and dynamic dependencies]. Details - ImportResultOutputID=1449d6f97690c9a1720a268eb3c6923d DependenciesID=6e9837d1d470e175045fa3c8f09d730f StaticDependenciesID=2707ff546ce124acca93ac6b92da0b48 
Number of updated asset objects reloaded before import = 0Number of asset objects unloaded after import = 10

========================================================================
Received Import Request.
  Time since last request: 0.000020 seconds.
  path: Assets/LoafbrrAssets/Interiors_A/prefabs/StairParts/Stairs_A_2x2.prefab
  importAddress: Guid(6832baf3474025c4eae769ec35fe2960) Importer(2089858483,b0f066a214c2f5e87bad3c948f4d605d)
Start importing Assets/LoafbrrAssets/Interiors_A/prefabs/StairParts/Stairs_A_2x2.prefab using Guid(6832baf3474025c4eae769ec35fe2960) Importer(2089858483,b0f066a214c2f5e87bad3c948f4d605d) (ScriptedImporter) -> (Import Result ID: 'a445de5541d6b4be0170df75d7f8e30e') in 0.0086009 seconds [static and dynamic dependencies]. Details - ImportResultOutputID=5957fbcb88fd49ea47f5cc55d4b68907 DependenciesID=ae6f064b7b610c26e6bc0b2e057ee22b StaticDependenciesID=e597d2839105cb3295e3bbf23d37c685 
Number of updated asset objects reloaded before import = 0Number of asset objects unloaded after import = 12

========================================================================
Received Import Request.
  Time since last request: 0.000021 seconds.
  path: Assets/Enviroment/enviroment/Office building/material props/filing B.mat
  importAddress: Guid(8bd360395d36a9e45b4585fd8bbcbe8e) Importer(2089858483,b0f066a214c2f5e87bad3c948f4d605d)
Start importing Assets/Enviroment/enviroment/Office building/material props/filing B.mat using Guid(8bd360395d36a9e45b4585fd8bbcbe8e) Importer(2089858483,b0f066a214c2f5e87bad3c948f4d605d) (ScriptedImporter) -> (Import Result ID: '6d214655e9c438a966853306303fc1c5') in 0.0048332 seconds [static and dynamic dependencies]. Details - ImportResultOutputID=9de5f0d9128be9f197fa528a49fe23e8 DependenciesID=43e97bde57751bc2e8306f73176f72bb StaticDependenciesID=ac3b6bbcd5756a04a2e22ba786796caa 
Number of updated asset objects reloaded before import = 0Number of asset objects unloaded after import = 2

========================================================================
Received Import Request.
  Time since last request: 0.000040 seconds.
  path: Assets/Enviroment/enviroment/Office building/material props/Mirror.mat
  importAddress: Guid(a12e55a2743935a4bbbcc8ee6e195671) Importer(2089858483,b0f066a214c2f5e87bad3c948f4d605d)
Start importing Assets/Enviroment/enviroment/Office building/material props/Mirror.mat using Guid(a12e55a2743935a4bbbcc8ee6e195671) Importer(2089858483,b0f066a214c2f5e87bad3c948f4d605d) (ScriptedImporter) -> (Import Result ID: '2e9dba79b36d49a8b03766357885ce76') in 0.005265 seconds [static and dynamic dependencies]. Details - ImportResultOutputID=bfe3263e33dbc8afbbcf7e13196e690f DependenciesID=075d004b229be40a707558ee83cc1178 StaticDependenciesID=b9ffe55a38b616d1e3f7f1bf7a4f8f5d 
Number of updated asset objects reloaded before import = 0Number of asset objects unloaded after import = 1

========================================================================
Received Import Request.
  Time since last request: 0.000017 seconds.
  path: Assets/Enviroment/enviroment/Office building/Prefabs/Climb poles Prefab.prefab
  importAddress: Guid(9cae3c9688e051e4fa6c097ea2d17a69) Importer(2089858483,b0f066a214c2f5e87bad3c948f4d605d)
Start importing Assets/Enviroment/enviroment/Office building/Prefabs/Climb poles Prefab.prefab using Guid(9cae3c9688e051e4fa6c097ea2d17a69) Importer(2089858483,b0f066a214c2f5e87bad3c948f4d605d) (ScriptedImporter) -> (Import Result ID: '327627938d0be0deb5b0291501441a87') in 0.0059795 seconds [static and dynamic dependencies]. Details - ImportResultOutputID=2b9b52c1d8db2aa5b2a5a2d7f9036761 DependenciesID=51e9ceae00d80e18c42476a68e0e2b9f StaticDependenciesID=55c9ce6a7bfed9b52e73ca2e273176a5 
Number of updated asset objects reloaded before import = 0Number of asset objects unloaded after import = 10

========================================================================
Received Import Request.
  Time since last request: 0.000016 seconds.
  path: Assets/LoafbrrAssets/Interiors_A/prefabs/StairSet
  importAddress: Guid(75341f39926e6054789e3239c38273e5) Importer(2089858483,b0f066a214c2f5e87bad3c948f4d605d)
Start importing Assets/LoafbrrAssets/Interiors_A/prefabs/StairSet using Guid(75341f39926e6054789e3239c38273e5) Importer(2089858483,b0f066a214c2f5e87bad3c948f4d605d) (ScriptedImporter) -> (Import Result ID: '408380151299f56147f8e8ab20d79983') in 0.0037726 seconds [static and dynamic dependencies]. Details - ImportResultOutputID=5dfbaa6f544e0cecf1a6f72dfa6915f5 DependenciesID=d25dec45ad3a64e5ae00ef91d71bb733 StaticDependenciesID=25e6ed19a8a0565757b11b24af86a1ae 
Number of updated asset objects reloaded before import = 0Number of asset objects unloaded after import = 1

========================================================================
Received Import Request.
  Time since last request: 0.000026 seconds.
  path: Assets/LoafbrrAssets/Interiors_A/prefabs/StairParts/Wall_Stair_3m_Edge_B.prefab
  importAddress: Guid(d6463be7cbfbe76419f675bd936b7afc) Importer(2089858483,b0f066a214c2f5e87bad3c948f4d605d)
Start importing Assets/LoafbrrAssets/Interiors_A/prefabs/StairParts/Wall_Stair_3m_Edge_B.prefab using Guid(d6463be7cbfbe76419f675bd936b7afc) Importer(2089858483,b0f066a214c2f5e87bad3c948f4d605d) (ScriptedImporter) -> (Import Result ID: '3731a8d8b0a32e16cf3e7f66e9bd6cb9') in 0.0131228 seconds [static and dynamic dependencies]. Details - ImportResultOutputID=791804a4f2f2604c2a4be1c36a794ab4 DependenciesID=142b77395c8fc649a409edcb6fd19cb5 StaticDependenciesID=c41618875c5c5d4a8a2c736e0dd85e05 
Number of updated asset objects reloaded before import = 0Number of asset objects unloaded after import = 10

========================================================================
Received Import Request.
  Time since last request: 0.000020 seconds.
  path: Assets/LoafbrrAssets/Interiors_A/texture/Surface_Ceiling_B/Surface_Ceiling_B_Diffuse_2K_A.png
  importAddress: Guid(174af487ec72ecb4f97de1a6290cf4e9) Importer(2089858483,b0f066a214c2f5e87bad3c948f4d605d)
Start importing Assets/LoafbrrAssets/Interiors_A/texture/Surface_Ceiling_B/Surface_Ceiling_B_Diffuse_2K_A.png using Guid(174af487ec72ecb4f97de1a6290cf4e9) Importer(2089858483,b0f066a214c2f5e87bad3c948f4d605d) (ScriptedImporter) -> (Import Result ID: 'f7ef35230fa682a49f416dbcba7ab770') in 0.0099056 seconds [static and dynamic dependencies]. Details - ImportResultOutputID=ef21bef3e723a64b16b4e5ed93463224 DependenciesID=cedbde2380a01cf557c46a6b833bdeff StaticDependenciesID=ef5efa2a9c353445dc7b9386680c84bd 
Number of updated asset objects reloaded before import = 0Number of asset objects unloaded after import = 1

========================================================================
Received Import Request.
  Time since last request: 0.000022 seconds.
  path: Assets/Enviroment/enviroment/Office building/textures/Enery room door.png
  importAddress: Guid(d5f10350c48a05a409e54c7d04d66d04) Importer(2089858483,b0f066a214c2f5e87bad3c948f4d605d)
Start importing Assets/Enviroment/enviroment/Office building/textures/Enery room door.png using Guid(d5f10350c48a05a409e54c7d04d66d04) Importer(2089858483,b0f066a214c2f5e87bad3c948f4d605d) (ScriptedImporter) -> (Import Result ID: '3a37390c6d5dc5a4ed2f1e0dcc21f408') in 0.0084122 seconds [static and dynamic dependencies]. Details - ImportResultOutputID=a82fbf2939e41b39a51bfbd22d69d7a8 DependenciesID=00cca367650be612deea43c57a6c6e6e StaticDependenciesID=e4a69aff77d0889e9a60ad35eeb5b641 
Number of updated asset objects reloaded before import = 0Number of asset objects unloaded after import = 1

========================================================================
Received Import Request.
  Time since last request: 0.000019 seconds.
  path: Assets/LoafbrrAssets/Interiors_A/prefabs/StairSet/Stairs_1m_B_Grp_Flipped.prefab
  importAddress: Guid(f67869a161d54014da150bb4a31025aa) Importer(2089858483,b0f066a214c2f5e87bad3c948f4d605d)
Start importing Assets/LoafbrrAssets/Interiors_A/prefabs/StairSet/Stairs_1m_B_Grp_Flipped.prefab using Guid(f67869a161d54014da150bb4a31025aa) Importer(2089858483,b0f066a214c2f5e87bad3c948f4d605d) (ScriptedImporter) -> (Import Result ID: '6f1fb378d30356959562798d5373de3b') in 0.0070661 seconds [static and dynamic dependencies]. Details - ImportResultOutputID=b4dd9883c40b2c7d95090cfe7cfc08dd DependenciesID=643325ab1df14ab77b76a87d1f98ee48 StaticDependenciesID=a595644e3ec5d1ec1f12c41d28f54475 
Number of updated asset objects reloaded before import = 0Number of asset objects unloaded after import = 34

========================================================================
Received Import Request.
  Time since last request: 0.000031 seconds.
  path: Assets/LoafbrrAssets/Interiors_A/prefabs/StairParts/Stair_Rail_3m.prefab
  importAddress: Guid(c06f8d4f186b03d4f85a2fef8a686dbd) Importer(2089858483,b0f066a214c2f5e87bad3c948f4d605d)
Start importing Assets/LoafbrrAssets/Interiors_A/prefabs/StairParts/Stair_Rail_3m.prefab using Guid(c06f8d4f186b03d4f85a2fef8a686dbd) Importer(2089858483,b0f066a214c2f5e87bad3c948f4d605d) (ScriptedImporter) -> (Import Result ID: 'd39140cb3dc380aff0a3d0d7a95c347a') in 0.0085117 seconds [static and dynamic dependencies]. Details - ImportResultOutputID=112f932cdf4ed5c14b32e0d0197bd524 DependenciesID=b70b49902887572dedec3da765121afc StaticDependenciesID=025a3d88604e2fb0c08283a093570627 
Number of updated asset objects reloaded before import = 0Number of asset objects unloaded after import = 10

========================================================================
Received Import Request.
  Time since last request: 0.000027 seconds.
  path: Assets/LoafbrrAssets/Interiors_A/texture/Surface_Floor_A/Surface_Floor_A_ORM_2K.png
  importAddress: Guid(b2b5a6c649baefa4ebd4515a2f3ec111) Importer(2089858483,b0f066a214c2f5e87bad3c948f4d605d)
Start importing Assets/LoafbrrAssets/Interiors_A/texture/Surface_Floor_A/Surface_Floor_A_ORM_2K.png using Guid(b2b5a6c649baefa4ebd4515a2f3ec111) Importer(2089858483,b0f066a214c2f5e87bad3c948f4d605d) (ScriptedImporter) -> (Import Result ID: 'f7c4aa98850efd51c757eb56e002653d') in 0.0094131 seconds [static and dynamic dependencies]. Details - ImportResultOutputID=371c585589739042cf6faebfbe74f03d DependenciesID=cc527631b0a34a996d150289ccd9a5e8 StaticDependenciesID=26abe7ad9686b820a5f7b36effc83e9f 
Number of updated asset objects reloaded before import = 0Number of asset objects unloaded after import = 1

========================================================================
Received Import Request.
  Time since last request: 0.000043 seconds.
  path: Assets/Enviroment/enviroment/Office building/textures/Props/used/File box Blue.png
  importAddress: Guid(1b032bd5e07de0c4a8d162b60cec67dd) Importer(2089858483,b0f066a214c2f5e87bad3c948f4d605d)
Start importing Assets/Enviroment/enviroment/Office building/textures/Props/used/File box Blue.png using Guid(1b032bd5e07de0c4a8d162b60cec67dd) Importer(2089858483,b0f066a214c2f5e87bad3c948f4d605d) (ScriptedImporter) -> (Import Result ID: '2087ad03f101e78e6e5d670b3f526a05') in 0.0064391 seconds [static and dynamic dependencies]. Details - ImportResultOutputID=70dca76622b525a803acff6ac965f67c DependenciesID=37577765c8973193f4a3081a588b6799 StaticDependenciesID=fcb32e725c06001af1d4520ed62e7dce 
Number of updated asset objects reloaded before import = 0Number of asset objects unloaded after import = 1

========================================================================
Received Import Request.
  Time since last request: 0.000017 seconds.
  path: Assets/LoafbrrAssets/Interiors_A/texture/MiscTrim/MiscTrim_Emission_1K.png
  importAddress: Guid(9a29c86206ba1ed4e8067c90e962fb0e) Importer(2089858483,b0f066a214c2f5e87bad3c948f4d605d)
Start importing Assets/LoafbrrAssets/Interiors_A/texture/MiscTrim/MiscTrim_Emission_1K.png using Guid(9a29c86206ba1ed4e8067c90e962fb0e) Importer(2089858483,b0f066a214c2f5e87bad3c948f4d605d) (ScriptedImporter) -> (Import Result ID: '0430b139ca63e194b3dcf6a7f146961e') in 0.0093294 seconds [static and dynamic dependencies]. Details - ImportResultOutputID=51ff71b1cf0de641305de8a64b56d29c DependenciesID=3271299f9e45414b56ccaf45806f32e5 StaticDependenciesID=418ce824b318d1807a69a507b827265e 
Number of updated asset objects reloaded before import = 0Number of asset objects unloaded after import = 1

========================================================================
Received Import Request.
  Time since last request: 0.000019 seconds.
  path: Assets/LoafbrrAssets/Interiors_A/prefabs/wall/Wall_Edge_3m.prefab
  importAddress: Guid(34ba25df5f1e40042b9f5b5324206f0e) Importer(2089858483,b0f066a214c2f5e87bad3c948f4d605d)
Start importing Assets/LoafbrrAssets/Interiors_A/prefabs/wall/Wall_Edge_3m.prefab using Guid(34ba25df5f1e40042b9f5b5324206f0e) Importer(2089858483,b0f066a214c2f5e87bad3c948f4d605d) (ScriptedImporter) -> (Import Result ID: '0c667b98685be5bfe107981cf8905b70') in 0.0086631 seconds [static and dynamic dependencies]. Details - ImportResultOutputID=cad443539ebb1c4021f8ce791cc95c26 DependenciesID=6fb3bf2f658a66f28b79e7af15c1fe5f StaticDependenciesID=50e6083dbb85a5feaa9c4f8271dd9933 
Number of updated asset objects reloaded before import = 0Number of asset objects unloaded after import = 10

========================================================================
Received Import Request.
  Time since last request: 0.000021 seconds.
  path: Assets/LoafbrrAssets/Interiors_A/prefabs/wall/Wall_Bottom_2m.prefab
  importAddress: Guid(95f132cd47847874e9f5b2c1333d4d01) Importer(2089858483,b0f066a214c2f5e87bad3c948f4d605d)
Start importing Assets/LoafbrrAssets/Interiors_A/prefabs/wall/Wall_Bottom_2m.prefab using Guid(95f132cd47847874e9f5b2c1333d4d01) Importer(2089858483,b0f066a214c2f5e87bad3c948f4d605d) (ScriptedImporter) -> (Import Result ID: 'cfd9d199e0d2acc9264183078889a6ed') in 0.0091673 seconds [static and dynamic dependencies]. Details - ImportResultOutputID=44fc01c439535b088da7af65ee309372 DependenciesID=cf9af4c38d9d34777f8f641ca5dd6819 StaticDependenciesID=67420d13265373422c754111e84480a2 
Number of updated asset objects reloaded before import = 0Number of asset objects unloaded after import = 11

========================================================================
Received Import Request.
  Time since last request: 0.000028 seconds.
  path: Assets/Enviroment/enviroment/Office building/material props/Kindergarten cupboard B.mat
  importAddress: Guid(eff7e5d8a0423734083cc67747d6df6b) Importer(2089858483,b0f066a214c2f5e87bad3c948f4d605d)
Start importing Assets/Enviroment/enviroment/Office building/material props/Kindergarten cupboard B.mat using Guid(eff7e5d8a0423734083cc67747d6df6b) Importer(2089858483,b0f066a214c2f5e87bad3c948f4d605d) (ScriptedImporter) -> (Import Result ID: 'a8ce7c651503975d26330764f722200f') in 0.0057626 seconds [static and dynamic dependencies]. Details - ImportResultOutputID=31f9702def698b4c19c94081f342a68b DependenciesID=4a12e5ad185ef06d9347081fab15f681 StaticDependenciesID=38608201930e3ff7c287b0e14f574d1d 
Number of updated asset objects reloaded before import = 0Number of asset objects unloaded after import = 2

========================================================================
Received Import Request.
  Time since last request: 0.000024 seconds.
  path: Assets/LoafbrrAssets/Interiors_A/texture/Surface_Floor_B/Surface_Floor_B_ORM_2K.png
  importAddress: Guid(e7e4f062d15667547a09830aac70367a) Importer(2089858483,b0f066a214c2f5e87bad3c948f4d605d)
Start importing Assets/LoafbrrAssets/Interiors_A/texture/Surface_Floor_B/Surface_Floor_B_ORM_2K.png using Guid(e7e4f062d15667547a09830aac70367a) Importer(2089858483,b0f066a214c2f5e87bad3c948f4d605d) (ScriptedImporter) -> (Import Result ID: 'b5282530b99aac2fb3b5ac22524f2593') in 0.007506 seconds [static and dynamic dependencies]. Details - ImportResultOutputID=a308ca897ab74d6c6192dce4c5524e8d DependenciesID=0f86d6086085036ec2f10a0778d40cde StaticDependenciesID=f801fbaaad82740c7fb0f76c2f9b4241 
Number of updated asset objects reloaded before import = 0Number of asset objects unloaded after import = 1

========================================================================
Received Import Request.
  Time since last request: 0.000018 seconds.
  path: Assets/Enviroment/enviroment/Office building/material props/Coffee Cup.mat
  importAddress: Guid(c4e568fb4b445c2418e5a8e006427aaf) Importer(2089858483,b0f066a214c2f5e87bad3c948f4d605d)
Start importing Assets/Enviroment/enviroment/Office building/material props/Coffee Cup.mat using Guid(c4e568fb4b445c2418e5a8e006427aaf) Importer(2089858483,b0f066a214c2f5e87bad3c948f4d605d) (ScriptedImporter) -> (Import Result ID: '8d9901352ed50ffe4cdbe21460df40c2') in 0.0049809 seconds [static and dynamic dependencies]. Details - ImportResultOutputID=4dae9c035c7e6617ffa04bbf063dfb0b DependenciesID=83e5fb5b23c28da754a12bc137c26af8 StaticDependenciesID=2936b2aa3a9460e0ca567da58c457f75 
Number of updated asset objects reloaded before import = 0Number of asset objects unloaded after import = 2

========================================================================
Received Import Request.
  Time since last request: 0.000019 seconds.
  path: Assets/Enviroment/enviroment/Office building/Prefabs/Kitchen sink Prefab.prefab
  importAddress: Guid(9625900181000eb44ac38b70b0b4dfbc) Importer(2089858483,b0f066a214c2f5e87bad3c948f4d605d)
Start importing Assets/Enviroment/enviroment/Office building/Prefabs/Kitchen sink Prefab.prefab using Guid(9625900181000eb44ac38b70b0b4dfbc) Importer(2089858483,b0f066a214c2f5e87bad3c948f4d605d) (ScriptedImporter) -> (Import Result ID: 'fc94ced453acc7dc1588203f9d6a86ed') in 0.0041763 seconds [static and dynamic dependencies]. Details - ImportResultOutputID=4ab9fcd9557bdfd6ff5a1cc46d68232b DependenciesID=7391f4f3fd1371e1d0fab852b740c1f8 StaticDependenciesID=83147d60c16052bfd176713ef46ebe3d 
Number of updated asset objects reloaded before import = 0Number of asset objects unloaded after import = 10

========================================================================
Received Import Request.
  Time since last request: 0.000017 seconds.
  path: Assets/Enviroment/enviroment/Office building/material props/Kitchen Sink.mat
  importAddress: Guid(aa4f50836f038944587bf5f2dadbaf2e) Importer(2089858483,b0f066a214c2f5e87bad3c948f4d605d)
Start importing Assets/Enviroment/enviroment/Office building/material props/Kitchen Sink.mat using Guid(aa4f50836f038944587bf5f2dadbaf2e) Importer(2089858483,b0f066a214c2f5e87bad3c948f4d605d) (ScriptedImporter) -> (Import Result ID: '85588daa1133962bd877b50c53856e95') in 0.0051923 seconds [static and dynamic dependencies]. Details - ImportResultOutputID=2f7da1e57aacf1a40258df159fbf8769 DependenciesID=edd7616ae78a5ba605cc4ee7abc7c23a StaticDependenciesID=23bd1f98d283207dbccb69e0895d68fc 
Number of updated asset objects reloaded before import = 0Number of asset objects unloaded after import = 2

========================================================================
Received Import Request.
  Time since last request: 0.000022 seconds.
  path: Assets/Enviroment/enviroment/Office building/material props/File cupboard.mat
  importAddress: Guid(79cad78a8aef1ac40a80a958df55ece4) Importer(2089858483,b0f066a214c2f5e87bad3c948f4d605d)
Start importing Assets/Enviroment/enviroment/Office building/material props/File cupboard.mat using Guid(79cad78a8aef1ac40a80a958df55ece4) Importer(2089858483,b0f066a214c2f5e87bad3c948f4d605d) (ScriptedImporter) -> (Import Result ID: '565a6c3913c8ce28af977dbdf8e9ff26') in 0.0043702 seconds [static and dynamic dependencies]. Details - ImportResultOutputID=bd73c90f04f092e1737f69ff5ef8c08c DependenciesID=7b55714eb92779674df0f4e152e32196 StaticDependenciesID=d1890711bdc77ca0f4b07e4a0a6e07c2 
Number of updated asset objects reloaded before import = 0Number of asset objects unloaded after import = 2

========================================================================
Received Import Request.
  Time since last request: 0.000021 seconds.
  path: Assets/_Project
  importAddress: Guid(28ab3d991a82eeb4fb44c57d8ca08867) Importer(2089858483,b0f066a214c2f5e87bad3c948f4d605d)
Start importing Assets/_Project using Guid(28ab3d991a82eeb4fb44c57d8ca08867) Importer(2089858483,b0f066a214c2f5e87bad3c948f4d605d) (ScriptedImporter) -> (Import Result ID: '2d8ae5278471186bf7941779ce3807e1') in 0.0039573 seconds [static and dynamic dependencies]. Details - ImportResultOutputID=daed816374a6262177ea46fcaeab4f40 DependenciesID=292b9e60f1b5757f8ee46a540af20732 StaticDependenciesID=4ba549430c5c1587c6723d6857c4cc6c 
Number of updated asset objects reloaded before import = 0Number of asset objects unloaded after import = 1

========================================================================
Received Import Request.
  Time since last request: 0.000016 seconds.
  path: Assets/LoafbrrAssets/Interiors_A/prefabs/Decal/Decal_Tape_Caution_3m.prefab
  importAddress: Guid(d4d9681b9d8bb8e4892db538b1f5fea7) Importer(2089858483,b0f066a214c2f5e87bad3c948f4d605d)
Start importing Assets/LoafbrrAssets/Interiors_A/prefabs/Decal/Decal_Tape_Caution_3m.prefab using Guid(d4d9681b9d8bb8e4892db538b1f5fea7) Importer(2089858483,b0f066a214c2f5e87bad3c948f4d605d) (ScriptedImporter) -> (Import Result ID: '9a06f6c934f9292fceccfe9c8074212b') in 0.0101606 seconds [static and dynamic dependencies]. Details - ImportResultOutputID=d0be9b64c2a84b75cce2b9e15881be8a DependenciesID=11a7101d67d355706dfb53e56443d24e StaticDependenciesID=3268a0233df7b0f85869d6f5ede17388 
Number of updated asset objects reloaded before import = 0Number of asset objects unloaded after import = 9

========================================================================
Received Import Request.
  Time since last request: 0.000021 seconds.
  path: Assets/LoafbrrAssets/Interiors_A/prefabs/wall/Wall_3m_Door_A.prefab
  importAddress: Guid(04a9a5ceb5f3b1a47a48406df83121bf) Importer(2089858483,b0f066a214c2f5e87bad3c948f4d605d)
Start importing Assets/LoafbrrAssets/Interiors_A/prefabs/wall/Wall_3m_Door_A.prefab using Guid(04a9a5ceb5f3b1a47a48406df83121bf) Importer(2089858483,b0f066a214c2f5e87bad3c948f4d605d) (ScriptedImporter) -> (Import Result ID: '33d632516b8fc775589c704906b2f603') in 0.0082779 seconds [static and dynamic dependencies]. Details - ImportResultOutputID=cef9875755f487cfb7f5758fe85bf173 DependenciesID=aec8671c18610fb97b8579c3cda73101 StaticDependenciesID=0754c227cd5b38e82d17852a1531aa5b 
Number of updated asset objects reloaded before import = 0Number of asset objects unloaded after import = 10

========================================================================
Received Import Request.
  Time since last request: 0.000031 seconds.
  path: Assets/LoafbrrAssets/Interiors_A/prefabs/Floor/Floor_1x3_1Side.prefab
  importAddress: Guid(4a0144f72886986478de874bd2b631d7) Importer(2089858483,b0f066a214c2f5e87bad3c948f4d605d)
Start importing Assets/LoafbrrAssets/Interiors_A/prefabs/Floor/Floor_1x3_1Side.prefab using Guid(4a0144f72886986478de874bd2b631d7) Importer(2089858483,b0f066a214c2f5e87bad3c948f4d605d) (ScriptedImporter) -> (Import Result ID: '8215f357d129e80f94d32bcc0a8383c6') in 0.0104592 seconds [static and dynamic dependencies]. Details - ImportResultOutputID=36afa7fd3e0a14ddbc59e2f35fc39594 DependenciesID=7f448750910c5835b982415870749068 StaticDependenciesID=8c9d28a4a0a50c797839ed186f71a683 
Number of updated asset objects reloaded before import = 0Number of asset objects unloaded after import = 10

========================================================================
Received Import Request.
  Time since last request: 0.000019 seconds.
  path: Assets/LoafbrrAssets/Interiors_A/prefabs/wall/Wall_Bottom_3m.prefab
  importAddress: Guid(037fcc0b8f5f6124e8e7db52347ce36b) Importer(2089858483,b0f066a214c2f5e87bad3c948f4d605d)
Start importing Assets/LoafbrrAssets/Interiors_A/prefabs/wall/Wall_Bottom_3m.prefab using Guid(037fcc0b8f5f6124e8e7db52347ce36b) Importer(2089858483,b0f066a214c2f5e87bad3c948f4d605d) (ScriptedImporter) -> (Import Result ID: 'dffc93c0df8cbcebf265e590460a7e8c') in 0.0096382 seconds [static and dynamic dependencies]. Details - ImportResultOutputID=50cea38cf7e8cafbb8ce3d6e46bc4219 DependenciesID=0e12dbcd44f6058bc4ded31db4eda7d1 StaticDependenciesID=ef42cbf292c7ffb783f8af262aa4afaa 
Number of updated asset objects reloaded before import = 0Number of asset objects unloaded after import = 11

========================================================================
Received Import Request.
  Time since last request: 0.000023 seconds.
  path: Assets/LoafbrrAssets/Interiors_A/prefabs/StairSet/Stairs_3m_E_Grp.prefab
  importAddress: Guid(8114ab9bc0fc154459d60af36717dc4d) Importer(2089858483,b0f066a214c2f5e87bad3c948f4d605d)
Start importing Assets/LoafbrrAssets/Interiors_A/prefabs/StairSet/Stairs_3m_E_Grp.prefab using Guid(8114ab9bc0fc154459d60af36717dc4d) Importer(2089858483,b0f066a214c2f5e87bad3c948f4d605d) (ScriptedImporter) -> (Import Result ID: 'a5beb916d54abeb9046b9d60b9125ff0') in 0.0060378 seconds [static and dynamic dependencies]. Details - ImportResultOutputID=bb504436e3c41fe737fd5d1c65defa9d DependenciesID=3e38d28eb2b0963d243049ae1dd93517 StaticDependenciesID=2c559f5f5c88729a20cdf21253e496bb 
Number of updated asset objects reloaded before import = 0Number of asset objects unloaded after import = 22

========================================================================
Received Import Request.
  Time since last request: 0.000022 seconds.
  path: Assets/LoafbrrAssets/Interiors_A/prefabs/Floor/Floor_3x1_1Side.prefab
  importAddress: Guid(e97adc86a10d4514c803e1ce8cf0271e) Importer(2089858483,b0f066a214c2f5e87bad3c948f4d605d)
Start importing Assets/LoafbrrAssets/Interiors_A/prefabs/Floor/Floor_3x1_1Side.prefab using Guid(e97adc86a10d4514c803e1ce8cf0271e) Importer(2089858483,b0f066a214c2f5e87bad3c948f4d605d) (ScriptedImporter) -> (Import Result ID: '7626164f39a1e554224e61396f9a98ba') in 0.0098197 seconds [static and dynamic dependencies]. Details - ImportResultOutputID=b28c93f56bf1f5a99db8c754bb513386 DependenciesID=51ed1ddf9ae63b9757a4370e2305375f StaticDependenciesID=5f7d2ef558ca988e7b28e57e3351bd04 
Number of updated asset objects reloaded before import = 0Number of asset objects unloaded after import = 10

========================================================================
Received Import Request.
  Time since last request: 0.000021 seconds.
  path: Assets/LoafbrrAssets/Interiors_A/prefabs/Vent/Vent_1m.prefab
  importAddress: Guid(eefbabc8dad671742bfd32f6d0542630) Importer(2089858483,b0f066a214c2f5e87bad3c948f4d605d)
Start importing Assets/LoafbrrAssets/Interiors_A/prefabs/Vent/Vent_1m.prefab using Guid(eefbabc8dad671742bfd32f6d0542630) Importer(2089858483,b0f066a214c2f5e87bad3c948f4d605d) (ScriptedImporter) -> (Import Result ID: '06b312f0a182f66fc21b60d77b28aa23') in 0.0101667 seconds [static and dynamic dependencies]. Details - ImportResultOutputID=0fc2ab3e6e73d1025d817dbbff962f98 DependenciesID=116da02a95b52154f0ec95d1ad55531f StaticDependenciesID=084b95db9e9bcb275c414e360a55d6a5 
Number of updated asset objects reloaded before import = 0Number of asset objects unloaded after import = 10

========================================================================
Received Import Request.
  Time since last request: 0.000019 seconds.
  path: Assets/Enviroment/enviroment/Office building/Prefabs/Urinal wall Prefab.prefab
  importAddress: Guid(b980d31c849c0eb4089769e93017a643) Importer(2089858483,b0f066a214c2f5e87bad3c948f4d605d)
Start importing Assets/Enviroment/enviroment/Office building/Prefabs/Urinal wall Prefab.prefab using Guid(b980d31c849c0eb4089769e93017a643) Importer(2089858483,b0f066a214c2f5e87bad3c948f4d605d) (ScriptedImporter) -> (Import Result ID: '71b108cebcc04940f49ab64f7b209d12') in 0.0050508 seconds [static and dynamic dependencies]. Details - ImportResultOutputID=0792639c7a1ae2d26f5c6a56a6b9aa0a DependenciesID=c8af4326bc66e08c3671cf4169725be8 StaticDependenciesID=5d78af1349bf3cf4d8c04ee89d227573 
Number of updated asset objects reloaded before import = 0Number of asset objects unloaded after import = 10

========================================================================
Received Import Request.
  Time since last request: 0.000036 seconds.
  path: Assets/LoafbrrAssets/Interiors_A/texture/Door/Door_Alpha_1K.png
  importAddress: Guid(37dc1d2bfdcaff746987f65ce8b61e35) Importer(2089858483,b0f066a214c2f5e87bad3c948f4d605d)
Start importing Assets/LoafbrrAssets/Interiors_A/texture/Door/Door_Alpha_1K.png using Guid(37dc1d2bfdcaff746987f65ce8b61e35) Importer(2089858483,b0f066a214c2f5e87bad3c948f4d605d) (ScriptedImporter) -> (Import Result ID: '8f17764f06ee106d63011a911ac5c385') in 0.0081689 seconds [static and dynamic dependencies]. Details - ImportResultOutputID=030a9cbdb78b104e23263e7c20d630cb DependenciesID=3213f44aae62c24fcb983264ff5173f2 StaticDependenciesID=37a1ebe8509e7705212c65f11213f512 
Number of updated asset objects reloaded before import = 0Number of asset objects unloaded after import = 1

========================================================================
Received Import Request.
  Time since last request: 0.000026 seconds.
  path: Assets/Scenes/Elevator Fixed.unity
  importAddress: Guid(576c7a5843cb0f446a2f5eb180c51491) Importer(2089858483,b0f066a214c2f5e87bad3c948f4d605d)
Start importing Assets/Scenes/Elevator Fixed.unity using Guid(576c7a5843cb0f446a2f5eb180c51491) Importer(2089858483,b0f066a214c2f5e87bad3c948f4d605d) (ScriptedImporter) -> (Import Result ID: '314438706e962d2bfc3beff10a3eab71') in 0.0073112 seconds [static and dynamic dependencies]. Details - ImportResultOutputID=65c77ca9c4db2a422ce896077d95bb29 DependenciesID=ea88d37bdaf3c6467369d4d33be911cf StaticDependenciesID=07378e2b38b07ba7afe740da385d2757 
Number of updated asset objects reloaded before import = 0Number of asset objects unloaded after import = 1

========================================================================
Received Import Request.
  Time since last request: 0.000025 seconds.
  path: Assets/Enviroment/enviroment/Office building/textures/Elevator emission graphics/Elevator Light Off.png
  importAddress: Guid(8c62f8a73796f6c4093a580bcc4fa39c) Importer(2089858483,b0f066a214c2f5e87bad3c948f4d605d)
Start importing Assets/Enviroment/enviroment/Office building/textures/Elevator emission graphics/Elevator Light Off.png using Guid(8c62f8a73796f6c4093a580bcc4fa39c) Importer(2089858483,b0f066a214c2f5e87bad3c948f4d605d) (ScriptedImporter) -> (Import Result ID: '16198004306adb459b4e1dc23ecf1471') in 0.0098856 seconds [static and dynamic dependencies]. Details - ImportResultOutputID=0a37caba707df7bd18d9657390bd4dae DependenciesID=7eae83a05f6cc873c8fc3f792c612fde StaticDependenciesID=aa8ef1d2396f84d8cf75988f4ee50558 
Number of updated asset objects reloaded before import = 0Number of asset objects unloaded after import = 1

========================================================================
Received Import Request.
  Time since last request: 0.000031 seconds.
  path: Assets/Enviroment/enviroment/Office building/textures/Props/used/shelving A.001.png
  importAddress: Guid(d66f84dea8de66442879718aaa36f5fd) Importer(2089858483,b0f066a214c2f5e87bad3c948f4d605d)
Start importing Assets/Enviroment/enviroment/Office building/textures/Props/used/shelving A.001.png using Guid(d66f84dea8de66442879718aaa36f5fd) Importer(2089858483,b0f066a214c2f5e87bad3c948f4d605d) (ScriptedImporter) -> (Import Result ID: 'b66b4138a3adaffb746390c5f4e7cb2b') in 0.0095835 seconds [static and dynamic dependencies]. Details - ImportResultOutputID=145ce4977c7f2c2ed51c0c9c72d4c9c9 DependenciesID=9740250052e06b7240628f7fbc8af914 StaticDependenciesID=c951b2beadf65e4688a32e6fb3bba283 
Number of updated asset objects reloaded before import = 0Number of asset objects unloaded after import = 1

========================================================================
Received Import Request.
  Time since last request: 0.000018 seconds.
  path: Assets/Enviroment/enviroment/Office building/textures/Props/used/Storage box Grey.png
  importAddress: Guid(caedfcfbee7fc7540bbd5d3cff4d4a43) Importer(2089858483,b0f066a214c2f5e87bad3c948f4d605d)
Start importing Assets/Enviroment/enviroment/Office building/textures/Props/used/Storage box Grey.png using Guid(caedfcfbee7fc7540bbd5d3cff4d4a43) Importer(2089858483,b0f066a214c2f5e87bad3c948f4d605d) (ScriptedImporter) -> (Import Result ID: 'd0fe6aec4cdb0467025fdb4cfac19b23') in 0.0075654 seconds [static and dynamic dependencies]. Details - ImportResultOutputID=1038224f08af67bf9be1a2f25aec7ef6 DependenciesID=52443afe54312f08c6d634657124a374 StaticDependenciesID=94600f721f460b78495b2191bd0d5744 
Number of updated asset objects reloaded before import = 0Number of asset objects unloaded after import = 1

========================================================================
Received Import Request.
  Time since last request: 0.000017 seconds.
  path: Assets/LoafbrrAssets/Interiors_A/prefabs/Floor/Floor_2x1_1Side.prefab
  importAddress: Guid(3849f2460cc534d40ae452124cb628ff) Importer(2089858483,b0f066a214c2f5e87bad3c948f4d605d)
Start importing Assets/LoafbrrAssets/Interiors_A/prefabs/Floor/Floor_2x1_1Side.prefab using Guid(3849f2460cc534d40ae452124cb628ff) Importer(2089858483,b0f066a214c2f5e87bad3c948f4d605d) (ScriptedImporter) -> (Import Result ID: '20065f4d13e9232f9ffd41eee8ff5c32') in 0.0110542 seconds [static and dynamic dependencies]. Details - ImportResultOutputID=ab5b28ca6da9bade2f33a02f2cc22285 DependenciesID=5bcb76f4d231c809cb1a8eefdf708880 StaticDependenciesID=c666c734b2bbb3510c628e148168db2f 
Number of updated asset objects reloaded before import = 0Number of asset objects unloaded after import = 10

========================================================================
Received Import Request.
  Time since last request: 0.000015 seconds.
  path: Assets/Enviroment/enviroment/Office building/materials Building/Door glass.mat
  importAddress: Guid(5636aba488ab1604081d3dde1e30656a) Importer(2089858483,b0f066a214c2f5e87bad3c948f4d605d)
Start importing Assets/Enviroment/enviroment/Office building/materials Building/Door glass.mat using Guid(5636aba488ab1604081d3dde1e30656a) Importer(2089858483,b0f066a214c2f5e87bad3c948f4d605d) (ScriptedImporter) -> (Import Result ID: 'f7767d721d705c8c9d34f4d126eedf22') in 0.0298569 seconds [static and dynamic dependencies]. Details - ImportResultOutputID=5008ee1b3003c1bebfd6d28f5a9f004f DependenciesID=38b4012165502e54a45d0c2c1336c1cd StaticDependenciesID=64d6612939d93c07e0406cf2b8e8fd25 
Number of updated asset objects reloaded before import = 0Number of asset objects unloaded after import = 2

========================================================================
Received Import Request.
  Time since last request: 0.000021 seconds.
  path: Assets/Enviroment/enviroment/Office building/textures/Props/used/folder Blue.png
  importAddress: Guid(3345c4824337ca44a8b37ea83d351f77) Importer(2089858483,b0f066a214c2f5e87bad3c948f4d605d)
Start importing Assets/Enviroment/enviroment/Office building/textures/Props/used/folder Blue.png using Guid(3345c4824337ca44a8b37ea83d351f77) Importer(2089858483,b0f066a214c2f5e87bad3c948f4d605d) (ScriptedImporter) -> (Import Result ID: '534a553f4ff71a5782270c9b974a5f07') in 0.0066416 seconds [static and dynamic dependencies]. Details - ImportResultOutputID=461143bf5fe6bd6a5ee81efe5533bbd5 DependenciesID=b12e8867a27897fa4b69c3d8161886ed StaticDependenciesID=7b51a04b2cc42e5689e1d89e22f079aa 
Number of updated asset objects reloaded before import = 0Number of asset objects unloaded after import = 1

========================================================================
Received Import Request.
  Time since last request: 0.000033 seconds.
  path: Assets/Enviroment/enviroment/Office building/textures/Props/used/exit sign.png
  importAddress: Guid(3b6160ab1c4f26b44aeacc0050b393ab) Importer(2089858483,b0f066a214c2f5e87bad3c948f4d605d)
Start importing Assets/Enviroment/enviroment/Office building/textures/Props/used/exit sign.png using Guid(3b6160ab1c4f26b44aeacc0050b393ab) Importer(2089858483,b0f066a214c2f5e87bad3c948f4d605d) (ScriptedImporter) -> (Import Result ID: 'c62b1d6ac4ffa1af60545f4a5938fc75') in 0.0061155 seconds [static and dynamic dependencies]. Details - ImportResultOutputID=6ca44ceaea94894a7c6de3d202a31430 DependenciesID=8d3e0e646f91f036d7aaeced5ae68770 StaticDependenciesID=1dfd72a7e5047b4e5c230f30159475a6 
Number of updated asset objects reloaded before import = 0Number of asset objects unloaded after import = 1

========================================================================
Received Import Request.
  Time since last request: 0.000012 seconds.
  path: Assets/LoafbrrAssets/Interiors_A/materials/Surface_Floor_A 1.mat
  importAddress: Guid(6841452fcee359a409fcb7f9e2175166) Importer(2089858483,b0f066a214c2f5e87bad3c948f4d605d)
Start importing Assets/LoafbrrAssets/Interiors_A/materials/Surface_Floor_A 1.mat using Guid(6841452fcee359a409fcb7f9e2175166) Importer(2089858483,b0f066a214c2f5e87bad3c948f4d605d) (ScriptedImporter) -> (Import Result ID: '0501e62799d9c9aa4a051376955fc41a') in 0.0151811 seconds [static and dynamic dependencies]. Details - ImportResultOutputID=0649b5c0f2d24a4b15631441c3027aa4 DependenciesID=7d815a2cf1683640ee92bdfcf7a73701 StaticDependenciesID=7782f1d3d9f63629db3ba5378d67623d 
Number of updated asset objects reloaded before import = 0Number of asset objects unloaded after import = 9

========================================================================
Received Import Request.
  Time since last request: 0.000020 seconds.
  path: Assets/Enviroment/enviroment/Office building/material props/Keyboard.mat
  importAddress: Guid(6e0b8344ee6efc943a0c5d474d00d2d3) Importer(2089858483,b0f066a214c2f5e87bad3c948f4d605d)
Start importing Assets/Enviroment/enviroment/Office building/material props/Keyboard.mat using Guid(6e0b8344ee6efc943a0c5d474d00d2d3) Importer(2089858483,b0f066a214c2f5e87bad3c948f4d605d) (ScriptedImporter) -> (Import Result ID: '8cc4077335766533c9b9f8a8a4afe3e0') in 0.0045096 seconds [static and dynamic dependencies]. Details - ImportResultOutputID=1dff36802e588938491ac8fa4c52abe8 DependenciesID=0a0831e1a1fd1afedf7bf2ca0cd1c3ec StaticDependenciesID=7b88823794d4cafda92ca10c4a92ddfb 
Number of updated asset objects reloaded before import = 0Number of asset objects unloaded after import = 2

========================================================================
Received Import Request.
  Time since last request: 0.000017 seconds.
  path: Assets/Enviroment/enviroment/Office building/material props/Storage box Grey.mat
  importAddress: Guid(13b563af5d3db894892929e91fae21a3) Importer(2089858483,b0f066a214c2f5e87bad3c948f4d605d)
Start importing Assets/Enviroment/enviroment/Office building/material props/Storage box Grey.mat using Guid(13b563af5d3db894892929e91fae21a3) Importer(2089858483,b0f066a214c2f5e87bad3c948f4d605d) (ScriptedImporter) -> (Import Result ID: 'e75d83362b51484d48ead69cec1c7659') in 0.0045122 seconds [static and dynamic dependencies]. Details - ImportResultOutputID=c861d1bff23de00c0cb3c86612795810 DependenciesID=00a34cf807434bf6ae0e7aeb07782adc StaticDependenciesID=9b279cc17e26ce6a99d9b6b20d38d0f1 
Number of updated asset objects reloaded before import = 0Number of asset objects unloaded after import = 2

========================================================================
Received Import Request.
  Time since last request: 0.000013 seconds.
  path: Assets/LoafbrrAssets/Interiors_A/prefabs/StairParts/Stairs_A_1x3.prefab
  importAddress: Guid(ce4de6cef9e3ef94a8b69eb77bf3008c) Importer(2089858483,b0f066a214c2f5e87bad3c948f4d605d)
Start importing Assets/LoafbrrAssets/Interiors_A/prefabs/StairParts/Stairs_A_1x3.prefab using Guid(ce4de6cef9e3ef94a8b69eb77bf3008c) Importer(2089858483,b0f066a214c2f5e87bad3c948f4d605d) (ScriptedImporter) -> (Import Result ID: 'cc27f4b5f2318f4565070487636bce42') in 0.0101109 seconds [static and dynamic dependencies]. Details - ImportResultOutputID=c4fe089b55dae478658b5e9fe1838fdf DependenciesID=c66b4bd6afce31223752e000355c17f9 StaticDependenciesID=62fb8888c976489822da6d3490a0d934 
Number of updated asset objects reloaded before import = 0Number of asset objects unloaded after import = 12

========================================================================
Received Import Request.
  Time since last request: 0.000018 seconds.
  path: Assets/Enviroment/enviroment/Office building/Prefabs/paper Prefab.prefab
  importAddress: Guid(f8ec7b4856b8eb747ab5935cec767b15) Importer(2089858483,b0f066a214c2f5e87bad3c948f4d605d)
Start importing Assets/Enviroment/enviroment/Office building/Prefabs/paper Prefab.prefab using Guid(f8ec7b4856b8eb747ab5935cec767b15) Importer(2089858483,b0f066a214c2f5e87bad3c948f4d605d) (ScriptedImporter) -> (Import Result ID: 'ed883c8c3ed756e49151a11ea23b29bf') in 0.0043867 seconds [static and dynamic dependencies]. Details - ImportResultOutputID=2b9c74bb00a14033d7d023b394b921c1 DependenciesID=3b59c73f57ff1291702ed9b28438f880 StaticDependenciesID=eee5b8bc712471ece5839e2cd27e974d 
Number of updated asset objects reloaded before import = 0Number of asset objects unloaded after import = 10

========================================================================
Received Import Request.
  Time since last request: 0.000044 seconds.
  path: Assets/LoafbrrAssets/Interiors_A/materials/Surface_Ceiling_A.mat
  importAddress: Guid(689ac9da7241afa4f8bbfa708b5e61e8) Importer(2089858483,b0f066a214c2f5e87bad3c948f4d605d)
Start importing Assets/LoafbrrAssets/Interiors_A/materials/Surface_Ceiling_A.mat using Guid(689ac9da7241afa4f8bbfa708b5e61e8) Importer(2089858483,b0f066a214c2f5e87bad3c948f4d605d) (ScriptedImporter) -> (Import Result ID: '3d0be5b50739b041c7c0d21ff27d00d9') in 0.0130407 seconds [static and dynamic dependencies]. Details - ImportResultOutputID=150729a5bfce45b5fc0e489f1a237654 DependenciesID=e400e9e25bb36ca3bf0db4e2d6dd2ee0 StaticDependenciesID=5571c63ff504012143ed164cebd57ebb 
Number of updated asset objects reloaded before import = 0Number of asset objects unloaded after import = 9

========================================================================
Received Import Request.
  Time since last request: 0.000026 seconds.
  path: Assets/LoafbrrAssets/Interiors_A/prefabs/StairParts/Wall_Trim_1m.prefab
  importAddress: Guid(671ec1b8313ca7947bc382a65a72b80f) Importer(2089858483,b0f066a214c2f5e87bad3c948f4d605d)
Start importing Assets/LoafbrrAssets/Interiors_A/prefabs/StairParts/Wall_Trim_1m.prefab using Guid(671ec1b8313ca7947bc382a65a72b80f) Importer(2089858483,b0f066a214c2f5e87bad3c948f4d605d) (ScriptedImporter) -> (Import Result ID: 'a9f4ae07d8bd2a6cd70c3ffe2ba8caa9') in 0.0099158 seconds [static and dynamic dependencies]. Details - ImportResultOutputID=ce2964d3b07be4daa77243fcb5bc05a7 DependenciesID=68d2149cbc0647dcd473c9b8e43e236a StaticDependenciesID=202907762ba05184e6a0b4cf47b71701 
Number of updated asset objects reloaded before import = 0Number of asset objects unloaded after import = 10

========================================================================
Received Import Request.
  Time since last request: 0.000015 seconds.
  path: Assets/LoafbrrAssets/Interiors_A/materials/Surface_Ceiling_B.mat
  importAddress: Guid(5f7ef2ab11f02514d81e739d58b01928) Importer(2089858483,b0f066a214c2f5e87bad3c948f4d605d)
Start importing Assets/LoafbrrAssets/Interiors_A/materials/Surface_Ceiling_B.mat using Guid(5f7ef2ab11f02514d81e739d58b01928) Importer(2089858483,b0f066a214c2f5e87bad3c948f4d605d) (ScriptedImporter) -> (Import Result ID: '47badfe999b344ec36ceddf066790818') in 0.0139274 seconds [static and dynamic dependencies]. Details - ImportResultOutputID=802991b5f6b7fc5c535fcbeb8f0e3bd6 DependenciesID=8ad4abc0531db833da0bacece6b3aa3c StaticDependenciesID=48ce98c71b340d21054ffbc58146a827 
Number of updated asset objects reloaded before import = 0Number of asset objects unloaded after import = 9

========================================================================
Received Import Request.
  Time since last request: 0.000018 seconds.
  path: Assets/LoafbrrAssets/Interiors_A/prefabs/StairSet/Stairs_1m_B_Grp.prefab
  importAddress: Guid(af6ddf45ab27b41488840c3c5ae886aa) Importer(2089858483,b0f066a214c2f5e87bad3c948f4d605d)
Start importing Assets/LoafbrrAssets/Interiors_A/prefabs/StairSet/Stairs_1m_B_Grp.prefab using Guid(af6ddf45ab27b41488840c3c5ae886aa) Importer(2089858483,b0f066a214c2f5e87bad3c948f4d605d) (ScriptedImporter) -> (Import Result ID: '19337c376f98a30e9cd62caf16bfb44b') in 0.0050478 seconds [static and dynamic dependencies]. Details - ImportResultOutputID=1df528f78c9b703a2703b585a7834bab DependenciesID=436dc0bdbf09e34b7fc890ac7bfc0a8d StaticDependenciesID=d451e1a95726e4157a976cb363f88893 
Number of updated asset objects reloaded before import = 0Number of asset objects unloaded after import = 34

========================================================================
Received Import Request.
  Time since last request: 0.000023 seconds.
  path: Assets/LoafbrrAssets/Interiors_A/prefabs/StairSet/Stairs_1m_E_Grp.prefab
  importAddress: Guid(da45e70cf03ba544e9637e6ddcb7a418) Importer(2089858483,b0f066a214c2f5e87bad3c948f4d605d)
Start importing Assets/LoafbrrAssets/Interiors_A/prefabs/StairSet/Stairs_1m_E_Grp.prefab using Guid(da45e70cf03ba544e9637e6ddcb7a418) Importer(2089858483,b0f066a214c2f5e87bad3c948f4d605d) (ScriptedImporter) -> (Import Result ID: '617a21be6a91295c3fe3b877fc052cca') in 0.0061773 seconds [static and dynamic dependencies]. Details - ImportResultOutputID=e02caee59735d84e9b31b0ec3207d296 DependenciesID=5223b90df7f4e28bb448b155a605d93a StaticDependenciesID=3d61ebaf9e8f293097858ba917e61fb4 
Number of updated asset objects reloaded before import = 0Number of asset objects unloaded after import = 22

========================================================================
Received Import Request.
  Time since last request: 0.000022 seconds.
  path: Assets/Enviroment/enviroment/Office building/Prefabs/phone Prefab.prefab
  importAddress: Guid(9c87ff614b3962b4baebe14ed39cde94) Importer(2089858483,b0f066a214c2f5e87bad3c948f4d605d)
Start importing Assets/Enviroment/enviroment/Office building/Prefabs/phone Prefab.prefab using Guid(9c87ff614b3962b4baebe14ed39cde94) Importer(2089858483,b0f066a214c2f5e87bad3c948f4d605d) (ScriptedImporter) -> (Import Result ID: '998bc74f2751fd69c84d1afad8597d56') in 0.0057502 seconds [static and dynamic dependencies]. Details - ImportResultOutputID=1c6ecbbe8c839325c58e6db41ac0c1cd DependenciesID=4f122b176c1a53a074b1de23a90e7cb1 StaticDependenciesID=c40d474b9c0b906fd68dc6078645eeec 
Number of updated asset objects reloaded before import = 0Number of asset objects unloaded after import = 10

========================================================================
Received Import Request.
  Time since last request: 0.000019 seconds.
  path: Assets/Enviroment/enviroment/Office building/textures/Props/used/Cupboard.png
  importAddress: Guid(cb743788a66849c44855eac7a910685f) Importer(2089858483,b0f066a214c2f5e87bad3c948f4d605d)
Start importing Assets/Enviroment/enviroment/Office building/textures/Props/used/Cupboard.png using Guid(cb743788a66849c44855eac7a910685f) Importer(2089858483,b0f066a214c2f5e87bad3c948f4d605d) (ScriptedImporter) -> (Import Result ID: 'd377403263a4053cec841923f8573eb6') in 0.0052836 seconds [static and dynamic dependencies]. Details - ImportResultOutputID=b6b8fab341c6d115d1435623382844f1 DependenciesID=898e5cfdb765709dafac22f0f97d0917 StaticDependenciesID=fc5fc4410f60440f41e530aaa0cb5803 
Number of updated asset objects reloaded before import = 0Number of asset objects unloaded after import = 1

========================================================================
Received Import Request.
  Time since last request: 0.000026 seconds.
  path: Assets/Enviroment/enviroment/Office building/textures/natur wood.jpg
  importAddress: Guid(a8bebaad85ad17d4589b021089955a29) Importer(2089858483,b0f066a214c2f5e87bad3c948f4d605d)
Start importing Assets/Enviroment/enviroment/Office building/textures/natur wood.jpg using Guid(a8bebaad85ad17d4589b021089955a29) Importer(2089858483,b0f066a214c2f5e87bad3c948f4d605d) (ScriptedImporter) -> (Import Result ID: '6750562da110d0df361c0f6a1ce469a9') in 0.0058733 seconds [static and dynamic dependencies]. Details - ImportResultOutputID=3d3248d3238e9e9750e734300e6ab963 DependenciesID=26b5b81fcc34a834b58270e256c42ebc StaticDependenciesID=b342d1a664da6688fe046a7cc5b829cf 
Number of updated asset objects reloaded before import = 0Number of asset objects unloaded after import = 1

========================================================================
Received Import Request.
  Time since last request: 0.000038 seconds.
  path: Assets/Enviroment/enviroment/Office building/Prefabs/File box blue Prefab.prefab
  importAddress: Guid(0cad143f02eeb25428ce49d3d8edf3b9) Importer(2089858483,b0f066a214c2f5e87bad3c948f4d605d)
Start importing Assets/Enviroment/enviroment/Office building/Prefabs/File box blue Prefab.prefab using Guid(0cad143f02eeb25428ce49d3d8edf3b9) Importer(2089858483,b0f066a214c2f5e87bad3c948f4d605d) (ScriptedImporter) -> (Import Result ID: '0ffbae89bae046bbb938ce65483d388d') in 0.004472 seconds [static and dynamic dependencies]. Details - ImportResultOutputID=4d42e230687fdb72390bd6f41df4caff DependenciesID=f3f5dc6d663138d15d7442556a0138e0 StaticDependenciesID=15f25a124ea9525e6352f1c8d2082a97 
Number of updated asset objects reloaded before import = 0Number of asset objects unloaded after import = 10

========================================================================
Received Import Request.
  Time since last request: 0.000016 seconds.
  path: Assets/Enviroment/enviroment/Office building/textures/Props/used/Plant 3.png
  importAddress: Guid(cafaabdbff67c834dad77331767972b8) Importer(2089858483,b0f066a214c2f5e87bad3c948f4d605d)
Start importing Assets/Enviroment/enviroment/Office building/textures/Props/used/Plant 3.png using Guid(cafaabdbff67c834dad77331767972b8) Importer(2089858483,b0f066a214c2f5e87bad3c948f4d605d) (ScriptedImporter) -> (Import Result ID: '10ab3c8b26d9fb94a113143f7f54b377') in 0.0085309 seconds [static and dynamic dependencies]. Details - ImportResultOutputID=a761cfa10a5d8b0a4b43365e912a4a12 DependenciesID=d2bd3167d805a7d5a6960f83bd4df99e StaticDependenciesID=657c6c88d5db48da41f2e1c3bfab0a47 
Number of updated asset objects reloaded before import = 0Number of asset objects unloaded after import = 1

========================================================================
Received Import Request.
  Time since last request: 0.000020 seconds.
  path: Assets/LoafbrrAssets/Interiors_A/prefabs/Floor/Floor_1x1.prefab
  importAddress: Guid(4f2089f9a7a76b04784d1eae0d5fdead) Importer(2089858483,b0f066a214c2f5e87bad3c948f4d605d)
Start importing Assets/LoafbrrAssets/Interiors_A/prefabs/Floor/Floor_1x1.prefab using Guid(4f2089f9a7a76b04784d1eae0d5fdead) Importer(2089858483,b0f066a214c2f5e87bad3c948f4d605d) (ScriptedImporter) -> (Import Result ID: 'd2ce5cce040b62fb90d428b7599fd572') in 0.0090434 seconds [static and dynamic dependencies]. Details - ImportResultOutputID=a3b884c68b5314fe1734448c8e42c67e DependenciesID=46acd9a03f608c82893ad6b148bc40de StaticDependenciesID=af77a07702b7c9b1a1fb2caff9995919 
Number of updated asset objects reloaded before import = 0Number of asset objects unloaded after import = 11

========================================================================
Received Import Request.
  Time since last request: 0.000018 seconds.
  path: Assets/Enviroment/enviroment/Office building/material props/Sink.mat
  importAddress: Guid(aee8e55a4e823ba459a7462826e13c11) Importer(2089858483,b0f066a214c2f5e87bad3c948f4d605d)
Start importing Assets/Enviroment/enviroment/Office building/material props/Sink.mat using Guid(aee8e55a4e823ba459a7462826e13c11) Importer(2089858483,b0f066a214c2f5e87bad3c948f4d605d) (ScriptedImporter) -> (Import Result ID: '3788cc687db718a8a41b9a75a5af9d75') in 0.0055341 seconds [static and dynamic dependencies]. Details - ImportResultOutputID=f6e1467aac473703386cbd5b53dfa4cc DependenciesID=ef99c64c640bfc1efda185797bd506c6 StaticDependenciesID=0498d9063e7acd54b17bafb28cc32987 
Number of updated asset objects reloaded before import = 0Number of asset objects unloaded after import = 2

========================================================================
Received Import Request.
  Time since last request: 0.000020 seconds.
  path: Assets/Enviroment/enviroment/Office building/Prefabs/Toilet Prefab.prefab
  importAddress: Guid(d5b80a7f12599104087095e8c5f6baf1) Importer(2089858483,b0f066a214c2f5e87bad3c948f4d605d)
Start importing Assets/Enviroment/enviroment/Office building/Prefabs/Toilet Prefab.prefab using Guid(d5b80a7f12599104087095e8c5f6baf1) Importer(2089858483,b0f066a214c2f5e87bad3c948f4d605d) (ScriptedImporter) -> (Import Result ID: '8d709db3d2ef858b1b8b895b66b45aec') in 0.0063641 seconds [static and dynamic dependencies]. Details - ImportResultOutputID=407291a2d55d3d9fb9eefaa1c36df029 DependenciesID=d018e908954cc3d04846bc7579491203 StaticDependenciesID=2b7d183968bf4a075c8235f1227435e1 
Number of updated asset objects reloaded before import = 0Number of asset objects unloaded after import = 22

========================================================================
Received Import Request.
  Time since last request: 0.000016 seconds.
  path: Assets/Enviroment/enviroment/Office building/textures/concrete.png
  importAddress: Guid(0430e2d09d2c7414eb8900ae8e1f7e29) Importer(2089858483,b0f066a214c2f5e87bad3c948f4d605d)
Start importing Assets/Enviroment/enviroment/Office building/textures/concrete.png using Guid(0430e2d09d2c7414eb8900ae8e1f7e29) Importer(2089858483,b0f066a214c2f5e87bad3c948f4d605d) (ScriptedImporter) -> (Import Result ID: 'f77b911b017f15e2ad36c34a00dbca96') in 0.0054845 seconds [static and dynamic dependencies]. Details - ImportResultOutputID=83047c691b1d089098d9e2850b2fcb60 DependenciesID=91b25eb39e9bc259fa1cbc4466bd5fe3 StaticDependenciesID=e179e0a96235f63318cd4c90b70a94f3 
Number of updated asset objects reloaded before import = 0Number of asset objects unloaded after import = 1

========================================================================
Received Import Request.
  Time since last request: 0.000019 seconds.
  path: Assets/Enviroment/enviroment/Office building/textures/Props/used/carton.png
  importAddress: Guid(e5e0cf73dace2c04aa49e0c8f7455a69) Importer(2089858483,b0f066a214c2f5e87bad3c948f4d605d)
Start importing Assets/Enviroment/enviroment/Office building/textures/Props/used/carton.png using Guid(e5e0cf73dace2c04aa49e0c8f7455a69) Importer(2089858483,b0f066a214c2f5e87bad3c948f4d605d) (ScriptedImporter) -> (Import Result ID: 'a126e491200b25388bebca742130c3f4') in 0.0063442 seconds [static and dynamic dependencies]. Details - ImportResultOutputID=174c25107376a43a254ee2996d20b83a DependenciesID=ac3137e16b872f9422fd945d08ea55c3 StaticDependenciesID=c473cf6d78c01fa6c69174f8e8a2aa8a 
Number of updated asset objects reloaded before import = 0Number of asset objects unloaded after import = 1

========================================================================
Received Import Request.
  Time since last request: 0.000027 seconds.
  path: Assets/LoafbrrAssets/Interiors_A/prefabs/StairParts/Stairs_A_3x2.prefab
  importAddress: Guid(8fe79bdb11921fa40b009e32058ca2fc) Importer(2089858483,b0f066a214c2f5e87bad3c948f4d605d)
Start importing Assets/LoafbrrAssets/Interiors_A/prefabs/StairParts/Stairs_A_3x2.prefab using Guid(8fe79bdb11921fa40b009e32058ca2fc) Importer(2089858483,b0f066a214c2f5e87bad3c948f4d605d) (ScriptedImporter) -> (Import Result ID: '3fd268d84bf022d96dd9eb43d3d7354e') in 0.0096009 seconds [static and dynamic dependencies]. Details - ImportResultOutputID=3c3de75967f85a30685f9f01302a2b95 DependenciesID=1dc4c0ca8a5aa3816962b46dc3b2a891 StaticDependenciesID=24a475fad7c601c4b59717b8e12daee5 
Number of updated asset objects reloaded before import = 0Number of asset objects unloaded after import = 12

========================================================================
Received Import Request.
  Time since last request: 0.000015 seconds.
  path: Assets/Enviroment/enviroment/Office building/Prefabs/Server Prefab.prefab
  importAddress: Guid(e25d9c5ca2c4d0b4fb0affe0be480238) Importer(2089858483,b0f066a214c2f5e87bad3c948f4d605d)
Start importing Assets/Enviroment/enviroment/Office building/Prefabs/Server Prefab.prefab using Guid(e25d9c5ca2c4d0b4fb0affe0be480238) Importer(2089858483,b0f066a214c2f5e87bad3c948f4d605d) (ScriptedImporter) -> (Import Result ID: '8fa94a68c764e03262d3241c5ef42a24') in 0.0063653 seconds [static and dynamic dependencies]. Details - ImportResultOutputID=e8c33f29d5d2bc8e4476f32d98090272 DependenciesID=8f3609707b3d923b031d0107ffd37a91 StaticDependenciesID=41eda39eb1bd627b15fb2a894590461c 
Number of updated asset objects reloaded before import = 0Number of asset objects unloaded after import = 36

========================================================================
Received Import Request.
  Time since last request: 0.000015 seconds.
  path: Assets/LoafbrrAssets/Interiors_A/prefabs/Floor/Floor_2x1.prefab
  importAddress: Guid(9d74ad05f6fe91a48945beedb686705b) Importer(2089858483,b0f066a214c2f5e87bad3c948f4d605d)
Start importing Assets/LoafbrrAssets/Interiors_A/prefabs/Floor/Floor_2x1.prefab using Guid(9d74ad05f6fe91a48945beedb686705b) Importer(2089858483,b0f066a214c2f5e87bad3c948f4d605d) (ScriptedImporter) -> (Import Result ID: '7391c169830fe2952e49aa974c21eebd') in 0.0105336 seconds [static and dynamic dependencies]. Details - ImportResultOutputID=2512f37c0700340977adeaef3e39f599 DependenciesID=e8f914efa59b41ecb500e999da21a986 StaticDependenciesID=9c98fa2713c85fbf62f59bc6e5676707 
Number of updated asset objects reloaded before import = 0Number of asset objects unloaded after import = 11

========================================================================
Received Import Request.
  Time since last request: 0.000015 seconds.
  path: Assets/Enviroment/enviroment/Office building/textures/Props/used/Storage box Red.png
  importAddress: Guid(aaa7d844d5163b940ac3716e0fa3d1a3) Importer(2089858483,b0f066a214c2f5e87bad3c948f4d605d)
Start importing Assets/Enviroment/enviroment/Office building/textures/Props/used/Storage box Red.png using Guid(aaa7d844d5163b940ac3716e0fa3d1a3) Importer(2089858483,b0f066a214c2f5e87bad3c948f4d605d) (ScriptedImporter) -> (Import Result ID: '50e8625429265278c11ba72135964860') in 0.0061435 seconds [static and dynamic dependencies]. Details - ImportResultOutputID=b87ab7c152ee8c59f81c1521aef1a211 DependenciesID=3f777ddf7cad3ff3a4a886131e8b5445 StaticDependenciesID=164667e106884f1ac78caf2a818f335b 
Number of updated asset objects reloaded before import = 0Number of asset objects unloaded after import = 1

========================================================================
Received Import Request.
  Time since last request: 0.000016 seconds.
  path: Assets/LoafbrrAssets/Interiors_A/prefabs/StairParts/Stairs_B_3x3.prefab
  importAddress: Guid(e7eab28977556f74ea72e823885ded44) Importer(2089858483,b0f066a214c2f5e87bad3c948f4d605d)
Start importing Assets/LoafbrrAssets/Interiors_A/prefabs/StairParts/Stairs_B_3x3.prefab using Guid(e7eab28977556f74ea72e823885ded44) Importer(2089858483,b0f066a214c2f5e87bad3c948f4d605d) (ScriptedImporter) -> (Import Result ID: '6b24c9616211d9d22ea01733dd1ecfb2') in 0.0090765 seconds [static and dynamic dependencies]. Details - ImportResultOutputID=c1e6efc8718b5e30f1633a7004414635 DependenciesID=5a7d4a09b278a494074008756e0e9fa3 StaticDependenciesID=6b65cfcf12eb393d780d22d016ff9ffa 
Number of updated asset objects reloaded before import = 0Number of asset objects unloaded after import = 12

========================================================================
Received Import Request.
  Time since last request: 0.000023 seconds.
  path: Assets/Enviroment/enviroment/Office building/material props/Ventilation.001 Emission.mat
  importAddress: Guid(e46e088e2d959af41aa6c13c842520c5) Importer(2089858483,b0f066a214c2f5e87bad3c948f4d605d)
Start importing Assets/Enviroment/enviroment/Office building/material props/Ventilation.001 Emission.mat using Guid(e46e088e2d959af41aa6c13c842520c5) Importer(2089858483,b0f066a214c2f5e87bad3c948f4d605d) (ScriptedImporter) -> (Import Result ID: 'b4f1819491602af6d7225a2711a125a2') in 0.0061077 seconds [static and dynamic dependencies]. Details - ImportResultOutputID=148005714a56f1afcd6e1128f6648bda DependenciesID=123bb63ef163c186efcb2971775f6f4b StaticDependenciesID=c6655182cd06a1fe514f2155e3890e83 
Number of updated asset objects reloaded before import = 0Number of asset objects unloaded after import = 2

========================================================================
Received Import Request.
  Time since last request: 0.000028 seconds.
  path: Assets/Enviroment/enviroment/Office building/material props/Kindergarten carpet.mat
  importAddress: Guid(0241d866c26a1054e962d79a10ab62ba) Importer(2089858483,b0f066a214c2f5e87bad3c948f4d605d)
Start importing Assets/Enviroment/enviroment/Office building/material props/Kindergarten carpet.mat using Guid(0241d866c26a1054e962d79a10ab62ba) Importer(2089858483,b0f066a214c2f5e87bad3c948f4d605d) (ScriptedImporter) -> (Import Result ID: 'f5797238b638d6bcd823dede437e7ed1') in 0.0055049 seconds [static and dynamic dependencies]. Details - ImportResultOutputID=bd41e7884af9734a32fcd1a27800ee7f DependenciesID=4d5ec100c31785065ba2150b3c8bfe0f StaticDependenciesID=2c5c6402c208e191f7faba5d8ec6e8a5 
Number of updated asset objects reloaded before import = 0Number of asset objects unloaded after import = 2

========================================================================
Received Import Request.
  Time since last request: 0.000025 seconds.
  path: Assets/Enviroment/enviroment/Office building/material props/File box Blue.mat
  importAddress: Guid(6b1f3dbbd90f61f4da988b80ba19bd9f) Importer(2089858483,b0f066a214c2f5e87bad3c948f4d605d)
Start importing Assets/Enviroment/enviroment/Office building/material props/File box Blue.mat using Guid(6b1f3dbbd90f61f4da988b80ba19bd9f) Importer(2089858483,b0f066a214c2f5e87bad3c948f4d605d) (ScriptedImporter) -> (Import Result ID: 'fd3795049f9d06d43637f404de9f7faf') in 0.0047926 seconds [static and dynamic dependencies]. Details - ImportResultOutputID=eed599b40515060d9998e8f64b14f606 DependenciesID=65553998507e1fe641f971af9bfa9982 StaticDependenciesID=689a57fca40d8af5e662f8e5ef26ba94 
Number of updated asset objects reloaded before import = 0Number of asset objects unloaded after import = 2

========================================================================
Received Import Request.
  Time since last request: 0.000016 seconds.
  path: Assets/LoafbrrAssets/Interiors_A/prefabs/StairParts/Wall_Stair_2m_Edge_C.prefab
  importAddress: Guid(ba943a3d2805ebf4f8a3b6450dcd7886) Importer(2089858483,b0f066a214c2f5e87bad3c948f4d605d)
Start importing Assets/LoafbrrAssets/Interiors_A/prefabs/StairParts/Wall_Stair_2m_Edge_C.prefab using Guid(ba943a3d2805ebf4f8a3b6450dcd7886) Importer(2089858483,b0f066a214c2f5e87bad3c948f4d605d) (ScriptedImporter) -> (Import Result ID: '77805b7cec910ca352239e6e61dfcf59') in 0.0094245 seconds [static and dynamic dependencies]. Details - ImportResultOutputID=8e34a6ef24e3a7eb49871f5b5c624cf0 DependenciesID=f0521db38a83658f60a3eb2980bfdbef StaticDependenciesID=481ce1b08ba9464f27974e43acde960a 
Number of updated asset objects reloaded before import = 0Number of asset objects unloaded after import = 10

========================================================================
Received Import Request.
  Time since last request: 0.000017 seconds.
  path: Assets/LoafbrrAssets/Interiors_A/prefabs/StairSet/Stairs_2m_C_Grp.prefab
  importAddress: Guid(d63d9481d475ae64594a89502cca4c2e) Importer(2089858483,b0f066a214c2f5e87bad3c948f4d605d)
Start importing Assets/LoafbrrAssets/Interiors_A/prefabs/StairSet/Stairs_2m_C_Grp.prefab using Guid(d63d9481d475ae64594a89502cca4c2e) Importer(2089858483,b0f066a214c2f5e87bad3c948f4d605d) (ScriptedImporter) -> (Import Result ID: '6c01ba8b37087062504c833dd42d5e7a') in 0.0055896 seconds [static and dynamic dependencies]. Details - ImportResultOutputID=4f833ca2518a2a5437b6de7da7c97baf DependenciesID=09d8aaa911768fbb51448f2166f2f970 StaticDependenciesID=55bdbae81a1d143a675507fce51e1950 
Number of updated asset objects reloaded before import = 0Number of asset objects unloaded after import = 34

========================================================================
Received Import Request.
  Time since last request: 0.000018 seconds.
  path: Assets/Enviroment/enviroment/Office building/Prefabs/Pen holder Prefab.prefab
  importAddress: Guid(91ca78bf8be64314ab883fa8eda91dcf) Importer(2089858483,b0f066a214c2f5e87bad3c948f4d605d)
Start importing Assets/Enviroment/enviroment/Office building/Prefabs/Pen holder Prefab.prefab using Guid(91ca78bf8be64314ab883fa8eda91dcf) Importer(2089858483,b0f066a214c2f5e87bad3c948f4d605d) (ScriptedImporter) -> (Import Result ID: 'c4a5c238bba443510abc4c81e76207ed') in 0.0041484 seconds [static and dynamic dependencies]. Details - ImportResultOutputID=779a32eb5f3984eafcf0135a0f7bba57 DependenciesID=f4af3d569fdc4a6a87bb1ce3b0b79b98 StaticDependenciesID=092308856263170c984a329122f14bb8 
Number of updated asset objects reloaded before import = 0Number of asset objects unloaded after import = 10

========================================================================
Received Import Request.
  Time since last request: 0.000018 seconds.
  path: Assets/LoafbrrAssets/Interiors_A/prefabs/StairParts/Stairs_Bottom_1m.prefab
  importAddress: Guid(c8315ecfd169a314d9a21c8e3eda8cf9) Importer(2089858483,b0f066a214c2f5e87bad3c948f4d605d)
Start importing Assets/LoafbrrAssets/Interiors_A/prefabs/StairParts/Stairs_Bottom_1m.prefab using Guid(c8315ecfd169a314d9a21c8e3eda8cf9) Importer(2089858483,b0f066a214c2f5e87bad3c948f4d605d) (ScriptedImporter) -> (Import Result ID: '64ef4497ce146337b1781798236f0c82') in 0.0103455 seconds [static and dynamic dependencies]. Details - ImportResultOutputID=e27a4e549a485b2d4f19ae5a5df5f770 DependenciesID=d5de0f688220aea922b4d188a929d5c9 StaticDependenciesID=a290eebb3af6b62092d320910b51abde 
Number of updated asset objects reloaded before import = 0Number of asset objects unloaded after import = 11

========================================================================
Received Import Request.
  Time since last request: 0.000018 seconds.
  path: Assets/LoafbrrAssets/Interiors_A/prefabs/StairSet/Stairs_1m_C_Grp.prefab
  importAddress: Guid(8299b61e1d4884440a781213f23a92bb) Importer(2089858483,b0f066a214c2f5e87bad3c948f4d605d)
Start importing Assets/LoafbrrAssets/Interiors_A/prefabs/StairSet/Stairs_1m_C_Grp.prefab using Guid(8299b61e1d4884440a781213f23a92bb) Importer(2089858483,b0f066a214c2f5e87bad3c948f4d605d) (ScriptedImporter) -> (Import Result ID: '680b3df3125d9c920d782903cd1c4384') in 0.0056036 seconds [static and dynamic dependencies]. Details - ImportResultOutputID=0d45a6e3df0fb5c42aedfb87c323e056 DependenciesID=50a90920d562e6e2bb9bdda8057c3521 StaticDependenciesID=7f60eddc538a14c4ae1d07b22adcf25c 
Number of updated asset objects reloaded before import = 0Number of asset objects unloaded after import = 34

========================================================================
Received Import Request.
  Time since last request: 0.000023 seconds.
  path: Assets/Enviroment/enviroment/Office building/textures/Props/used/File cupboard.png
  importAddress: Guid(76adc89be8885614192cb88463900dd2) Importer(2089858483,b0f066a214c2f5e87bad3c948f4d605d)
Start importing Assets/Enviroment/enviroment/Office building/textures/Props/used/File cupboard.png using Guid(76adc89be8885614192cb88463900dd2) Importer(2089858483,b0f066a214c2f5e87bad3c948f4d605d) (ScriptedImporter) -> (Import Result ID: '7342573d1fabe14236444d3b3b561d59') in 0.0046358 seconds [static and dynamic dependencies]. Details - ImportResultOutputID=40af2b9fa4e558d85ad9e3b13384de77 DependenciesID=00dc7bc1d987b3f1f3699d4f83fddc2d StaticDependenciesID=776e38e4d1e4d95267c46272771d2c59 
Number of updated asset objects reloaded before import = 0Number of asset objects unloaded after import = 1

========================================================================
Received Import Request.
  Time since last request: 0.000038 seconds.
  path: Assets/LoafbrrAssets/Interiors_A/texture/Surface_Ceiling_B/Surface_Ceiling_B_Normal_2K.png
  importAddress: Guid(be9a2760ace7fea44acb742050c3f0ae) Importer(2089858483,b0f066a214c2f5e87bad3c948f4d605d)
Start importing Assets/LoafbrrAssets/Interiors_A/texture/Surface_Ceiling_B/Surface_Ceiling_B_Normal_2K.png using Guid(be9a2760ace7fea44acb742050c3f0ae) Importer(2089858483,b0f066a214c2f5e87bad3c948f4d605d) (ScriptedImporter) -> (Import Result ID: '742ad2255aa8d17b601558d9bf270576') in 0.0085007 seconds [static and dynamic dependencies]. Details - ImportResultOutputID=262f28a82ec1397bd0e6242ee388d2b1 DependenciesID=63253b91c371d9b2b2f49a3face54cb1 StaticDependenciesID=35ec51f6b2661835cff638b670426763 
Number of updated asset objects reloaded before import = 0Number of asset objects unloaded after import = 1

========================================================================
Received Import Request.
  Time since last request: 0.000014 seconds.
  path: Assets/LoafbrrAssets/Interiors_A/prefabs/Vent/Vent_Corner_B.prefab
  importAddress: Guid(91df5835f1b83e44da8ec024bd853c9e) Importer(2089858483,b0f066a214c2f5e87bad3c948f4d605d)
Start importing Assets/LoafbrrAssets/Interiors_A/prefabs/Vent/Vent_Corner_B.prefab using Guid(91df5835f1b83e44da8ec024bd853c9e) Importer(2089858483,b0f066a214c2f5e87bad3c948f4d605d) (ScriptedImporter) -> (Import Result ID: 'f4b542e5faa848ac2497b9d08054c997') in 0.0106106 seconds [static and dynamic dependencies]. Details - ImportResultOutputID=d1ef7e3ce0a32c3ad23f09c709ed12ad DependenciesID=f76f091de3f4d888724154d22a40d001 StaticDependenciesID=911bce6da5777c4ba0f112e8e6556b65 
Number of updated asset objects reloaded before import = 0Number of asset objects unloaded after import = 10

========================================================================
Received Import Request.
  Time since last request: 0.000018 seconds.
  path: Assets/LoafbrrAssets/Interiors_A
  importAddress: Guid(ff96c9eeb2eb97d4b96b7ecdcd9eec03) Importer(2089858483,b0f066a214c2f5e87bad3c948f4d605d)
Start importing Assets/LoafbrrAssets/Interiors_A using Guid(ff96c9eeb2eb97d4b96b7ecdcd9eec03) Importer(2089858483,b0f066a214c2f5e87bad3c948f4d605d) (ScriptedImporter) -> (Import Result ID: 'bd8c898f69f064efc76aee17876fb47c') in 0.0024032 seconds [static and dynamic dependencies]. Details - ImportResultOutputID=29b9f2991e1d1a824ae03a04bd4e5a8b DependenciesID=dacdb2d481faa386b222535eb1576fed StaticDependenciesID=e2b205b6eb92b7e23d7be4bf3b8a3c62 
Number of updated asset objects reloaded before import = 0Number of asset objects unloaded after import = 1

========================================================================
Received Import Request.
  Time since last request: 0.000022 seconds.
  path: Assets/Enviroment/enviroment/Office building/Prefabs/water dispenser prefab.prefab
  importAddress: Guid(aa937497f8053b449b8c7563868401e1) Importer(2089858483,b0f066a214c2f5e87bad3c948f4d605d)
Start importing Assets/Enviroment/enviroment/Office building/Prefabs/water dispenser prefab.prefab using Guid(aa937497f8053b449b8c7563868401e1) Importer(2089858483,b0f066a214c2f5e87bad3c948f4d605d) (ScriptedImporter) -> (Import Result ID: 'b3ff23c58f6ac544605da7cb25e379a8') in 0.0057652 seconds [static and dynamic dependencies]. Details - ImportResultOutputID=dd4a7cabdfa0fe9de1b15a7b3cd2b212 DependenciesID=7ddc5611369c2be61fdecbd9eefc30a2 StaticDependenciesID=f75ec09cef5c2cb26b85672642053c64 
Number of updated asset objects reloaded before import = 0Number of asset objects unloaded after import = 19

========================================================================
Received Import Request.
  Time since last request: 0.000017 seconds.
  path: Assets/Enviroment/enviroment/Office building/Prefabs/Lamp C Prefab.prefab
  importAddress: Guid(4f2f0fdda31a14e4283f1712495f8b96) Importer(2089858483,b0f066a214c2f5e87bad3c948f4d605d)
Start importing Assets/Enviroment/enviroment/Office building/Prefabs/Lamp C Prefab.prefab using Guid(4f2f0fdda31a14e4283f1712495f8b96) Importer(2089858483,b0f066a214c2f5e87bad3c948f4d605d) (ScriptedImporter) -> (Import Result ID: 'd1e9501e4ce7d2f7acda5196d9e37691') in 0.005029 seconds [static and dynamic dependencies]. Details - ImportResultOutputID=92531d672b1c80d0335afc7a5adbae7d DependenciesID=7480b47d441c8e11c6d0e81419d3735b StaticDependenciesID=88f3dbc940d87c1fafdf5f5e1aeb1cb3 
Number of updated asset objects reloaded before import = 0Number of asset objects unloaded after import = 13

========================================================================
Received Import Request.
  Time since last request: 0.000023 seconds.
  path: Assets/Enviroment/enviroment/Office building/Prefabs/elevator cabin.prefab
  importAddress: Guid(76e8d021eb5836e49bfcce87afdae867) Importer(2089858483,b0f066a214c2f5e87bad3c948f4d605d)
Start importing Assets/Enviroment/enviroment/Office building/Prefabs/elevator cabin.prefab using Guid(76e8d021eb5836e49bfcce87afdae867) Importer(2089858483,b0f066a214c2f5e87bad3c948f4d605d) (ScriptedImporter) -> (Import Result ID: '2c5ee04c672d7f9583c8cd4eb6a9a060') in 0.006007 seconds [static and dynamic dependencies]. Details - ImportResultOutputID=8d78eb08ec425637e3d54a6ec3983ba5 DependenciesID=18f4c3a2c08b6f033df8fe88fc7f77a0 StaticDependenciesID=f5a3d90630d42024a373769e3ecec0d6 
Number of updated asset objects reloaded before import = 0Number of asset objects unloaded after import = 54

========================================================================
Received Import Request.
  Time since last request: 0.000022 seconds.
  path: Assets/Enviroment/enviroment/Office building/material props/Plant 2.mat
  importAddress: Guid(108ea37c18d7a0345bcc695fdba2defe) Importer(2089858483,b0f066a214c2f5e87bad3c948f4d605d)
Start importing Assets/Enviroment/enviroment/Office building/material props/Plant 2.mat using Guid(108ea37c18d7a0345bcc695fdba2defe) Importer(2089858483,b0f066a214c2f5e87bad3c948f4d605d) (ScriptedImporter) -> (Import Result ID: 'ee80e86ff73162a5cfa614c9f947349d') in 0.0043954 seconds [static and dynamic dependencies]. Details - ImportResultOutputID=53822ef29e22856250e3ee21a13163d5 DependenciesID=4b3a866d6ba7f3fef0fd841fcdd037cc StaticDependenciesID=30fc6ba6c4e4ceb563de8c617e2ce030 
Number of updated asset objects reloaded before import = 0Number of asset objects unloaded after import = 2

========================================================================
Received Import Request.
  Time since last request: 0.000027 seconds.
  path: Assets/LoafbrrAssets/Interiors_A/prefabs/StairParts/Wall_Stair_3m_Edge_C.prefab
  importAddress: Guid(3fc89edae62956a4182723d13aff716b) Importer(2089858483,b0f066a214c2f5e87bad3c948f4d605d)
Start importing Assets/LoafbrrAssets/Interiors_A/prefabs/StairParts/Wall_Stair_3m_Edge_C.prefab using Guid(3fc89edae62956a4182723d13aff716b) Importer(2089858483,b0f066a214c2f5e87bad3c948f4d605d) (ScriptedImporter) -> (Import Result ID: 'af263b34dd842884ba50ce8d7b1cef6b') in 0.0073761 seconds [static and dynamic dependencies]. Details - ImportResultOutputID=76b3676a54be0eabbf6749b25affe0b6 DependenciesID=7a3a6621f24e5c529e575ec12d8a1b46 StaticDependenciesID=6fbcde5c6fc75122d71ba012d20a4801 
Number of updated asset objects reloaded before import = 0Number of asset objects unloaded after import = 10

========================================================================
Received Import Request.
  Time since last request: 0.000022 seconds.
  path: Assets/Enviroment/enviroment/Office building/Prefabs/Keyboard prefab.prefab
  importAddress: Guid(ca54b7dbf038dd846af9f43d0b03a8cc) Importer(2089858483,b0f066a214c2f5e87bad3c948f4d605d)
Start importing Assets/Enviroment/enviroment/Office building/Prefabs/Keyboard prefab.prefab using Guid(ca54b7dbf038dd846af9f43d0b03a8cc) Importer(2089858483,b0f066a214c2f5e87bad3c948f4d605d) (ScriptedImporter) -> (Import Result ID: '22f4e1b9cb7af6f32cba37731d44353e') in 0.0065717 seconds [static and dynamic dependencies]. Details - ImportResultOutputID=5c78b91f831aeaf894fc67fcc485e225 DependenciesID=432fd990e52d3b6e0bd71726e6596ac9 StaticDependenciesID=64d482afdfcfb434eb7a7bb66523bf75 
Number of updated asset objects reloaded before import = 0Number of asset objects unloaded after import = 10

========================================================================
Received Import Request.
  Time since last request: 0.000020 seconds.
  path: Assets/Enviroment/enviroment/Office building/meshes/couch office.fbx
  importAddress: Guid(86bcf36b28c4876428c0e80590d3eb22) Importer(2089858483,b0f066a214c2f5e87bad3c948f4d605d)
Start importing Assets/Enviroment/enviroment/Office building/meshes/couch office.fbx using Guid(86bcf36b28c4876428c0e80590d3eb22) Importer(2089858483,b0f066a214c2f5e87bad3c948f4d605d) (ScriptedImporter) -> (Import Result ID: '624b316e3f524cb2a1d86589ca2af015') in 0.0092947 seconds [static and dynamic dependencies]. Details - ImportResultOutputID=0b052f0c18c5fa5725bc21397c642641 DependenciesID=69829d62f5736ca9017d92b926169e0e StaticDependenciesID=4c44ba700da783069bb9c5ad40be1de2 
Number of updated asset objects reloaded before import = 0Number of asset objects unloaded after import = 16

========================================================================
Received Import Request.
  Time since last request: 0.000022 seconds.
  path: Assets/LoafbrrAssets/Interiors_A/materials
  importAddress: Guid(634b5ba6ad369d944b2ff9413a5167ac) Importer(2089858483,b0f066a214c2f5e87bad3c948f4d605d)
Start importing Assets/LoafbrrAssets/Interiors_A/materials using Guid(634b5ba6ad369d944b2ff9413a5167ac) Importer(2089858483,b0f066a214c2f5e87bad3c948f4d605d) (ScriptedImporter) -> (Import Result ID: 'b450792239d0f334a75d80ea970db00e') in 0.0033278 seconds [static and dynamic dependencies]. Details - ImportResultOutputID=86879490958ff48f8f7be893e92ca640 DependenciesID=602a3b7f8b5a7462ff1cdc340c2316b8 StaticDependenciesID=521647e311b32f72dbd43b5bdc12ba38 
Number of updated asset objects reloaded before import = 0Number of asset objects unloaded after import = 1

========================================================================
Received Import Request.
  Time since last request: 0.000020 seconds.
  path: Assets/LoafbrrAssets/Interiors_A/texture/Door/Door_Mask_2K.png
  importAddress: Guid(3bc86d2225c5ecd43b98b66e49c26be3) Importer(2089858483,b0f066a214c2f5e87bad3c948f4d605d)
Start importing Assets/LoafbrrAssets/Interiors_A/texture/Door/Door_Mask_2K.png using Guid(3bc86d2225c5ecd43b98b66e49c26be3) Importer(2089858483,b0f066a214c2f5e87bad3c948f4d605d) (ScriptedImporter) -> (Import Result ID: '72e5391f3d4b63663c8034d3bbee3feb') in 0.0096626 seconds [static and dynamic dependencies]. Details - ImportResultOutputID=47dcf40729ba21a279708df451a6fdb8 DependenciesID=85bb3f2640f5875f7a6bbe52a12d1881 StaticDependenciesID=8a18ae89e1ad104f19c349327f35f57c 
Number of updated asset objects reloaded before import = 0Number of asset objects unloaded after import = 1

========================================================================
Received Import Request.
  Time since last request: 0.000017 seconds.
  path: Assets/Enviroment/enviroment/Office building/textures/Door Glass.png
  importAddress: Guid(cee3268bc03c19040b23eac992c88d3e) Importer(2089858483,b0f066a214c2f5e87bad3c948f4d605d)
Start importing Assets/Enviroment/enviroment/Office building/textures/Door Glass.png using Guid(cee3268bc03c19040b23eac992c88d3e) Importer(2089858483,b0f066a214c2f5e87bad3c948f4d605d) (ScriptedImporter) -> (Import Result ID: '48155ca7d5f0151812603ca159e2b56d') in 0.0060502 seconds [static and dynamic dependencies]. Details - ImportResultOutputID=914c9edb1142927a5d713e584930d6c7 DependenciesID=9fd385fba49031d1a52e53961770acd0 StaticDependenciesID=497fb6fa19c12ddbddbd2b22f699128c 
Number of updated asset objects reloaded before import = 0Number of asset objects unloaded after import = 1

========================================================================
Received Import Request.
  Time since last request: 0.000018 seconds.
  path: Assets/LoafbrrAssets/Interiors_A/prefabs/Door/Door_I_Grp.prefab
  importAddress: Guid(8129dfcf8924f274fa50abd8db1f5f90) Importer(2089858483,b0f066a214c2f5e87bad3c948f4d605d)
Start importing Assets/LoafbrrAssets/Interiors_A/prefabs/Door/Door_I_Grp.prefab using Guid(8129dfcf8924f274fa50abd8db1f5f90) Importer(2089858483,b0f066a214c2f5e87bad3c948f4d605d) (ScriptedImporter) -> (Import Result ID: '876c82c78b712597341ae8d00abd9bd2') in 0.0057674 seconds [static and dynamic dependencies]. Details - ImportResultOutputID=d231e013b11b5237f2712d78ff4f7fbd DependenciesID=312aaa258aa46851ccf770338f8fd8ac StaticDependenciesID=0ff100a74aca395c8234b489f62e63f9 
Number of updated asset objects reloaded before import = 0Number of asset objects unloaded after import = 16

========================================================================
Received Import Request.
  Time since last request: 0.000030 seconds.
  path: Assets/Enviroment/enviroment/Office building/textures/Props/used/Trash bin.png
  importAddress: Guid(ba1763d12abf8aa46b78cf6fd7cc8671) Importer(2089858483,b0f066a214c2f5e87bad3c948f4d605d)
Start importing Assets/Enviroment/enviroment/Office building/textures/Props/used/Trash bin.png using Guid(ba1763d12abf8aa46b78cf6fd7cc8671) Importer(2089858483,b0f066a214c2f5e87bad3c948f4d605d) (ScriptedImporter) -> (Import Result ID: '1146b283d790d1b879729c0a73bddcb0') in 0.0050214 seconds [static and dynamic dependencies]. Details - ImportResultOutputID=c61e7501594df406a907eecbba47c440 DependenciesID=db6ea4631d2c77d2f48867181ae5728c StaticDependenciesID=6dd91e23a54b57a3bfc19717415cfbb9 
Number of updated asset objects reloaded before import = 0Number of asset objects unloaded after import = 1

========================================================================
Received Import Request.
  Time since last request: 0.000019 seconds.
  path: Assets/LoafbrrAssets/Interiors_A/prefabs/StairParts/Stair_Rail_2m.prefab
  importAddress: Guid(41519c4e07fdbf247b077ba1bf946620) Importer(2089858483,b0f066a214c2f5e87bad3c948f4d605d)
Start importing Assets/LoafbrrAssets/Interiors_A/prefabs/StairParts/Stair_Rail_2m.prefab using Guid(41519c4e07fdbf247b077ba1bf946620) Importer(2089858483,b0f066a214c2f5e87bad3c948f4d605d) (ScriptedImporter) -> (Import Result ID: '2bf4f2da05393cde1a4ca10f646578c1') in 0.0092824 seconds [static and dynamic dependencies]. Details - ImportResultOutputID=d5e1da287c981eebf2e466e3b476b370 DependenciesID=050154e733f9df579019c264084c3289 StaticDependenciesID=a3fc4d6159d6bd4483a5d48905a393ea 
Number of updated asset objects reloaded before import = 0Number of asset objects unloaded after import = 10

========================================================================
Received Import Request.
  Time since last request: 0.000022 seconds.
  path: Assets/LoafbrrAssets/Interiors_A/prefabs/wall/Wall_3m_Window_I.prefab
  importAddress: Guid(d625d0c4b76ec6840a5c5d957c33bb39) Importer(2089858483,b0f066a214c2f5e87bad3c948f4d605d)
Start importing Assets/LoafbrrAssets/Interiors_A/prefabs/wall/Wall_3m_Window_I.prefab using Guid(d625d0c4b76ec6840a5c5d957c33bb39) Importer(2089858483,b0f066a214c2f5e87bad3c948f4d605d) (ScriptedImporter) -> (Import Result ID: '5c7df639f26e1da75505fdddfa5fdb52') in 0.0093424 seconds [static and dynamic dependencies]. Details - ImportResultOutputID=77b0262043ddc9db0f32fe3260fed9bf DependenciesID=c43dcf1fe41f9a0680d301e41a3ab173 StaticDependenciesID=c38fa22728a6d81ab065380f35b497af 
Number of updated asset objects reloaded before import = 0Number of asset objects unloaded after import = 12

========================================================================
Received Import Request.
  Time since last request: 0.000019 seconds.
  path: Assets/Enviroment/enviroment/Office building/meshes/File box.fbx
  importAddress: Guid(23f30ae07df66724b9b8b50e083df943) Importer(2089858483,b0f066a214c2f5e87bad3c948f4d605d)
Start importing Assets/Enviroment/enviroment/Office building/meshes/File box.fbx using Guid(23f30ae07df66724b9b8b50e083df943) Importer(2089858483,b0f066a214c2f5e87bad3c948f4d605d) (ScriptedImporter) -> (Import Result ID: 'f344c8e0db7abd44a488d6b8f3cd406d') in 0.0075387 seconds [static and dynamic dependencies]. Details - ImportResultOutputID=787b617000bf6b0310e8a6cbed327981 DependenciesID=9beeaa2c0034a095cc8ce82bbc0ee135 StaticDependenciesID=569016a3f8df0dd27a6d518c06826915 
Number of updated asset objects reloaded before import = 0Number of asset objects unloaded after import = 9

========================================================================
Received Import Request.
  Time since last request: 0.000029 seconds.
  path: Assets/Enviroment/enviroment/Office building/textures/Props/used/Ventilation.001.png
  importAddress: Guid(f09a4ac74bba9734ea12b5e350e221b5) Importer(2089858483,b0f066a214c2f5e87bad3c948f4d605d)
Start importing Assets/Enviroment/enviroment/Office building/textures/Props/used/Ventilation.001.png using Guid(f09a4ac74bba9734ea12b5e350e221b5) Importer(2089858483,b0f066a214c2f5e87bad3c948f4d605d) (ScriptedImporter) -> (Import Result ID: '906e0bf1c176c69518d5ab48b9018dce') in 0.0051686 seconds [static and dynamic dependencies]. Details - ImportResultOutputID=cea28899870b4459fe546efcc353106d DependenciesID=6635b649cfbf024df67c6bf37d6c583d StaticDependenciesID=7c51be74caa9f13948acb18ec02dae8d 
Number of updated asset objects reloaded before import = 0Number of asset objects unloaded after import = 1

========================================================================
Received Import Request.
  Time since last request: 0.000017 seconds.
  path: Assets/Enviroment/enviroment/Office building/material props/urinal.mat
  importAddress: Guid(a96c696e36b38124ca3c8ba1411770a8) Importer(2089858483,b0f066a214c2f5e87bad3c948f4d605d)
Start importing Assets/Enviroment/enviroment/Office building/material props/urinal.mat using Guid(a96c696e36b38124ca3c8ba1411770a8) Importer(2089858483,b0f066a214c2f5e87bad3c948f4d605d) (ScriptedImporter) -> (Import Result ID: '94ba5341755a9ac5a9dafe44fe78f572') in 0.0050163 seconds [static and dynamic dependencies]. Details - ImportResultOutputID=755146c22b8b6b3b7ebf6d84b1c7bdc0 DependenciesID=9e7a126ee74581fdb51c062d4f11b437 StaticDependenciesID=6103728db42fc82377ecf2dcb1a427dd 
Number of updated asset objects reloaded before import = 0Number of asset objects unloaded after import = 2

========================================================================
Received Import Request.
  Time since last request: 0.000015 seconds.
  path: Assets/LoafbrrAssets/Interiors_A/materials/Door_A_Mat.mat
  importAddress: Guid(81e7e11c06d9069479ce536f06d47d0f) Importer(2089858483,b0f066a214c2f5e87bad3c948f4d605d)
Start importing Assets/LoafbrrAssets/Interiors_A/materials/Door_A_Mat.mat using Guid(81e7e11c06d9069479ce536f06d47d0f) Importer(2089858483,b0f066a214c2f5e87bad3c948f4d605d) (ScriptedImporter) -> (Import Result ID: '5339534b06ef691bfd92a33d782cde75') in 0.0161365 seconds [static and dynamic dependencies]. Details - ImportResultOutputID=fff629545af6a95ed6dcfe20860acd0e DependenciesID=7de170b1550480fe3112c545c4396db9 StaticDependenciesID=a3ab0a422f9d0a870b57beeb583d503c 
Number of updated asset objects reloaded before import = 0Number of asset objects unloaded after import = 9

========================================================================
Received Import Request.
  Time since last request: 0.000037 seconds.
  path: Assets/LoafbrrAssets/Interiors_A/prefabs/Floor/FloorCeiling_2x2.prefab
  importAddress: Guid(30d8f4671211ac742a99b50e180db3ca) Importer(2089858483,b0f066a214c2f5e87bad3c948f4d605d)
Start importing Assets/LoafbrrAssets/Interiors_A/prefabs/Floor/FloorCeiling_2x2.prefab using Guid(30d8f4671211ac742a99b50e180db3ca) Importer(2089858483,b0f066a214c2f5e87bad3c948f4d605d) (ScriptedImporter) -> (Import Result ID: '9f7bd943a71f6afe305b882d6ffa41fc') in 0.0105005 seconds [static and dynamic dependencies]. Details - ImportResultOutputID=a7f6c8dbd1da870250e7611b36443df7 DependenciesID=7b55392cb4b57325712646d7652077cd StaticDependenciesID=4376ba4c16e6f77d9ab4b34e368f8ff6 
Number of updated asset objects reloaded before import = 0Number of asset objects unloaded after import = 11

========================================================================
Received Import Request.
  Time since last request: 0.000018 seconds.
  path: Assets/LoafbrrAssets/Interiors_A/prefabs/StairParts/Wall_Stair_3m_Corner_A.prefab
  importAddress: Guid(dd844fdbaba9206428d28eac5685e2da) Importer(2089858483,b0f066a214c2f5e87bad3c948f4d605d)
Start importing Assets/LoafbrrAssets/Interiors_A/prefabs/StairParts/Wall_Stair_3m_Corner_A.prefab using Guid(dd844fdbaba9206428d28eac5685e2da) Importer(2089858483,b0f066a214c2f5e87bad3c948f4d605d) (ScriptedImporter) -> (Import Result ID: '0f660ed1440d239f09f8d682d4d3bb6c') in 0.0093043 seconds [static and dynamic dependencies]. Details - ImportResultOutputID=1e6cddfe39a341137a01c515a22fb9ba DependenciesID=1b7f78c5a3ab738afd4f501d63eaeaef StaticDependenciesID=1ab2f2b68cd9db8f6feab6de63c012a3 
Number of updated asset objects reloaded before import = 0Number of asset objects unloaded after import = 10

========================================================================
Received Import Request.
  Time since last request: 0.000018 seconds.
  path: Assets/LoafbrrAssets/Interiors_A/prefabs/StairParts/Wall_Stair_1m_Edge_B.prefab
  importAddress: Guid(c1fe1902608f09d4ca98e9d13bb9e6b8) Importer(2089858483,b0f066a214c2f5e87bad3c948f4d605d)
Start importing Assets/LoafbrrAssets/Interiors_A/prefabs/StairParts/Wall_Stair_1m_Edge_B.prefab using Guid(c1fe1902608f09d4ca98e9d13bb9e6b8) Importer(2089858483,b0f066a214c2f5e87bad3c948f4d605d) (ScriptedImporter) -> (Import Result ID: 'c1fe22e491010eed7e783d8b7597e470') in 0.0086652 seconds [static and dynamic dependencies]. Details - ImportResultOutputID=61eb2ad9f36e8b68d28f6ec43f0db8cc DependenciesID=03837bbc965da5a0a7ba1ee064ab3baa StaticDependenciesID=5ad9cf75e5b08c7d241cf47c8ba8c9b6 
Number of updated asset objects reloaded before import = 0Number of asset objects unloaded after import = 10

========================================================================
Received Import Request.
  Time since last request: 0.000018 seconds.
  path: Assets/LoafbrrAssets/Interiors_A/prefabs/Door
  importAddress: Guid(881566d8df7144f4fac20fccf421110e) Importer(2089858483,b0f066a214c2f5e87bad3c948f4d605d)
Start importing Assets/LoafbrrAssets/Interiors_A/prefabs/Door using Guid(881566d8df7144f4fac20fccf421110e) Importer(2089858483,b0f066a214c2f5e87bad3c948f4d605d) (ScriptedImporter) -> (Import Result ID: '76b9b70739ddc683f2165cf4166b30ff') in 0.0022471 seconds [static and dynamic dependencies]. Details - ImportResultOutputID=b90c9088beb5c2334905e901cdde5149 DependenciesID=24b887a05c6bc2918bda47040c0b1490 StaticDependenciesID=c1955b8b4878df8cfd97fd94ef566a9a 
Number of updated asset objects reloaded before import = 0Number of asset objects unloaded after import = 1

========================================================================
Received Import Request.
  Time since last request: 0.000018 seconds.
  path: Assets/LoafbrrAssets/Interiors_A/prefabs/wall/Wall_2m_Vent_B.prefab
  importAddress: Guid(325d48a9e885d4748a155e103a6698d1) Importer(2089858483,b0f066a214c2f5e87bad3c948f4d605d)
Start importing Assets/LoafbrrAssets/Interiors_A/prefabs/wall/Wall_2m_Vent_B.prefab using Guid(325d48a9e885d4748a155e103a6698d1) Importer(2089858483,b0f066a214c2f5e87bad3c948f4d605d) (ScriptedImporter) -> (Import Result ID: 'd29de433fa83708c7b64f8c7efbf4b61') in 0.0084281 seconds [static and dynamic dependencies]. Details - ImportResultOutputID=d92937c141bc3f67a9d1ed405c1710f4 DependenciesID=8d27c17ef9701fde6d9068bb2e954d4e StaticDependenciesID=f2a74c7d917b58c3820f61e73af54f22 
Number of updated asset objects reloaded before import = 0Number of asset objects unloaded after import = 11

========================================================================
Received Import Request.
  Time since last request: 0.000023 seconds.
  path: Assets/Enviroment/enviroment/Office building/textures/Props/used/Storage box Blue.png
  importAddress: Guid(afaeaaac4ff11cd44a4f0d16dab87807) Importer(2089858483,b0f066a214c2f5e87bad3c948f4d605d)
Start importing Assets/Enviroment/enviroment/Office building/textures/Props/used/Storage box Blue.png using Guid(afaeaaac4ff11cd44a4f0d16dab87807) Importer(2089858483,b0f066a214c2f5e87bad3c948f4d605d) (ScriptedImporter) -> (Import Result ID: '478276d725cff1857904b5cc267b82fc') in 0.0059972 seconds [static and dynamic dependencies]. Details - ImportResultOutputID=b8f7b2f81ba45818d47de1083a832700 DependenciesID=5ef4fe427e6197f4062533edb8bf9302 StaticDependenciesID=adc8bcdd9d05591cbdadd2dd8ba12cfd 
Number of updated asset objects reloaded before import = 0Number of asset objects unloaded after import = 1

========================================================================
Received Import Request.
  Time since last request: 0.000030 seconds.
  path: Assets/Enviroment/enviroment/Office building/Prefabs/carton Prefab.prefab
  importAddress: Guid(dd51500d075471044aa9309d772f5b3e) Importer(2089858483,b0f066a214c2f5e87bad3c948f4d605d)
Start importing Assets/Enviroment/enviroment/Office building/Prefabs/carton Prefab.prefab using Guid(dd51500d075471044aa9309d772f5b3e) Importer(2089858483,b0f066a214c2f5e87bad3c948f4d605d) (ScriptedImporter) -> (Import Result ID: '727618c89dd103267b7f37e8c0d9a5c3') in 0.0044964 seconds [static and dynamic dependencies]. Details - ImportResultOutputID=8d51e753292bed0ee155c9ab9bfbc690 DependenciesID=d9d0206433ea85c5ce86af8c9c104f1e StaticDependenciesID=f3a1ef802f47c9e70c8cb8e94f7a7fb5 
Number of updated asset objects reloaded before import = 0Number of asset objects unloaded after import = 10

========================================================================
Received Import Request.
  Time since last request: 0.000058 seconds.
  path: Assets/LoafbrrAssets/Interiors_A/texture/Surface_Ceiling_A/Surface_Ceiling_A_ORM_1K.png
  importAddress: Guid(e077ec85a4fcb0f44a765ea09d994af3) Importer(2089858483,b0f066a214c2f5e87bad3c948f4d605d)
Start importing Assets/LoafbrrAssets/Interiors_A/texture/Surface_Ceiling_A/Surface_Ceiling_A_ORM_1K.png using Guid(e077ec85a4fcb0f44a765ea09d994af3) Importer(2089858483,b0f066a214c2f5e87bad3c948f4d605d) (ScriptedImporter) -> (Import Result ID: '7633cfc105571965e951293b14fc6223') in 0.0076373 seconds [static and dynamic dependencies]. Details - ImportResultOutputID=b53d99c3fc66879a84f0fc87e9032e8c DependenciesID=d6818e8bf6c75720fd8f724b5cb339e0 StaticDependenciesID=034b6cce2c34c5b635b719ab417206cd 
Number of updated asset objects reloaded before import = 0Number of asset objects unloaded after import = 1

========================================================================
Received Import Request.
  Time since last request: 0.000026 seconds.
  path: Assets/Enviroment/enviroment/Office building/Prefabs/Kindergarten carpet Prefab.prefab
  importAddress: Guid(5fbdc5fbf2fc309409f49a8998bd49c2) Importer(2089858483,b0f066a214c2f5e87bad3c948f4d605d)
Start importing Assets/Enviroment/enviroment/Office building/Prefabs/Kindergarten carpet Prefab.prefab using Guid(5fbdc5fbf2fc309409f49a8998bd49c2) Importer(2089858483,b0f066a214c2f5e87bad3c948f4d605d) (ScriptedImporter) -> (Import Result ID: '47115df4b3bcb42da3aba6ae1dad4a89') in 0.0060907 seconds [static and dynamic dependencies]. Details - ImportResultOutputID=0224deb9a19cad3246adbb2f03a8a159 DependenciesID=1dc7614d751b28f2eda9a15573cae52c StaticDependenciesID=18d34e375b49f7953beefa39b39386dc 
Number of updated asset objects reloaded before import = 0Number of asset objects unloaded after import = 10

========================================================================
Received Import Request.
  Time since last request: 0.000016 seconds.
  path: Assets/Enviroment/enviroment/Office building/material props/exit sign.mat
  importAddress: Guid(8832655e5f5b4994dab005b96f8bcaca) Importer(2089858483,b0f066a214c2f5e87bad3c948f4d605d)
Start importing Assets/Enviroment/enviroment/Office building/material props/exit sign.mat using Guid(8832655e5f5b4994dab005b96f8bcaca) Importer(2089858483,b0f066a214c2f5e87bad3c948f4d605d) (ScriptedImporter) -> (Import Result ID: '96ae9429714527eaa4b258049d82127d') in 0.0048559 seconds [static and dynamic dependencies]. Details - ImportResultOutputID=77f84b36af7a143c61b4d709ad78a2e7 DependenciesID=f733fd0157891ef73621854a6b9638fd StaticDependenciesID=ff03ca8bc746b069ebc060f292db8d6a 
Number of updated asset objects reloaded before import = 0Number of asset objects unloaded after import = 2

========================================================================
Received Import Request.
  Time since last request: 0.000041 seconds.
  path: Assets/Enviroment/enviroment/Office building/textures/Props/used/Coffee Cup.png
  importAddress: Guid(6c955611ac336c548b819d422a7e3c04) Importer(2089858483,b0f066a214c2f5e87bad3c948f4d605d)
Start importing Assets/Enviroment/enviroment/Office building/textures/Props/used/Coffee Cup.png using Guid(6c955611ac336c548b819d422a7e3c04) Importer(2089858483,b0f066a214c2f5e87bad3c948f4d605d) (ScriptedImporter) -> (Import Result ID: 'b73af0727ec8d1e50fd01c023b90db72') in 0.0074779 seconds [static and dynamic dependencies]. Details - ImportResultOutputID=0df06cf42aeba654916334a5bb2d88b4 DependenciesID=f013b5c6a814286a708f9f42ceb1a128 StaticDependenciesID=c35c3ce76f1c9bda4981afbef59f79ed 
Number of updated asset objects reloaded before import = 0Number of asset objects unloaded after import = 1

========================================================================
Received Import Request.
  Time since last request: 0.000015 seconds.
  path: Assets/LoafbrrAssets
  importAddress: Guid(7ce5e3cc79f5b834bad6a27f7cde2a7f) Importer(2089858483,b0f066a214c2f5e87bad3c948f4d605d)
Start importing Assets/LoafbrrAssets using Guid(7ce5e3cc79f5b834bad6a27f7cde2a7f) Importer(2089858483,b0f066a214c2f5e87bad3c948f4d605d) (ScriptedImporter) -> (Import Result ID: 'e406aaffd12901dd259e4244758b07c0') in 0.0025401 seconds [static and dynamic dependencies]. Details - ImportResultOutputID=f1ebcb8f766ff1fdf638809df088a3c6 DependenciesID=2910371afd09afba1ddd982c454a728c StaticDependenciesID=30f8645bdf05033cf250fce97ce2f9ad 
Number of updated asset objects reloaded before import = 0Number of asset objects unloaded after import = 1

========================================================================
Received Import Request.
  Time since last request: 0.000012 seconds.
  path: Assets/LoafbrrAssets/Interiors_A/prefabs/wall/Wall_Bottom_Corner_A.prefab
  importAddress: Guid(d95a2eeccd414e34284893a544ec0624) Importer(2089858483,b0f066a214c2f5e87bad3c948f4d605d)
Start importing Assets/LoafbrrAssets/Interiors_A/prefabs/wall/Wall_Bottom_Corner_A.prefab using Guid(d95a2eeccd414e34284893a544ec0624) Importer(2089858483,b0f066a214c2f5e87bad3c948f4d605d) (ScriptedImporter) -> (Import Result ID: 'd2cd7b3c0d94c40236aa6fd7f70d2cc1') in 0.0093795 seconds [static and dynamic dependencies]. Details - ImportResultOutputID=b073ec9e3073c04c676cebc15a023e36 DependenciesID=eabf0d02eafcadec422fb94edde01ae9 StaticDependenciesID=29748282911117e42cf0387bb090dc4c 
Number of updated asset objects reloaded before import = 0Number of asset objects unloaded after import = 11

========================================================================
Received Import Request.
  Time since last request: 0.000024 seconds.
  path: Assets/Enviroment/enviroment/Office building/textures/Props/used/water dispenser.png
  importAddress: Guid(3d4b32149c4363640a4d85d74ca1dc99) Importer(2089858483,b0f066a214c2f5e87bad3c948f4d605d)
Start importing Assets/Enviroment/enviroment/Office building/textures/Props/used/water dispenser.png using Guid(3d4b32149c4363640a4d85d74ca1dc99) Importer(2089858483,b0f066a214c2f5e87bad3c948f4d605d) (ScriptedImporter) -> (Import Result ID: '690e8c7a34a0ca2f63a1542541b59866') in 0.0059323 seconds [static and dynamic dependencies]. Details - ImportResultOutputID=4d6f11ad29afd0231484799ceb5ab4c1 DependenciesID=91e2f3d2ac6c32b6737b1246bae88e53 StaticDependenciesID=22cc00e2e41515ca11b4c1ef19d891a7 
Number of updated asset objects reloaded before import = 0Number of asset objects unloaded after import = 1

========================================================================
Received Import Request.
  Time since last request: 0.000019 seconds.
  path: Assets/LoafbrrAssets/Interiors_A/prefabs/wall
  importAddress: Guid(f8b0e3458a774cb47ad8a3c0383bf832) Importer(2089858483,b0f066a214c2f5e87bad3c948f4d605d)
Start importing Assets/LoafbrrAssets/Interiors_A/prefabs/wall using Guid(f8b0e3458a774cb47ad8a3c0383bf832) Importer(2089858483,b0f066a214c2f5e87bad3c948f4d605d) (ScriptedImporter) -> (Import Result ID: '9935cb0a570936b720d27d3b193e3da4') in 0.002431 seconds [static and dynamic dependencies]. Details - ImportResultOutputID=4d6b6ce55ba132dca45076d13932b22f DependenciesID=4e10983068b52747809c9ef1aba66263 StaticDependenciesID=d1bcc1da4f9790787f952698f8a7d7e8 
Number of updated asset objects reloaded before import = 0Number of asset objects unloaded after import = 1

========================================================================
Received Import Request.
  Time since last request: 0.000028 seconds.
  path: Assets/LoafbrrAssets/Interiors_A/prefabs/StairParts/Stairs_Bottom_3m.prefab
  importAddress: Guid(7221900070458674d8fd3f5c8247b744) Importer(2089858483,b0f066a214c2f5e87bad3c948f4d605d)
Start importing Assets/LoafbrrAssets/Interiors_A/prefabs/StairParts/Stairs_Bottom_3m.prefab using Guid(7221900070458674d8fd3f5c8247b744) Importer(2089858483,b0f066a214c2f5e87bad3c948f4d605d) (ScriptedImporter) -> (Import Result ID: '35935c17bb130fa0168260439bba5316') in 0.0103994 seconds [static and dynamic dependencies]. Details - ImportResultOutputID=8e35752993b36af1add9eda9522bcf31 DependenciesID=341047cc653b89dcd3988fd72e95579e StaticDependenciesID=14cae5e45b745fe78725642aa3a154cb 
Number of updated asset objects reloaded before import = 0Number of asset objects unloaded after import = 11

========================================================================
Received Import Request.
  Time since last request: 0.000014 seconds.
  path: Assets/LoafbrrAssets/Interiors_A/prefabs/wall/Wall_2m_1Side.prefab
  importAddress: Guid(246f17543935c644cb53e8db6a328278) Importer(2089858483,b0f066a214c2f5e87bad3c948f4d605d)
Start importing Assets/LoafbrrAssets/Interiors_A/prefabs/wall/Wall_2m_1Side.prefab using Guid(246f17543935c644cb53e8db6a328278) Importer(2089858483,b0f066a214c2f5e87bad3c948f4d605d) (ScriptedImporter) -> (Import Result ID: 'd4f68bd2f3259ed665259ba445f377ce') in 0.0079889 seconds [static and dynamic dependencies]. Details - ImportResultOutputID=e21e4df1ef7e5df76db2b03d4ff3b9b9 DependenciesID=af1a68239d24de11f0fb8ddf0f0cde35 StaticDependenciesID=edcfca0f4118b6ea5e7887c63e4645fb 
Number of updated asset objects reloaded before import = 0Number of asset objects unloaded after import = 10

========================================================================
Received Import Request.
  Time since last request: 0.000029 seconds.
  path: Assets/LoafbrrAssets/Interiors_A/prefabs/Floor/Floor_Edge_3m.prefab
  importAddress: Guid(9269d6a3df3012d438500baa3d966424) Importer(2089858483,b0f066a214c2f5e87bad3c948f4d605d)
Start importing Assets/LoafbrrAssets/Interiors_A/prefabs/Floor/Floor_Edge_3m.prefab using Guid(9269d6a3df3012d438500baa3d966424) Importer(2089858483,b0f066a214c2f5e87bad3c948f4d605d) (ScriptedImporter) -> (Import Result ID: '1ff26f1a461a30a49af64793505073ad') in 0.0102908 seconds [static and dynamic dependencies]. Details - ImportResultOutputID=a65e339476012a51fbeb230aec624b46 DependenciesID=5a65f2d2091680d40a2a58aad0359697 StaticDependenciesID=0bf53c4f51b718b8d87e6e1cbfedc7de 
Number of updated asset objects reloaded before import = 0Number of asset objects unloaded after import = 11

========================================================================
Received Import Request.
  Time since last request: 0.000026 seconds.
  path: Assets/LoafbrrAssets/Interiors_A/prefabs/Floor/Floor_Edge_1m.prefab
  importAddress: Guid(bb44763181c181a4fa234e74a91683b7) Importer(2089858483,b0f066a214c2f5e87bad3c948f4d605d)
Start importing Assets/LoafbrrAssets/Interiors_A/prefabs/Floor/Floor_Edge_1m.prefab using Guid(bb44763181c181a4fa234e74a91683b7) Importer(2089858483,b0f066a214c2f5e87bad3c948f4d605d) (ScriptedImporter) -> (Import Result ID: '5d9954818a20d167d37aa4bfb56cae06') in 0.0088241 seconds [static and dynamic dependencies]. Details - ImportResultOutputID=4de66b3cba9a8a3f09c7e2d6d957e821 DependenciesID=7998c13faa0a2ffa038c0fd0191fd170 StaticDependenciesID=9f67f0f3181210a5fdf84f6ab80beb45 
Number of updated asset objects reloaded before import = 0Number of asset objects unloaded after import = 11

========================================================================
Received Import Request.
  Time since last request: 0.000025 seconds.
  path: Assets/Enviroment/enviroment/Office building/meshes/paper.fbx
  importAddress: Guid(efe3c449ba21ecc49bdce006a5e898b0) Importer(2089858483,b0f066a214c2f5e87bad3c948f4d605d)
Start importing Assets/Enviroment/enviroment/Office building/meshes/paper.fbx using Guid(efe3c449ba21ecc49bdce006a5e898b0) Importer(2089858483,b0f066a214c2f5e87bad3c948f4d605d) (ScriptedImporter) -> (Import Result ID: '7ed3403726280b0c2f5c84ea7559bf4d') in 0.0069095 seconds [static and dynamic dependencies]. Details - ImportResultOutputID=6d678a24251f092548d311be88bce7ab DependenciesID=dc05ee068bc14255293cd4cd955dbaf4 StaticDependenciesID=84918716e774f4853acf7785c50daf6b 
Number of updated asset objects reloaded before import = 0Number of asset objects unloaded after import = 8

========================================================================
Received Import Request.
  Time since last request: 0.000019 seconds.
  path: Assets/LoafbrrAssets/Interiors_A/prefabs/StairParts/Stairs_B_2x2.prefab
  importAddress: Guid(3d8e95d543829a8438220f150ff85144) Importer(2089858483,b0f066a214c2f5e87bad3c948f4d605d)
Start importing Assets/LoafbrrAssets/Interiors_A/prefabs/StairParts/Stairs_B_2x2.prefab using Guid(3d8e95d543829a8438220f150ff85144) Importer(2089858483,b0f066a214c2f5e87bad3c948f4d605d) (ScriptedImporter) -> (Import Result ID: '8282876d6ed729d8565a68bca0ebde42') in 0.0087317 seconds [static and dynamic dependencies]. Details - ImportResultOutputID=808b70d2f7699532700b6779f9240d45 DependenciesID=6e0b5e95f8e9c4aab451d81e59e1ba67 StaticDependenciesID=8766858fcbbe185643038e8e75846a9c 
Number of updated asset objects reloaded before import = 0Number of asset objects unloaded after import = 12

========================================================================
Received Import Request.
  Time since last request: 0.000028 seconds.
  path: Assets/LoafbrrAssets/Interiors_A/prefabs/StairParts/Stair_Rail_B_Flipped.prefab
  importAddress: Guid(452e5af995d915645a639c03bc9319d7) Importer(2089858483,b0f066a214c2f5e87bad3c948f4d605d)
Start importing Assets/LoafbrrAssets/Interiors_A/prefabs/StairParts/Stair_Rail_B_Flipped.prefab using Guid(452e5af995d915645a639c03bc9319d7) Importer(2089858483,b0f066a214c2f5e87bad3c948f4d605d) (ScriptedImporter) -> (Import Result ID: '55b33b33fb7ed1cd974f5fb4d1a2dc2b') in 0.0101638 seconds [static and dynamic dependencies]. Details - ImportResultOutputID=49ab79f0f847c22b3342a14d5e597fbc DependenciesID=b4ca0359331ed1cb2f5bd7e69c17c616 StaticDependenciesID=a19a69ca25e154ab7c995a1d3a563117 
Number of updated asset objects reloaded before import = 0Number of asset objects unloaded after import = 10

========================================================================
Received Import Request.
  Time since last request: 0.000027 seconds.
  path: Assets/LoafbrrAssets/Interiors_A/prefabs/StairParts/Stair_Wall_2m_A.prefab
  importAddress: Guid(d13c5c9408f600244a8b4896b69143f7) Importer(2089858483,b0f066a214c2f5e87bad3c948f4d605d)
Start importing Assets/LoafbrrAssets/Interiors_A/prefabs/StairParts/Stair_Wall_2m_A.prefab using Guid(d13c5c9408f600244a8b4896b69143f7) Importer(2089858483,b0f066a214c2f5e87bad3c948f4d605d) (ScriptedImporter) -> (Import Result ID: '13ca3e4fbda9169a156a19a17012321e') in 0.0084428 seconds [static and dynamic dependencies]. Details - ImportResultOutputID=87814cb12abec52a5bbb7da211915c5b DependenciesID=2b03603ff7e2e3be62116b770187e626 StaticDependenciesID=5f046a9ec4bc9f9b1abb9a42ffd8f682 
Number of updated asset objects reloaded before import = 0Number of asset objects unloaded after import = 10

========================================================================
Received Import Request.
  Time since last request: 0.000026 seconds.
  path: Assets/LoafbrrAssets/Interiors_A/prefabs/StairParts/Wall_Stair_3m_Edge_B_Flipped.prefab
  importAddress: Guid(d14f101851bac39439fdfada2958de39) Importer(2089858483,b0f066a214c2f5e87bad3c948f4d605d)
Start importing Assets/LoafbrrAssets/Interiors_A/prefabs/StairParts/Wall_Stair_3m_Edge_B_Flipped.prefab using Guid(d14f101851bac39439fdfada2958de39) Importer(2089858483,b0f066a214c2f5e87bad3c948f4d605d) (ScriptedImporter) -> (Import Result ID: '57eb1675207d0c302258eb25fe1ed653') in 0.0098668 seconds [static and dynamic dependencies]. Details - ImportResultOutputID=bff72870fefba5e6287814d6810ddde5 DependenciesID=fc77a2cabbc54316fe0bc9f5cf85cfb1 StaticDependenciesID=9646e53a48b92b37f31de0f42a806b33 
Number of updated asset objects reloaded before import = 0Number of asset objects unloaded after import = 10

========================================================================
Received Import Request.
  Time since last request: 0.000029 seconds.
  path: Assets/Enviroment/enviroment/Office building/textures/lamps/Lamp A.png
  importAddress: Guid(19a535d9cf30ab54ca74b17352000c05) Importer(2089858483,b0f066a214c2f5e87bad3c948f4d605d)
Start importing Assets/Enviroment/enviroment/Office building/textures/lamps/Lamp A.png using Guid(19a535d9cf30ab54ca74b17352000c05) Importer(2089858483,b0f066a214c2f5e87bad3c948f4d605d) (ScriptedImporter) -> (Import Result ID: '94bf2be0c8c04474788d0f70a35856a2') in 0.0054805 seconds [static and dynamic dependencies]. Details - ImportResultOutputID=6d7bc42a9843f6ae57481bb08405c40a DependenciesID=a9cf74db98ed6ea962cad43b14cc31f2 StaticDependenciesID=2ad37487d68798ebc3ce0ab6eb73070e 
Number of updated asset objects reloaded before import = 0Number of asset objects unloaded after import = 1

========================================================================
Received Import Request.
  Time since last request: 0.000017 seconds.
  path: Assets/LoafbrrAssets/Interiors_A/texture/Surface_Floor_B/Surface_Floor_B_Diffuse_2K.png
  importAddress: Guid(e2cc0bfd247fe80449a65eef37afbdca) Importer(2089858483,b0f066a214c2f5e87bad3c948f4d605d)
Start importing Assets/LoafbrrAssets/Interiors_A/texture/Surface_Floor_B/Surface_Floor_B_Diffuse_2K.png using Guid(e2cc0bfd247fe80449a65eef37afbdca) Importer(2089858483,b0f066a214c2f5e87bad3c948f4d605d) (ScriptedImporter) -> (Import Result ID: 'fd32a8c8a2fff71decb79f952dbd828d') in 0.0061086 seconds [static and dynamic dependencies]. Details - ImportResultOutputID=02f49119a5c16a90dc8b6d721e1383cf DependenciesID=1c04f232db8c7647e267e98a3f388690 StaticDependenciesID=4b5a0c4bb4f1cfbf5045e18ed659b2e3 
Number of updated asset objects reloaded before import = 0Number of asset objects unloaded after import = 1

========================================================================
Received Import Request.
  Time since last request: 0.000022 seconds.
  path: Assets/LoafbrrAssets/Interiors_A/prefabs/wall/Wall_3m_Window_D.prefab
  importAddress: Guid(25addc1eb22fe8c44a3377826cd96bbe) Importer(2089858483,b0f066a214c2f5e87bad3c948f4d605d)
Start importing Assets/LoafbrrAssets/Interiors_A/prefabs/wall/Wall_3m_Window_D.prefab using Guid(25addc1eb22fe8c44a3377826cd96bbe) Importer(2089858483,b0f066a214c2f5e87bad3c948f4d605d) (ScriptedImporter) -> (Import Result ID: 'dbba7e6f13a3f8aca9469f53d27bf0aa') in 0.0097371 seconds [static and dynamic dependencies]. Details - ImportResultOutputID=96a14ce3d77521142031c737916f69d9 DependenciesID=620edcf9305c3055b907196c084c1acd StaticDependenciesID=7b0bab4fa85d22c1ee4c4b57957be90e 
Number of updated asset objects reloaded before import = 0Number of asset objects unloaded after import = 10

========================================================================
Received Import Request.
  Time since last request: 0.000015 seconds.
  path: Assets/LoafbrrAssets/Interiors_A/texture/Door/Door_ORM_2K.png
  importAddress: Guid(e867d5f993286024b80c5e5600b0823d) Importer(2089858483,b0f066a214c2f5e87bad3c948f4d605d)
Start importing Assets/LoafbrrAssets/Interiors_A/texture/Door/Door_ORM_2K.png using Guid(e867d5f993286024b80c5e5600b0823d) Importer(2089858483,b0f066a214c2f5e87bad3c948f4d605d) (ScriptedImporter) -> (Import Result ID: 'b730d0ca8b88f63aa1347c73c5b33d62') in 0.0081498 seconds [static and dynamic dependencies]. Details - ImportResultOutputID=067e66c235f2cfc741818e49fc2fefcc DependenciesID=3f81fe886fb707518cc15becb2c24b4e StaticDependenciesID=ad079b216dff812e6144e41c7aa822f2 
Number of updated asset objects reloaded before import = 0Number of asset objects unloaded after import = 1

========================================================================
Received Import Request.
  Time since last request: 0.000019 seconds.
  path: Assets/LoafbrrAssets/Interiors_A/texture/Surface_Ceiling_B
  importAddress: Guid(a3d524bd5826dca41a73b22f0ef22e45) Importer(2089858483,b0f066a214c2f5e87bad3c948f4d605d)
Start importing Assets/LoafbrrAssets/Interiors_A/texture/Surface_Ceiling_B using Guid(a3d524bd5826dca41a73b22f0ef22e45) Importer(2089858483,b0f066a214c2f5e87bad3c948f4d605d) (ScriptedImporter) -> (Import Result ID: '486317923219ca22eb2da76b5740d258') in 0.0025925 seconds [static and dynamic dependencies]. Details - ImportResultOutputID=eee353bda87e2720ac5f56fd30abe136 DependenciesID=5edb12fcda2e511dbe96512a6c77647f StaticDependenciesID=cc674c273f291e570484fcffc4f4c7bf 
Number of updated asset objects reloaded before import = 0Number of asset objects unloaded after import = 1

========================================================================
Received Import Request.
  Time since last request: 0.000027 seconds.
  path: Assets/Scenes/Settings/DefaultVolumeProfile.asset
  importAddress: Guid(ab09877e2e707104187f6f83e2f62510) Importer(2089858483,b0f066a214c2f5e87bad3c948f4d605d)
Start importing Assets/Scenes/Settings/DefaultVolumeProfile.asset using Guid(ab09877e2e707104187f6f83e2f62510) Importer(2089858483,b0f066a214c2f5e87bad3c948f4d605d) (ScriptedImporter) -> (Import Result ID: 'd1a0fda2953a10a949032905ecd8460f') in 0.0055447 seconds [static and dynamic dependencies]. Details - ImportResultOutputID=525a8f4011b2fb564d566dbd6ebea3d5 DependenciesID=e629dade6727870d752c8060e26ce3b1 StaticDependenciesID=45971eea0e455369d801d07519df3013 
Number of updated asset objects reloaded before import = 0Number of asset objects unloaded after import = 0

========================================================================
Received Import Request.
  Time since last request: 0.000015 seconds.
  path: Assets/LoafbrrAssets/Interiors_A/prefabs/StairParts/Wall_Stair_1m_Corner_B.prefab
  importAddress: Guid(8b37d059ff2f38347ad42fa0be19397a) Importer(2089858483,b0f066a214c2f5e87bad3c948f4d605d)
Start importing Assets/LoafbrrAssets/Interiors_A/prefabs/StairParts/Wall_Stair_1m_Corner_B.prefab using Guid(8b37d059ff2f38347ad42fa0be19397a) Importer(2089858483,b0f066a214c2f5e87bad3c948f4d605d) (ScriptedImporter) -> (Import Result ID: 'df5cd1a94545f1fdf1bd46dc9130823f') in 0.0102802 seconds [static and dynamic dependencies]. Details - ImportResultOutputID=692283846d0d128348346e69742cd576 DependenciesID=aa83bc43f5c6a6d07bfa908339761de0 StaticDependenciesID=efca4243cf708522b45ad59310d607ff 
Number of updated asset objects reloaded before import = 0Number of asset objects unloaded after import = 10

========================================================================
Received Import Request.
  Time since last request: 0.000018 seconds.
  path: Assets/Enviroment/enviroment/Office building/material props/Cupboard Kitchen.mat
  importAddress: Guid(22daeb01da077524b93522bf89848f46) Importer(2089858483,b0f066a214c2f5e87bad3c948f4d605d)
Start importing Assets/Enviroment/enviroment/Office building/material props/Cupboard Kitchen.mat using Guid(22daeb01da077524b93522bf89848f46) Importer(2089858483,b0f066a214c2f5e87bad3c948f4d605d) (ScriptedImporter) -> (Import Result ID: 'f085d6980430351a1ee5ee3aab20e17e') in 0.0049179 seconds [static and dynamic dependencies]. Details - ImportResultOutputID=23b493ad9f7bb6ff4d7476601b0918b4 DependenciesID=0054a999c6b6dd4a493661df1538e786 StaticDependenciesID=ab5134aea56ca6ffb995b8cc576f7ab4 
Number of updated asset objects reloaded before import = 0Number of asset objects unloaded after import = 2

========================================================================
Received Import Request.
  Time since last request: 0.000017 seconds.
  path: Assets/LoafbrrAssets/Interiors_A/prefabs/StairParts/Wall_Stair_1m_Edge_C.prefab
  importAddress: Guid(900ca8dff3b7c5f4a9d3446894f178b5) Importer(2089858483,b0f066a214c2f5e87bad3c948f4d605d)
Start importing Assets/LoafbrrAssets/Interiors_A/prefabs/StairParts/Wall_Stair_1m_Edge_C.prefab using Guid(900ca8dff3b7c5f4a9d3446894f178b5) Importer(2089858483,b0f066a214c2f5e87bad3c948f4d605d) (ScriptedImporter) -> (Import Result ID: '9447dea8466fc0bad30af48239491b45') in 0.0112593 seconds [static and dynamic dependencies]. Details - ImportResultOutputID=b4c4f1038529ccf94eb67d10995b5793 DependenciesID=b1ece25526d529d5fe8f086f550a5946 StaticDependenciesID=f70c39f91c89f5d298f591434c212781 
Number of updated asset objects reloaded before import = 0Number of asset objects unloaded after import = 10

========================================================================
Received Import Request.
  Time since last request: 0.000016 seconds.
  path: Assets/Enviroment/enviroment/Office building/meshes/Bottle.fbx
  importAddress: Guid(e69495662f412aa44bc9e23bbcd5545a) Importer(2089858483,b0f066a214c2f5e87bad3c948f4d605d)
Start importing Assets/Enviroment/enviroment/Office building/meshes/Bottle.fbx using Guid(e69495662f412aa44bc9e23bbcd5545a) Importer(2089858483,b0f066a214c2f5e87bad3c948f4d605d) (ScriptedImporter) -> (Import Result ID: '306efa90e43058d18e0c9ebde1f75bb3') in 0.0089036 seconds [static and dynamic dependencies]. Details - ImportResultOutputID=6660448d6705aaaebd9f37776dd84ba8 DependenciesID=59ba3b60f9bcd050ecad16b1241feab1 StaticDependenciesID=ad5a13042476d30a5d28bff3d4c4e231 
Number of updated asset objects reloaded before import = 0Number of asset objects unloaded after import = 8

========================================================================
Received Import Request.
  Time since last request: 0.000019 seconds.
  path: Assets/LoafbrrAssets/Interiors_A/prefabs/StairParts/Wall_Stair_1m_Trim.prefab
  importAddress: Guid(bc71bf1586a1bfa4a88bd9d260ec1afb) Importer(2089858483,b0f066a214c2f5e87bad3c948f4d605d)
Start importing Assets/LoafbrrAssets/Interiors_A/prefabs/StairParts/Wall_Stair_1m_Trim.prefab using Guid(bc71bf1586a1bfa4a88bd9d260ec1afb) Importer(2089858483,b0f066a214c2f5e87bad3c948f4d605d) (ScriptedImporter) -> (Import Result ID: '0fe1c5a470a3ff4b39f927e39ae85356') in 0.0085026 seconds [static and dynamic dependencies]. Details - ImportResultOutputID=5589475da0ff9a7553cd28157dae7d88 DependenciesID=ae7263e0b706fb08cc22af2b1bdbfb5c StaticDependenciesID=20e60d869a44103b792aecfea2662989 
Number of updated asset objects reloaded before import = 0Number of asset objects unloaded after import = 10

========================================================================
Received Import Request.
  Time since last request: 0.000027 seconds.
  path: Assets/Enviroment/enviroment/Office building/textures/reception.png
  importAddress: Guid(49b4b67111879ee4ebaba9e639c4bfd8) Importer(2089858483,b0f066a214c2f5e87bad3c948f4d605d)
Start importing Assets/Enviroment/enviroment/Office building/textures/reception.png using Guid(49b4b67111879ee4ebaba9e639c4bfd8) Importer(2089858483,b0f066a214c2f5e87bad3c948f4d605d) (ScriptedImporter) -> (Import Result ID: '3bac6a26ffdadd710fb806ee06e61d2d') in 0.0082358 seconds [static and dynamic dependencies]. Details - ImportResultOutputID=f731d172ccdcd747314c37dde03d3769 DependenciesID=3d11ff989c872f1940a92a071045e25d StaticDependenciesID=5287eee8c0a7ceb7b944bc59d069b55b 
Number of updated asset objects reloaded before import = 0Number of asset objects unloaded after import = 1

========================================================================
Received Import Request.
  Time since last request: 0.000027 seconds.
  path: Assets/Enviroment/enviroment/Office building/textures/cover tile.png
  importAddress: Guid(b7d60d82c4c05ee46a3e0d30d47130fd) Importer(2089858483,b0f066a214c2f5e87bad3c948f4d605d)
Start importing Assets/Enviroment/enviroment/Office building/textures/cover tile.png using Guid(b7d60d82c4c05ee46a3e0d30d47130fd) Importer(2089858483,b0f066a214c2f5e87bad3c948f4d605d) (ScriptedImporter) -> (Import Result ID: 'f51f743186f630d5a7251e437a0a8cb7') in 0.0049811 seconds [static and dynamic dependencies]. Details - ImportResultOutputID=a5c0d190a4b6f94884a371b0fc5cf403 DependenciesID=0d5e406ff244a4b32b1993681c532480 StaticDependenciesID=f230707450be8f32a932de3e36e63d55 
Number of updated asset objects reloaded before import = 0Number of asset objects unloaded after import = 1

========================================================================
Received Import Request.
  Time since last request: 0.000019 seconds.
  path: Assets/Scenes/Settings/SampleSceneProfile.asset
  importAddress: Guid(10fc4df2da32a41aaa32d77bc913491c) Importer(2089858483,b0f066a214c2f5e87bad3c948f4d605d)
Start importing Assets/Scenes/Settings/SampleSceneProfile.asset using Guid(10fc4df2da32a41aaa32d77bc913491c) Importer(2089858483,b0f066a214c2f5e87bad3c948f4d605d) (ScriptedImporter) -> (Import Result ID: '2c9fe7a56b74bf723e62750aef275c88') in 0.0044753 seconds [static and dynamic dependencies]. Details - ImportResultOutputID=06f9ce7d988b4fc3d5c88593c6a113b1 DependenciesID=1a382f7adc60adfa1b4d36334f555839 StaticDependenciesID=08110fc3c1147dc7673720d6987be07c 
Number of updated asset objects reloaded before import = 0Number of asset objects unloaded after import = 1

========================================================================
Received Import Request.
  Time since last request: 0.000028 seconds.
  path: Assets/LoafbrrAssets/Interiors_A/prefabs/StairSet/Stairs_1m_A_Grp_Flipped.prefab
  importAddress: Guid(17404cac72700214d8be19083e7d6e95) Importer(2089858483,b0f066a214c2f5e87bad3c948f4d605d)
Start importing Assets/LoafbrrAssets/Interiors_A/prefabs/StairSet/Stairs_1m_A_Grp_Flipped.prefab using Guid(17404cac72700214d8be19083e7d6e95) Importer(2089858483,b0f066a214c2f5e87bad3c948f4d605d) (ScriptedImporter) -> (Import Result ID: 'd0b6bcad55c66ecbd8d85067ec69aba4') in 0.0071973 seconds [static and dynamic dependencies]. Details - ImportResultOutputID=babe5866a9b5ef2449b5d415d53e27b9 DependenciesID=b4612f3a9266128473a0f9936b88b672 StaticDependenciesID=31d56e68275c9757fa5b7ab55d575a76 
Number of updated asset objects reloaded before import = 0Number of asset objects unloaded after import = 28

========================================================================
Received Import Request.
  Time since last request: 0.000020 seconds.
  path: Assets/Enviroment/enviroment/Office building/material props/Mattress.mat
  importAddress: Guid(f82673d4e32a1c149897fbed85193824) Importer(2089858483,b0f066a214c2f5e87bad3c948f4d605d)
Start importing Assets/Enviroment/enviroment/Office building/material props/Mattress.mat using Guid(f82673d4e32a1c149897fbed85193824) Importer(2089858483,b0f066a214c2f5e87bad3c948f4d605d) (ScriptedImporter) -> (Import Result ID: '794daafa1bf2db62a81c7c578fe10c08') in 0.0065155 seconds [static and dynamic dependencies]. Details - ImportResultOutputID=fc0b69e1b24692f5aa12fbfad0295724 DependenciesID=43b05d12e01da09cd1f8b9f384e756f2 StaticDependenciesID=3c7d447563b87bcdfff5c5b204483946 
Number of updated asset objects reloaded before import = 0Number of asset objects unloaded after import = 2

========================================================================
Received Import Request.
  Time since last request: 0.000017 seconds.
  path: Assets/LoafbrrAssets/Interiors_A/prefabs/Vent/Vent_Corner_G_Flipped.prefab
  importAddress: Guid(8e7eecf8a62888e4f99a1b6053ef59b6) Importer(2089858483,b0f066a214c2f5e87bad3c948f4d605d)
Start importing Assets/LoafbrrAssets/Interiors_A/prefabs/Vent/Vent_Corner_G_Flipped.prefab using Guid(8e7eecf8a62888e4f99a1b6053ef59b6) Importer(2089858483,b0f066a214c2f5e87bad3c948f4d605d) (ScriptedImporter) -> (Import Result ID: '45da0c5ff95a8430aa9619f90bf0d695') in 0.0072146 seconds [static and dynamic dependencies]. Details - ImportResultOutputID=89b865d7fcb83258b9187cbc83b6485b DependenciesID=b85a78e2c8ac9974cc384b790171b15b StaticDependenciesID=840f85e7fb994fb1c5e72737202e9a3b 
Number of updated asset objects reloaded before import = 0Number of asset objects unloaded after import = 10

========================================================================
Received Import Request.
  Time since last request: 0.000014 seconds.
  path: Assets/LoafbrrAssets/Interiors_A/texture/MiscTrim/MiscTrim_Normal_2K.png
  importAddress: Guid(4be22fda02849014ea6027084f320d8a) Importer(2089858483,b0f066a214c2f5e87bad3c948f4d605d)
Start importing Assets/LoafbrrAssets/Interiors_A/texture/MiscTrim/MiscTrim_Normal_2K.png using Guid(4be22fda02849014ea6027084f320d8a) Importer(2089858483,b0f066a214c2f5e87bad3c948f4d605d) (ScriptedImporter) -> (Import Result ID: '3222fe536d91d4af4e6b9f7909a43578') in 0.0119471 seconds [static and dynamic dependencies]. Details - ImportResultOutputID=7ac3bbcdbff3eb05a1b6c8b898cca773 DependenciesID=e4ffa48254b24f069480ac430280d858 StaticDependenciesID=cd54ae547f32a848cb342ad1fa9fea70 
Number of updated asset objects reloaded before import = 0Number of asset objects unloaded after import = 1

========================================================================
Received Import Request.
  Time since last request: 0.000025 seconds.
  path: Assets/Enviroment/enviroment/Office building/Prefabs/Locker Prefab.prefab
  importAddress: Guid(389090492d551b942b78aac876151bf4) Importer(2089858483,b0f066a214c2f5e87bad3c948f4d605d)
Start importing Assets/Enviroment/enviroment/Office building/Prefabs/Locker Prefab.prefab using Guid(389090492d551b942b78aac876151bf4) Importer(2089858483,b0f066a214c2f5e87bad3c948f4d605d) (ScriptedImporter) -> (Import Result ID: 'a515f571634c447a0fb2ffe744c1ce32') in 0.0060871 seconds [static and dynamic dependencies]. Details - ImportResultOutputID=8e70d62cfcfebd9a6590dd84b436fe5d DependenciesID=7c5f06976bb2a8cb9e16b463b14fd35d StaticDependenciesID=4b2ea940cbb13d9969c301203ac18bdf 
Number of updated asset objects reloaded before import = 0Number of asset objects unloaded after import = 10

========================================================================
Received Import Request.
  Time since last request: 0.000028 seconds.
  path: Assets/Enviroment/enviroment/Office building/Prefabs/Office chair Prefab.prefab
  importAddress: Guid(c1e5af2ff42787c4da9691a81d25269e) Importer(2089858483,b0f066a214c2f5e87bad3c948f4d605d)
Start importing Assets/Enviroment/enviroment/Office building/Prefabs/Office chair Prefab.prefab using Guid(c1e5af2ff42787c4da9691a81d25269e) Importer(2089858483,b0f066a214c2f5e87bad3c948f4d605d) (ScriptedImporter) -> (Import Result ID: '75f779203a2668fb292e8e2111cfdcfb') in 0.0052819 seconds [static and dynamic dependencies]. Details - ImportResultOutputID=a4d6ee16797c09c6eb28202ed8845985 DependenciesID=38096f6df71c9434a2be63cf1a2a612d StaticDependenciesID=dea17526b6db0e3b47a485112609a11e 
Number of updated asset objects reloaded before import = 0Number of asset objects unloaded after import = 10

========================================================================
Received Import Request.
  Time since last request: 0.000017 seconds.
  path: Assets/LoafbrrAssets/Interiors_A/prefabs/StairParts/Wall_Stair_1m_Edge_A_Flipped.prefab
  importAddress: Guid(45075632c8a3b2f49bfad01bcfbbf28b) Importer(2089858483,b0f066a214c2f5e87bad3c948f4d605d)
Start importing Assets/LoafbrrAssets/Interiors_A/prefabs/StairParts/Wall_Stair_1m_Edge_A_Flipped.prefab using Guid(45075632c8a3b2f49bfad01bcfbbf28b) Importer(2089858483,b0f066a214c2f5e87bad3c948f4d605d) (ScriptedImporter) -> (Import Result ID: '25ab80d5592cf2fe77893a3dcfb8eff0') in 0.0110917 seconds [static and dynamic dependencies]. Details - ImportResultOutputID=76c7371a998eb70eb68cc80c3e57c73c DependenciesID=644be0591de7e6e72fe41aa8a8b716cc StaticDependenciesID=be29f397db09667c42473d3fbedc9a3f 
Number of updated asset objects reloaded before import = 0Number of asset objects unloaded after import = 10

========================================================================
Received Import Request.
  Time since last request: 0.000019 seconds.
  path: Assets/Enviroment/enviroment/Office building/textures/Ventilation.png
  importAddress: Guid(d9a6a405110f14f4f9ca5eb763d159fa) Importer(2089858483,b0f066a214c2f5e87bad3c948f4d605d)
Start importing Assets/Enviroment/enviroment/Office building/textures/Ventilation.png using Guid(d9a6a405110f14f4f9ca5eb763d159fa) Importer(2089858483,b0f066a214c2f5e87bad3c948f4d605d) (ScriptedImporter) -> (Import Result ID: '13f7041331e0b4631587baf3089e9807') in 0.0081605 seconds [static and dynamic dependencies]. Details - ImportResultOutputID=f3f4723ece1c39f96f43bdb17471e811 DependenciesID=2332895894119691e814b91a9b885d65 StaticDependenciesID=a4af8cb75bfa72a2e1fae4e63ea75a6f 
Number of updated asset objects reloaded before import = 0Number of asset objects unloaded after import = 1

========================================================================
Received Import Request.
  Time since last request: 0.000027 seconds.
  path: Assets/LoafbrrAssets/Interiors_A/prefabs/wall/Wall_Pillar_C.prefab
  importAddress: Guid(171da1afe8a90e6468fa9bf416080755) Importer(2089858483,b0f066a214c2f5e87bad3c948f4d605d)
Start importing Assets/LoafbrrAssets/Interiors_A/prefabs/wall/Wall_Pillar_C.prefab using Guid(171da1afe8a90e6468fa9bf416080755) Importer(2089858483,b0f066a214c2f5e87bad3c948f4d605d) (ScriptedImporter) -> (Import Result ID: '06a47494dada38f8f1f134a9cac7b6b6') in 0.0097421 seconds [static and dynamic dependencies]. Details - ImportResultOutputID=18ce5c55bdf32e0e525eb06ea3b7a0f5 DependenciesID=65cc2e9ac9a119ff4cb3c6c7eccaaf85 StaticDependenciesID=d1bfbe465eb4b8fcb476692ff17feb78 
Number of updated asset objects reloaded before import = 0Number of asset objects unloaded after import = 10

========================================================================
Received Import Request.
  Time since last request: 0.000015 seconds.
  path: Assets/LoafbrrAssets/Interiors_A/texture/Surface_Ceiling_B/Surface_Ceiling_B_Diffuse_2K_B.png
  importAddress: Guid(e136f34cd2f950444a53500e492277d3) Importer(2089858483,b0f066a214c2f5e87bad3c948f4d605d)
Start importing Assets/LoafbrrAssets/Interiors_A/texture/Surface_Ceiling_B/Surface_Ceiling_B_Diffuse_2K_B.png using Guid(e136f34cd2f950444a53500e492277d3) Importer(2089858483,b0f066a214c2f5e87bad3c948f4d605d) (ScriptedImporter) -> (Import Result ID: 'a5d0e46b592be0e5bb0bcb3930a2b5b8') in 0.0072934 seconds [static and dynamic dependencies]. Details - ImportResultOutputID=c4ce6f263270063feb46d480c7830abc DependenciesID=4956bd840fdb3d01372343c915258a94 StaticDependenciesID=ba618d994590f433e6100ecd7a729924 
Number of updated asset objects reloaded before import = 0Number of asset objects unloaded after import = 1

========================================================================
Received Import Request.
  Time since last request: 0.000013 seconds.
  path: Assets/Enviroment/enviroment/Office building/textures/Props/used/conference table.png
  importAddress: Guid(7ae5d103163e17e4e8970d6687136312) Importer(2089858483,b0f066a214c2f5e87bad3c948f4d605d)
Start importing Assets/Enviroment/enviroment/Office building/textures/Props/used/conference table.png using Guid(7ae5d103163e17e4e8970d6687136312) Importer(2089858483,b0f066a214c2f5e87bad3c948f4d605d) (ScriptedImporter) -> (Import Result ID: '44e97f0bbff7fb87f4e81e08ac228df7') in 0.0097276 seconds [static and dynamic dependencies]. Details - ImportResultOutputID=d1efc91849e679139d3b5e156fcd3e86 DependenciesID=f51f38c6a5f6a73c24d254c6fca37dc9 StaticDependenciesID=ed46996c1b79dfc4e332b2ac22a6aead 
Number of updated asset objects reloaded before import = 0Number of asset objects unloaded after import = 1

========================================================================
Received Import Request.
  Time since last request: 0.000019 seconds.
  path: Assets/LoafbrrAssets/Interiors_A/prefabs/wall/Wall_3m_1Side.prefab
  importAddress: Guid(604887a0b2749ae47a3099cd58a94c17) Importer(2089858483,b0f066a214c2f5e87bad3c948f4d605d)
Start importing Assets/LoafbrrAssets/Interiors_A/prefabs/wall/Wall_3m_1Side.prefab using Guid(604887a0b2749ae47a3099cd58a94c17) Importer(2089858483,b0f066a214c2f5e87bad3c948f4d605d) (ScriptedImporter) -> (Import Result ID: '71032a97c68ef54caded677199b2c4eb') in 0.009104 seconds [static and dynamic dependencies]. Details - ImportResultOutputID=d5eebf7a7cf0e95c274654119d658626 DependenciesID=8181c3faf3ed28ce952e97763a8e1fc3 StaticDependenciesID=a68fbb361a23da8c17d282e158cbccf8 
Number of updated asset objects reloaded before import = 0Number of asset objects unloaded after import = 10

========================================================================
Received Import Request.
  Time since last request: 0.000026 seconds.
  path: Assets/LoafbrrAssets/Interiors_A/prefabs/Decal/Decal_Ceiling_B_Light.prefab
  importAddress: Guid(8704b333122b171438bbc872e1e25b62) Importer(2089858483,b0f066a214c2f5e87bad3c948f4d605d)
Start importing Assets/LoafbrrAssets/Interiors_A/prefabs/Decal/Decal_Ceiling_B_Light.prefab using Guid(8704b333122b171438bbc872e1e25b62) Importer(2089858483,b0f066a214c2f5e87bad3c948f4d605d) (ScriptedImporter) -> (Import Result ID: 'f396ec7a5677d1b3eabd2deeea3d0fd0') in 0.0077266 seconds [static and dynamic dependencies]. Details - ImportResultOutputID=30bc124660b1319ed27f9ef6a0aa48c8 DependenciesID=7c6c96e4e2069067d2105ccfaae69e7b StaticDependenciesID=b2955ca6418132e63db0157dffa5064e 
Number of updated asset objects reloaded before import = 0Number of asset objects unloaded after import = 9

========================================================================
Received Prepare
Begin MonoManager ReloadAssembly
[Licensing::Client] Successfully resolved entitlement details
Assembly Assembly-CSharp-Editor-firstpass.dll at Library/ScriptAssemblies/Assembly-CSharp-Editor-firstpass.dll not valid. Loading of assembly skipped.
Assembly Assembly-CSharp-firstpass.dll at Library/ScriptAssemblies/Assembly-CSharp-firstpass.dll not valid. Loading of assembly skipped.
Assembly DocCodeExamples.dll at Library/ScriptAssemblies/DocCodeExamples.dll not valid. Loading of assembly skipped.
Assembly TestNewCustomAssembly.dll at Library/ScriptAssemblies/TestNewCustomAssembly.dll not valid. Loading of assembly skipped.
Assembly Unity.Collections.BurstCompatibilityGen.dll at Library/ScriptAssemblies/Unity.Collections.BurstCompatibilityGen.dll not valid. Loading of assembly skipped.
Assembly Unity.Collections.DocCodeSamples.dll at Library/ScriptAssemblies/Unity.Collections.DocCodeSamples.dll not valid. Loading of assembly skipped.
Assembly Unity.Collections.PerformanceTests.dll at Library/ScriptAssemblies/Unity.Collections.PerformanceTests.dll not valid. Loading of assembly skipped.
Assembly Unity.Collections.Tests.dll at Library/ScriptAssemblies/Unity.Collections.Tests.dll not valid. Loading of assembly skipped.
Assembly Unity.Collections.Tests.Playmode.dll at Library/ScriptAssemblies/Unity.Collections.Tests.Playmode.dll not valid. Loading of assembly skipped.
Assembly Unity.InputSystem.IntegrationTests.dll at Library/ScriptAssemblies/Unity.InputSystem.IntegrationTests.dll not valid. Loading of assembly skipped.
Assembly Unity.Mathematics.Tests.dll at Library/ScriptAssemblies/Unity.Mathematics.Tests.dll not valid. Loading of assembly skipped.
Assembly Unity.Multiplayer.Center.Editor.Tests.dll at Library/ScriptAssemblies/Unity.Multiplayer.Center.Editor.Tests.dll not valid. Loading of assembly skipped.
Assembly Unity.Multiplayer.Center.Tests.dll at Library/ScriptAssemblies/Unity.Multiplayer.Center.Tests.dll not valid. Loading of assembly skipped.
Assembly Unity.Nuget.Mono-Cecil.dll at Library/ScriptAssemblies/Unity.Nuget.Mono-Cecil.dll not valid. Loading of assembly skipped.
Assembly Unity.PathTracing.Editor.Tests.dll at Library/ScriptAssemblies/Unity.PathTracing.Editor.Tests.dll not valid. Loading of assembly skipped.
Assembly Unity.PathTracing.Runtime.Tests.dll at Library/ScriptAssemblies/Unity.PathTracing.Runtime.Tests.dll not valid. Loading of assembly skipped.
Assembly Unity.RenderPipelines.Core.Editor.Tests.dll at Library/ScriptAssemblies/Unity.RenderPipelines.Core.Editor.Tests.dll not valid. Loading of assembly skipped.
Assembly Unity.RenderPipelines.Core.Runtime.Tests.dll at Library/ScriptAssemblies/Unity.RenderPipelines.Core.Runtime.Tests.dll not valid. Loading of assembly skipped.
Assembly Unity.RenderPipelines.Universal.Config.Editor.Tests.dll at Library/ScriptAssemblies/Unity.RenderPipelines.Universal.Config.Editor.Tests.dll not valid. Loading of assembly skipped.
Assembly Unity.RenderPipelines.Universal.Editor.Tests.dll at Library/ScriptAssemblies/Unity.RenderPipelines.Universal.Editor.Tests.dll not valid. Loading of assembly skipped.
Assembly Unity.RenderPipelines.Universal.Runtime.Tests.dll at Library/ScriptAssemblies/Unity.RenderPipelines.Universal.Runtime.Tests.dll not valid. Loading of assembly skipped.
Assembly Unity.Searcher.EditorTests.dll at Library/ScriptAssemblies/Unity.Searcher.EditorTests.dll not valid. Loading of assembly skipped.
Assembly Unity.Settings.Tests.dll at Library/ScriptAssemblies/Unity.Settings.Tests.dll not valid. Loading of assembly skipped.
Assembly Unity.ShaderGraph.Editor.Tests.dll at Library/ScriptAssemblies/Unity.ShaderGraph.Editor.Tests.dll not valid. Loading of assembly skipped.
Assembly Unity.TextMeshPro.Editor.Tests.dll at Library/ScriptAssemblies/Unity.TextMeshPro.Editor.Tests.dll not valid. Loading of assembly skipped.
Assembly Unity.TextMeshPro.Tests.dll at Library/ScriptAssemblies/Unity.TextMeshPro.Tests.dll not valid. Loading of assembly skipped.
Assembly Unity.UnifiedRayTracing.Editor.Tests.dll at Library/ScriptAssemblies/Unity.UnifiedRayTracing.Editor.Tests.dll not valid. Loading of assembly skipped.
Assembly UnityEditor.UI.Common.Tests.dll at Library/ScriptAssemblies/UnityEditor.UI.Common.Tests.dll not valid. Loading of assembly skipped.
Assembly UnityEditor.UI.EditorTests.dll at Library/ScriptAssemblies/UnityEditor.UI.EditorTests.dll not valid. Loading of assembly skipped.
Assembly UnityEngine.UI.Tests.dll at Library/ScriptAssemblies/UnityEngine.UI.Tests.dll not valid. Loading of assembly skipped.
Native extension for WindowsStandalone target not found
Native extension for WebGL target not found
[Package Manager] Failed to launch server process. Reason: Unity was launched with the -noUpm command-line argument
[Package Manager] Unable to send message (not connected to server process).
[Package Manager] Cannot connect to Unity Package Manager local server
[Package Manager] Failed to launch server process. Reason: Unity was launched with the -noUpm command-line argument
[Package Manager] Unable to send message (not connected to server process).
[Package Manager] Cannot connect to Unity Package Manager local server
[Package Manager] Failed to launch server process. Reason: Unity was launched with the -noUpm command-line argument
[Package Manager] Unable to send message (not connected to server process).
[Package Manager] Cannot connect to Unity Package Manager local server
[MODES] ModeService[none].Initialize
[MODES] ModeService[none].LoadModes
ScheduleIndexationOnStartup MainProcess:False IndexOnStartup:True
Mono: successfully reloaded assembly
- Finished resetting the current domain, in  0.562 seconds
Domain Reload Profiling: 1160ms
	BeginReloadAssembly (175ms)
		DisableScriptedObjects (4ms)
		CreateAndSetChildDomain (37ms)
	RebuildCommonClasses (30ms)
	RebuildNativeTypeToScriptingClass (10ms)
	initialDomainReloadingComplete (46ms)
	LoadAllAssembliesAndSetupDomain (339ms)
		LoadAssemblies (268ms)
		AnalyzeDomain (145ms)
			TypeCache.Refresh (9ms)
			BuildScriptInfoCaches (125ms)
			ResolveRequiredComponents (9ms)
	FinalizeReload (562ms)
		SetupLoadedEditorAssemblies (0ms)
			InitializePlatformSupportModulesInManaged (3ms)
			BeforeProcessingInitializeOnLoad (114ms)
			ProcessInitializeOnLoadAttributes (170ms)
			ProcessInitializeOnLoadMethodAttributes (105ms)
			AfterProcessingInitializeOnLoad (4ms)
		AwakeInstancesAfterBackupRestoration (12ms)
Unloading 25 Unused Serialized files (Serialized files now loaded: 0)
Unloading 6505 unused Assets / (5.7 MB). Loaded Objects now: 7386.
Memory consumption went from 170.3 MB to 164.6 MB.
Total: 7.693200 ms (FindLiveObjects: 0.644800 ms CreateObjectMapping: 0.379500 ms MarkObjects: 4.103000 ms  DeleteObjects: 2.564200 ms)

Prepare: number of updated asset objects reloaded= 0
========================================================================
Received Import Request.
  Time since last request: 452.321602 seconds.
  path: Assets/Scenes/Playground.unity
  importAddress: Guid(e9017d5f96b9f09489b4b37e1d6eb914) Importer(815301076,1909f56bfc062723c751e8b465ee728b)
Start importing Assets/Scenes/Playground.unity using Guid(e9017d5f96b9f09489b4b37e1d6eb914) Importer(815301076,1909f56bfc062723c751e8b465ee728b) (PreviewImporter) -> (Import Result ID: '3e69b7b6d6cb89054186c76575a6d1a5') in 0.001847 seconds [static and dynamic dependencies]. Details - ImportResultOutputID=fed0059921f6c21d1995654d95a72e93 DependenciesID=cb9987c1e27aba2ad9a64401271145ad StaticDependenciesID=2e4cd084531a87cbc82cba9e0067db15 
Number of updated asset objects reloaded before import = 0Number of asset objects unloaded after import = 0

========================================================================
Received Import Request.
  Time since last request: 154.256915 seconds.
  path: Assets/Environtment
  importAddress: Guid(e68ebdf36bd2de2498b8da69274db797) Importer(815301076,1909f56bfc062723c751e8b465ee728b)
Start importing Assets/Environtment using Guid(e68ebdf36bd2de2498b8da69274db797) Importer(815301076,1909f56bfc062723c751e8b465ee728b) (PreviewImporter) -> (Import Result ID: '50e3c61e857c6132a43812077d9c518e') in 0.0025017 seconds [static and dynamic dependencies]. Details - ImportResultOutputID=eee8137ab7352ec4e3fd9f617b5f6928 DependenciesID=93404a4504eae23d7837b539e53690a8 StaticDependenciesID=02051eb6d9ff9ecedfefbe3a5c49cdcd 
Number of updated asset objects reloaded before import = 0Number of asset objects unloaded after import = 0

========================================================================
Received Import Request.
  Time since last request: 3.356282 seconds.
  path: Assets/Scenes/Playground.unity
  importAddress: Guid(e9017d5f96b9f09489b4b37e1d6eb914) Importer(2089858483,b0f066a214c2f5e87bad3c948f4d605d)
Start importing Assets/Scenes/Playground.unity using Guid(e9017d5f96b9f09489b4b37e1d6eb914) Importer(2089858483,b0f066a214c2f5e87bad3c948f4d605d) (ScriptedImporter) -> (Import Result ID: '9cb6d61a7b8e70fd6bccba0dd5f98c23') in 0.0615563 seconds [static and dynamic dependencies]. Details - ImportResultOutputID=3d492d2b85d439f5af0a6d7d6de316f4 DependenciesID=39f7c6a3702ee929376618224bfb019f StaticDependenciesID=f83e3a6764031a37cb8a8854b06a197d 
Number of updated asset objects reloaded before import = 0Number of asset objects unloaded after import = 1

========================================================================
Received Import Request.
  Time since last request: 0.000016 seconds.
  path: Assets/Environtment
  importAddress: Guid(e68ebdf36bd2de2498b8da69274db797) Importer(2089858483,b0f066a214c2f5e87bad3c948f4d605d)
Start importing Assets/Environtment using Guid(e68ebdf36bd2de2498b8da69274db797) Importer(2089858483,b0f066a214c2f5e87bad3c948f4d605d) (ScriptedImporter) -> (Import Result ID: '0d71d9a304e9af3fbb8f3c92b4fd2b14') in 0.0022191 seconds [static and dynamic dependencies]. Details - ImportResultOutputID=107a270fccf64b428a63cf0931ce352e DependenciesID=37d55f635334885646a0e86f8d78b5ca StaticDependenciesID=aa73365477ea47350df2654495493162 
Number of updated asset objects reloaded before import = 0Number of asset objects unloaded after import = 1

========================================================================
Received Import Request.
  Time since last request: 6.443086 seconds.
  path: Assets/Environtment/environtment
  importAddress: Guid(a84b0ca246295594c9156e3cab38e72f) Importer(815301076,1909f56bfc062723c751e8b465ee728b)
Start importing Assets/Environtment/environtment using Guid(a84b0ca246295594c9156e3cab38e72f) Importer(815301076,1909f56bfc062723c751e8b465ee728b) (PreviewImporter) -> (Import Result ID: 'd43837b38efab9c242fcf73dc4099094') in 0.0006201 seconds [static and dynamic dependencies]. Details - ImportResultOutputID=53674bed9e5a73a8e968e4e5eadfcda4 DependenciesID=f962a2e2c0f94d744568c31f2482a7b0 StaticDependenciesID=965042899b08c564bb50d22047cc1ea9 
Number of updated asset objects reloaded before import = 0Number of asset objects unloaded after import = 0

========================================================================
Received Import Request.
  Time since last request: 0.934144 seconds.
  path: Assets/Environtment/environtment
  importAddress: Guid(a84b0ca246295594c9156e3cab38e72f) Importer(2089858483,b0f066a214c2f5e87bad3c948f4d605d)
Start importing Assets/Environtment/environtment using Guid(a84b0ca246295594c9156e3cab38e72f) Importer(2089858483,b0f066a214c2f5e87bad3c948f4d605d) (ScriptedImporter) -> (Import Result ID: '21be449f650ea7398b05d531e308ecd8') in 0.0022012 seconds [static and dynamic dependencies]. Details - ImportResultOutputID=aab61eb3a8e27aaa8000b8715dfc196a DependenciesID=3b3687ebd89eb9aa4253786463d85f1c StaticDependenciesID=25da7f75fe6b1525628e42674eef25f7 
Number of updated asset objects reloaded before import = 0Number of asset objects unloaded after import = 1

========================================================================
Received Import Request.
  Time since last request: 16.048624 seconds.
  path: Assets/Environtment/environtment/Office building
  importAddress: Guid(75c3ea4f9a69e7745a9383bbe53d483b) Importer(815301076,1909f56bfc062723c751e8b465ee728b)
Start importing Assets/Environtment/environtment/Office building using Guid(75c3ea4f9a69e7745a9383bbe53d483b) Importer(815301076,1909f56bfc062723c751e8b465ee728b) (PreviewImporter) -> (Import Result ID: '6b6ec3a2749a00bda5f60cef3ff333f0') in 0.0006531 seconds [static and dynamic dependencies]. Details - ImportResultOutputID=bbe126d81ea966af61b878f49f11ac47 DependenciesID=f975a9d151b18499f3529b69a2895e56 StaticDependenciesID=d14e8938b5344f098eaf373cf30b1dd2 
Number of updated asset objects reloaded before import = 0Number of asset objects unloaded after import = 0

========================================================================
Received Import Request.
  Time since last request: 0.934803 seconds.
  path: Assets/Environtment/environtment/Office building
  importAddress: Guid(75c3ea4f9a69e7745a9383bbe53d483b) Importer(2089858483,b0f066a214c2f5e87bad3c948f4d605d)
Start importing Assets/Environtment/environtment/Office building using Guid(75c3ea4f9a69e7745a9383bbe53d483b) Importer(2089858483,b0f066a214c2f5e87bad3c948f4d605d) (ScriptedImporter) -> (Import Result ID: '2d5f369f0e0b24718f6446518f838dfd') in 0.0030032 seconds [static and dynamic dependencies]. Details - ImportResultOutputID=3066cdbc801a9fa2f7c1661f32b8c580 DependenciesID=9be225081dfe01bfd86918a9142a149a StaticDependenciesID=282506ce1811a725ed910cef1a12a837 
Number of updated asset objects reloaded before import = 0Number of asset objects unloaded after import = 1

========================================================================
Received Import Request.
  Time since last request: 109.129353 seconds.
  path: Assets/Enviroment/environtment
  importAddress: Guid(a84b0ca246295594c9156e3cab38e72f) Importer(2089858483,b0f066a214c2f5e87bad3c948f4d605d)
Start importing Assets/Enviroment/environtment using Guid(a84b0ca246295594c9156e3cab38e72f) Importer(2089858483,b0f066a214c2f5e87bad3c948f4d605d) (ScriptedImporter) -> (Import Result ID: 'ba74be6755ee836e7db5730f466059be') in 0.0024382 seconds [static and dynamic dependencies]. Details - ImportResultOutputID=90bfd530c1ea903368d77f561a698e23 DependenciesID=abb39b2bf3af0790206244a6eae25ddf StaticDependenciesID=25da7f75fe6b1525628e42674eef25f7 
Number of updated asset objects reloaded before import = 0Number of asset objects unloaded after import = 1

========================================================================
Received Import Request.
  Time since last request: 0.000027 seconds.
  path: Assets/Enviroment/enviroment/Office building
  importAddress: Guid(75c3ea4f9a69e7745a9383bbe53d483b) Importer(2089858483,b0f066a214c2f5e87bad3c948f4d605d)
Start importing Assets/Enviroment/enviroment/Office building using Guid(75c3ea4f9a69e7745a9383bbe53d483b) Importer(2089858483,b0f066a214c2f5e87bad3c948f4d605d) (ScriptedImporter) -> (Import Result ID: '0427106dc56faf8b704f693a956bca96') in 0.0027753 seconds [static and dynamic dependencies]. Details - ImportResultOutputID=11af7eddf01ce78660dece8a34a89508 DependenciesID=76007f90a41e2809b8e59d7cd4ba4c16 StaticDependenciesID=282506ce1811a725ed910cef1a12a837 
Number of updated asset objects reloaded before import = 0Number of asset objects unloaded after import = 1

========================================================================
Received Import Request.
  Time since last request: 8.525008 seconds.
  path: Assets/Enviroment/enviroment
  importAddress: Guid(b688ec3b38d16874195c421d6ee1afc9) Importer(815301076,1909f56bfc062723c751e8b465ee728b)
Start importing Assets/Enviroment/enviroment using Guid(b688ec3b38d16874195c421d6ee1afc9) Importer(815301076,1909f56bfc062723c751e8b465ee728b) (PreviewImporter) -> (Import Result ID: 'ed10065a3ffe16f09ea7a5d317541816') in 0.0004724 seconds [static and dynamic dependencies]. Details - ImportResultOutputID=dd9643feeb73279bc33b9b8e7a983e67 DependenciesID=5fcef7ba5d174b0948785c28c47ae2b0 StaticDependenciesID=1a0719650616a5eae1e093954735a65a 
Number of updated asset objects reloaded before import = 0Number of asset objects unloaded after import = 0

========================================================================
Received Import Request.
  Time since last request: 14.579267 seconds.
  path: Assets/Enviroment
  importAddress: Guid(4e9db8d146088e54ea7a6638986ec073) Importer(815301076,1909f56bfc062723c751e8b465ee728b)
Start importing Assets/Enviroment using Guid(4e9db8d146088e54ea7a6638986ec073) Importer(815301076,1909f56bfc062723c751e8b465ee728b) (PreviewImporter) -> (Import Result ID: '3de0f29f3dc8567251ba981d9f635a96') in 0.0006461 seconds [static and dynamic dependencies]. Details - ImportResultOutputID=56edf777676eb8d693b8c63642384c56 DependenciesID=b25486f05d6421bf55fefdcb1b7bf001 StaticDependenciesID=d81677d1299a08385bb4bc49ae21c498 
Number of updated asset objects reloaded before import = 0Number of asset objects unloaded after import = 0

========================================================================
Received Import Request.
  Time since last request: 16.610387 seconds.
  path: Assets/Enviroment/enviroment/Office building/meshes
  importAddress: Guid(337ac63ea7dc6d54483d0b8d117dc2a5) Importer(815301076,1909f56bfc062723c751e8b465ee728b)
Start importing Assets/Enviroment/enviroment/Office building/meshes using Guid(337ac63ea7dc6d54483d0b8d117dc2a5) Importer(815301076,1909f56bfc062723c751e8b465ee728b) (PreviewImporter) -> (Import Result ID: 'af34096ba87eae094d9dee215bde1a99') in 0.0008314 seconds [static and dynamic dependencies]. Details - ImportResultOutputID=c8aa6b348d6e5cc486d1f0e28c555e10 DependenciesID=0df0a71e01afaeda3ee442e1aa159b52 StaticDependenciesID=c6cb1d67c1fe815fb09b548a6144cd73 
Number of updated asset objects reloaded before import = 0Number of asset objects unloaded after import = 0

========================================================================
Received Import Request.
  Time since last request: 0.938994 seconds.
  path: Assets/Enviroment/enviroment/Office building/meshes
  importAddress: Guid(337ac63ea7dc6d54483d0b8d117dc2a5) Importer(2089858483,b0f066a214c2f5e87bad3c948f4d605d)
Start importing Assets/Enviroment/enviroment/Office building/meshes using Guid(337ac63ea7dc6d54483d0b8d117dc2a5) Importer(2089858483,b0f066a214c2f5e87bad3c948f4d605d) (ScriptedImporter) -> (Import Result ID: '972ae934cbbc2ead36e4fc6387c0a560') in 0.0028689 seconds [static and dynamic dependencies]. Details - ImportResultOutputID=5fc2bddb98bf22904d3c4deb50068253 DependenciesID=ebfc544117b16356f28cab1be95e5fb3 StaticDependenciesID=a8d90d1c9e8ce383a6ff3df541523740 
Number of updated asset objects reloaded before import = 0Number of asset objects unloaded after import = 1

========================================================================
Received Import Request.
  Time since last request: 77.660981 seconds.
  path: Assets/Enviroment/enviroment/Office building/Materials
  importAddress: Guid(55fbc2bc57831b24cbcbc02a450d14f0) Importer(2089858483,b0f066a214c2f5e87bad3c948f4d605d)
Start importing Assets/Enviroment/enviroment/Office building/Materials using Guid(55fbc2bc57831b24cbcbc02a450d14f0) Importer(2089858483,b0f066a214c2f5e87bad3c948f4d605d) (ScriptedImporter) -> (Import Result ID: '2c3033d37be9c150d0779eb46f4604f0') in 0.0029564 seconds [static and dynamic dependencies]. Details - ImportResultOutputID=87f217920ee0b9c68995329fcb42dd25 DependenciesID=95669148199a0cfd2f3903659835ea2b StaticDependenciesID=b812906506cba6b58bb11e6118d071a8 
Number of updated asset objects reloaded before import = 0Number of asset objects unloaded after import = 1

========================================================================
Received Import Request.
  Time since last request: 2.322359 seconds.
  path: Assets/Enviroment/enviroment/Office building/Materials/Elevator.mat
  importAddress: Guid(0423a2f41f69daa4daada600792effe9) Importer(815301076,1909f56bfc062723c751e8b465ee728b)
Start importing Assets/Enviroment/enviroment/Office building/Materials/Elevator.mat using Guid(0423a2f41f69daa4daada600792effe9) Importer(815301076,1909f56bfc062723c751e8b465ee728b) (PreviewImporter) -> (Import Result ID: '3311b571aba9212d2d17ad5c4ef010a4') in 0.4234462 seconds [static and dynamic dependencies]. Details - ImportResultOutputID=4672156bf678ae0c615e25d5ae77336e DependenciesID=a3875c3b1de4fa8b81f2eb91729bf4ca StaticDependenciesID=c2f4d74d6955f049cadcc6fb0cfcba02 
Number of updated asset objects reloaded before import = 0Number of asset objects unloaded after import = 1

========================================================================
Received Import Request.
  Time since last request: 128.288156 seconds.
  path: Assets/Enviroment/enviroment/Office building/Materials/Elevator.mat
  importAddress: Guid(0423a2f41f69daa4daada600792effe9) Importer(815301076,1909f56bfc062723c751e8b465ee728b)
Start importing Assets/Enviroment/enviroment/Office building/Materials/Elevator.mat using Guid(0423a2f41f69daa4daada600792effe9) Importer(815301076,1909f56bfc062723c751e8b465ee728b) (PreviewImporter) -> (Import Result ID: 'f6ed41c041c821ad080207a8eb2ca78e') in 0.022935 seconds [static and dynamic dependencies]. Details - ImportResultOutputID=4672156bf678ae0c615e25d5ae77336e DependenciesID=953bb9a470b94eb5e4742b17c160997b StaticDependenciesID=19c68b9b2b943a31679fc64b0fede8b8 
Number of updated asset objects reloaded before import = 0Number of asset objects unloaded after import = 1

========================================================================
Received Import Request.
  Time since last request: 0.908529 seconds.
  path: Assets/Enviroment/enviroment/Office building/Materials/Elevator.mat
  importAddress: Guid(0423a2f41f69daa4daada600792effe9) Importer(2089858483,b0f066a214c2f5e87bad3c948f4d605d)
Start importing Assets/Enviroment/enviroment/Office building/Materials/Elevator.mat using Guid(0423a2f41f69daa4daada600792effe9) Importer(2089858483,b0f066a214c2f5e87bad3c948f4d605d) (ScriptedImporter) -> (Import Result ID: '6a987f6f09493e7c5f085b1bc44dceb4') in 0.0178683 seconds [static and dynamic dependencies]. Details - ImportResultOutputID=b39441c0b116f54c04a772dea8e1421f DependenciesID=96f884d4037a96723522c879e0d1dfb3 StaticDependenciesID=7a44efee33ed6a9d4b388291506c3e2e 
Number of updated asset objects reloaded before import = 0Number of asset objects unloaded after import = 1

========================================================================
Received Import Request.
  Time since last request: 123.558750 seconds.
  path: Assets/Project
  importAddress: Guid(53a35d675eacfc0458e53f030259cf0b) Importer(815301076,1909f56bfc062723c751e8b465ee728b)
Start importing Assets/Project using Guid(53a35d675eacfc0458e53f030259cf0b) Importer(815301076,1909f56bfc062723c751e8b465ee728b) (PreviewImporter) -> (Import Result ID: 'bfec1509769768b0fc44fa7a4a3e8607') in 0.0007906 seconds [static and dynamic dependencies]. Details - ImportResultOutputID=d45655b4d5db1307cce5f688215290eb DependenciesID=677b1975f80e69ad55e831ec7df90e12 StaticDependenciesID=389fc5deebae6c595e8a7fdc3f529b33 
Number of updated asset objects reloaded before import = 0Number of asset objects unloaded after import = 0

========================================================================
Received Import Request.
  Time since last request: 13.287597 seconds.
  path: Assets/Project/Prefabs
  importAddress: Guid(ca8506c5200d0574e929fc1fddaeea60) Importer(815301076,1909f56bfc062723c751e8b465ee728b)
Start importing Assets/Project/Prefabs using Guid(ca8506c5200d0574e929fc1fddaeea60) Importer(815301076,1909f56bfc062723c751e8b465ee728b) (PreviewImporter) -> (Import Result ID: '60d2911c7beb09874d1ec600059cf7e1') in 0.0004955 seconds [static and dynamic dependencies]. Details - ImportResultOutputID=8aa710c386310fda8b442275895e6ebe DependenciesID=9c29f546ccd8250e6f637e41503f411e StaticDependenciesID=5a5c3ef524e12115a8ea5d4451f77844 
Number of updated asset objects reloaded before import = 0Number of asset objects unloaded after import = 0

========================================================================
Received Import Request.
  Time since last request: 8.873435 seconds.
  path: Assets/Project/Prefabs/elevator cabin.prefab
  importAddress: Guid(c1189b4760f226d45a04de27c5968ec9) Importer(815301076,1909f56bfc062723c751e8b465ee728b)
Start importing Assets/Project/Prefabs/elevator cabin.prefab using Guid(c1189b4760f226d45a04de27c5968ec9) Importer(815301076,1909f56bfc062723c751e8b465ee728b) (PreviewImporter) -> (Import Result ID: '2b889d7a6fe69494918acdfff554492e') in 0.0254542 seconds [static and dynamic dependencies]. Details - ImportResultOutputID=eee4d27078780c2d7044f031e8843ec8 DependenciesID=6117c1f43dd197d01692937bcab8b9a9 StaticDependenciesID=beaaeba69caf2f59a8444f594ff3ef70 
Number of updated asset objects reloaded before import = 0Number of asset objects unloaded after import = 33

========================================================================
Received Import Request.
  Time since last request: 0.918250 seconds.
  path: Assets/Project/Prefabs/elevator cabin.prefab
  importAddress: Guid(c1189b4760f226d45a04de27c5968ec9) Importer(2089858483,b0f066a214c2f5e87bad3c948f4d605d)
Start importing Assets/Project/Prefabs/elevator cabin.prefab using Guid(c1189b4760f226d45a04de27c5968ec9) Importer(2089858483,b0f066a214c2f5e87bad3c948f4d605d) (ScriptedImporter) -> (Import Result ID: '13b27215a5befd9829f2bc59230e6acc') in 0.0304893 seconds [static and dynamic dependencies]. Details - ImportResultOutputID=b355c9810520bc4f7375c5e2eefe8e28 DependenciesID=9daceb8441f4baa99eeccd0e664160d3 StaticDependenciesID=4f4113b369ec8d5fb6aee021f99e11fb 
Number of updated asset objects reloaded before import = 0Number of asset objects unloaded after import = 32

========================================================================
Received Import Request.
  Time since last request: 758.645412 seconds.
  path: Assets/Project/Animation/ElevatorDoorAnimator.controller
  importAddress: Guid(dc70729e1ef495b4e8cb702d0aa15e9e) Importer(815301076,1909f56bfc062723c751e8b465ee728b)
Start importing Assets/Project/Animation/ElevatorDoorAnimator.controller using Guid(dc70729e1ef495b4e8cb702d0aa15e9e) Importer(815301076,1909f56bfc062723c751e8b465ee728b) (PreviewImporter) -> (Import Result ID: 'af616be37d98e1b9d289e82bf08180fb') in 0.0033936 seconds [static and dynamic dependencies]. Details - ImportResultOutputID=b40b73ab7464069cc02e816082ae3971 DependenciesID=699b2a8d4d43160a6fc7bb3f5ee315ab StaticDependenciesID=ed8aa993525a7b8dae7eae933115b4f1 
Number of updated asset objects reloaded before import = 0Number of asset objects unloaded after import = 1

========================================================================
Received Import Request.
  Time since last request: 0.925229 seconds.
  path: Assets/Project/Animation/ElevatorDoorAnimator.controller
  importAddress: Guid(dc70729e1ef495b4e8cb702d0aa15e9e) Importer(2089858483,b0f066a214c2f5e87bad3c948f4d605d)
Start importing Assets/Project/Animation/ElevatorDoorAnimator.controller using Guid(dc70729e1ef495b4e8cb702d0aa15e9e) Importer(2089858483,b0f066a214c2f5e87bad3c948f4d605d) (ScriptedImporter) -> (Import Result ID: 'd6c165e0358f924a8a6d60f0b75af824') in 0.0036421 seconds [static and dynamic dependencies]. Details - ImportResultOutputID=d90ea333df5cd5575983df80fcdfa777 DependenciesID=4a87ee81a16c159231faf8b9261b1c1c StaticDependenciesID=6623a8fbb8887316a50c1ba5fdd4fdec 
Number of updated asset objects reloaded before import = 0Number of asset objects unloaded after import = 1

========================================================================
Received Import Request.
  Time since last request: 208.515631 seconds.
  path: Assets/Project/Animation/Door_Opening.anim
  importAddress: Guid(794d995cb7cdb354fa3336c57d62ae27) Importer(2089858483,b0f066a214c2f5e87bad3c948f4d605d)
Start importing Assets/Project/Animation/Door_Opening.anim using Guid(794d995cb7cdb354fa3336c57d62ae27) Importer(2089858483,b0f066a214c2f5e87bad3c948f4d605d) (ScriptedImporter) -> (Import Result ID: 'e39aca69265b8c79258a7856000d3f3e') in 0.0123001 seconds [static and dynamic dependencies]. Details - ImportResultOutputID=2117a2112df9addc9dc798808848653f DependenciesID=076a5939681e115c568ed065f8cbc58a StaticDependenciesID=b80ee883b35f7291b996c2f0c83ed5a3 
Number of updated asset objects reloaded before import = 0Number of asset objects unloaded after import = 1

========================================================================
Received Import Request.
  Time since last request: 661.862542 seconds.
  path: Assets/Project/Animation/Door_Closed.anim
  importAddress: Guid(58843a05775d20842b50bca4d6e331aa) Importer(2089858483,b0f066a214c2f5e87bad3c948f4d605d)
Start importing Assets/Project/Animation/Door_Closed.anim using Guid(58843a05775d20842b50bca4d6e331aa) Importer(2089858483,b0f066a214c2f5e87bad3c948f4d605d) (ScriptedImporter) -> (Import Result ID: '0fa151ee4f25e2bdb879cab5742a70d3') in 0.0060835 seconds [static and dynamic dependencies]. Details - ImportResultOutputID=f2e7e21a2d4a37fec46a1d9cf21c7535 DependenciesID=2b2579a1c36c1567eb2cb5a4cb175861 StaticDependenciesID=3fdb5a9d9e2ec0c7d657a5aca21abf73 
Number of updated asset objects reloaded before import = 0Number of asset objects unloaded after import = 1

========================================================================
Received Prepare
Begin MonoManager ReloadAssembly
[Licensing::Client] Successfully resolved entitlement details
Assembly Assembly-CSharp-Editor-firstpass.dll at Library/ScriptAssemblies/Assembly-CSharp-Editor-firstpass.dll not valid. Loading of assembly skipped.
Assembly Assembly-CSharp-firstpass.dll at Library/ScriptAssemblies/Assembly-CSharp-firstpass.dll not valid. Loading of assembly skipped.
Assembly DocCodeExamples.dll at Library/ScriptAssemblies/DocCodeExamples.dll not valid. Loading of assembly skipped.
Assembly TestNewCustomAssembly.dll at Library/ScriptAssemblies/TestNewCustomAssembly.dll not valid. Loading of assembly skipped.
Assembly Unity.Collections.BurstCompatibilityGen.dll at Library/ScriptAssemblies/Unity.Collections.BurstCompatibilityGen.dll not valid. Loading of assembly skipped.
Assembly Unity.Collections.DocCodeSamples.dll at Library/ScriptAssemblies/Unity.Collections.DocCodeSamples.dll not valid. Loading of assembly skipped.
Assembly Unity.Collections.PerformanceTests.dll at Library/ScriptAssemblies/Unity.Collections.PerformanceTests.dll not valid. Loading of assembly skipped.
Assembly Unity.Collections.Tests.dll at Library/ScriptAssemblies/Unity.Collections.Tests.dll not valid. Loading of assembly skipped.
Assembly Unity.Collections.Tests.Playmode.dll at Library/ScriptAssemblies/Unity.Collections.Tests.Playmode.dll not valid. Loading of assembly skipped.
Assembly Unity.InputSystem.IntegrationTests.dll at Library/ScriptAssemblies/Unity.InputSystem.IntegrationTests.dll not valid. Loading of assembly skipped.
Assembly Unity.Mathematics.Tests.dll at Library/ScriptAssemblies/Unity.Mathematics.Tests.dll not valid. Loading of assembly skipped.
Assembly Unity.Multiplayer.Center.Editor.Tests.dll at Library/ScriptAssemblies/Unity.Multiplayer.Center.Editor.Tests.dll not valid. Loading of assembly skipped.
Assembly Unity.Multiplayer.Center.Tests.dll at Library/ScriptAssemblies/Unity.Multiplayer.Center.Tests.dll not valid. Loading of assembly skipped.
Assembly Unity.Nuget.Mono-Cecil.dll at Library/ScriptAssemblies/Unity.Nuget.Mono-Cecil.dll not valid. Loading of assembly skipped.
Assembly Unity.PathTracing.Editor.Tests.dll at Library/ScriptAssemblies/Unity.PathTracing.Editor.Tests.dll not valid. Loading of assembly skipped.
Assembly Unity.PathTracing.Runtime.Tests.dll at Library/ScriptAssemblies/Unity.PathTracing.Runtime.Tests.dll not valid. Loading of assembly skipped.
Assembly Unity.RenderPipelines.Core.Editor.Tests.dll at Library/ScriptAssemblies/Unity.RenderPipelines.Core.Editor.Tests.dll not valid. Loading of assembly skipped.
Assembly Unity.RenderPipelines.Core.Runtime.Tests.dll at Library/ScriptAssemblies/Unity.RenderPipelines.Core.Runtime.Tests.dll not valid. Loading of assembly skipped.
Assembly Unity.RenderPipelines.Universal.Config.Editor.Tests.dll at Library/ScriptAssemblies/Unity.RenderPipelines.Universal.Config.Editor.Tests.dll not valid. Loading of assembly skipped.
Assembly Unity.RenderPipelines.Universal.Editor.Tests.dll at Library/ScriptAssemblies/Unity.RenderPipelines.Universal.Editor.Tests.dll not valid. Loading of assembly skipped.
Assembly Unity.RenderPipelines.Universal.Runtime.Tests.dll at Library/ScriptAssemblies/Unity.RenderPipelines.Universal.Runtime.Tests.dll not valid. Loading of assembly skipped.
Assembly Unity.Searcher.EditorTests.dll at Library/ScriptAssemblies/Unity.Searcher.EditorTests.dll not valid. Loading of assembly skipped.
Assembly Unity.Settings.Tests.dll at Library/ScriptAssemblies/Unity.Settings.Tests.dll not valid. Loading of assembly skipped.
Assembly Unity.ShaderGraph.Editor.Tests.dll at Library/ScriptAssemblies/Unity.ShaderGraph.Editor.Tests.dll not valid. Loading of assembly skipped.
Assembly Unity.TextMeshPro.Editor.Tests.dll at Library/ScriptAssemblies/Unity.TextMeshPro.Editor.Tests.dll not valid. Loading of assembly skipped.
Assembly Unity.TextMeshPro.Tests.dll at Library/ScriptAssemblies/Unity.TextMeshPro.Tests.dll not valid. Loading of assembly skipped.
Assembly Unity.UnifiedRayTracing.Editor.Tests.dll at Library/ScriptAssemblies/Unity.UnifiedRayTracing.Editor.Tests.dll not valid. Loading of assembly skipped.
Assembly UnityEditor.UI.Common.Tests.dll at Library/ScriptAssemblies/UnityEditor.UI.Common.Tests.dll not valid. Loading of assembly skipped.
Assembly UnityEditor.UI.EditorTests.dll at Library/ScriptAssemblies/UnityEditor.UI.EditorTests.dll not valid. Loading of assembly skipped.
Assembly UnityEngine.UI.Tests.dll at Library/ScriptAssemblies/UnityEngine.UI.Tests.dll not valid. Loading of assembly skipped.
Native extension for WindowsStandalone target not found
Native extension for WebGL target not found
[Package Manager] Failed to launch server process. Reason: Unity was launched with the -noUpm command-line argument
[Package Manager] Unable to send message (not connected to server process).
[Package Manager] Cannot connect to Unity Package Manager local server
[Package Manager] Failed to launch server process. Reason: Unity was launched with the -noUpm command-line argument
[Package Manager] Unable to send message (not connected to server process).
[Package Manager] Cannot connect to Unity Package Manager local server
[Package Manager] Failed to launch server process. Reason: Unity was launched with the -noUpm command-line argument
[Package Manager] Unable to send message (not connected to server process).
[Package Manager] Cannot connect to Unity Package Manager local server
[MODES] ModeService[none].Initialize
[MODES] ModeService[none].LoadModes
ScheduleIndexationOnStartup MainProcess:False IndexOnStartup:True
Mono: successfully reloaded assembly
- Finished resetting the current domain, in  0.630 seconds
Domain Reload Profiling: 1467ms
	BeginReloadAssembly (309ms)
		DisableScriptedObjects (39ms)
		CreateAndSetChildDomain (86ms)
	RebuildCommonClasses (33ms)
	RebuildNativeTypeToScriptingClass (9ms)
	initialDomainReloadingComplete (47ms)
	LoadAllAssembliesAndSetupDomain (438ms)
		LoadAssemblies (352ms)
		AnalyzeDomain (179ms)
			TypeCache.Refresh (8ms)
			BuildScriptInfoCaches (157ms)
			ResolveRequiredComponents (10ms)
	FinalizeReload (630ms)
		SetupLoadedEditorAssemblies (0ms)
			BeforeProcessingInitializeOnLoad (125ms)
			ProcessInitializeOnLoadAttributes (195ms)
			ProcessInitializeOnLoadMethodAttributes (131ms)
			AfterProcessingInitializeOnLoad (4ms)
		AwakeInstancesAfterBackupRestoration (17ms)
Unloading 25 Unused Serialized files (Serialized files now loaded: 0)
Unloading 6504 unused Assets / (5.1 MB). Loaded Objects now: 7451.
Memory consumption went from 174.7 MB to 169.6 MB.
Total: 6.510100 ms (FindLiveObjects: 0.474000 ms CreateObjectMapping: 0.322600 ms MarkObjects: 4.011500 ms  DeleteObjects: 1.700700 ms)

Prepare: number of updated asset objects reloaded= 0
========================================================================
Received Import Request.
  Time since last request: 952.146275 seconds.
  path: Assets/Project/Prefabs/elevator cabin.prefab
  importAddress: Guid(c1189b4760f226d45a04de27c5968ec9) Importer(815301076,1909f56bfc062723c751e8b465ee728b)
Start importing Assets/Project/Prefabs/elevator cabin.prefab using Guid(c1189b4760f226d45a04de27c5968ec9) Importer(815301076,1909f56bfc062723c751e8b465ee728b) (PreviewImporter) -> (Import Result ID: 'd1bfc431ba579da1213d233a19d04443') in 0.3798282 seconds [static and dynamic dependencies]. Details - ImportResultOutputID=eee4d27078780c2d7044f031e8843ec8 DependenciesID=69447680620704f9046607594bbcf264 StaticDependenciesID=4ad7a74755824bb843484df3074fda72 
Number of updated asset objects reloaded before import = 0Number of asset objects unloaded after import = 34

========================================================================
Received Prepare
Begin MonoManager ReloadAssembly
[Licensing::Client] Successfully resolved entitlement details
Assembly Assembly-CSharp-Editor-firstpass.dll at Library/ScriptAssemblies/Assembly-CSharp-Editor-firstpass.dll not valid. Loading of assembly skipped.
Assembly Assembly-CSharp-firstpass.dll at Library/ScriptAssemblies/Assembly-CSharp-firstpass.dll not valid. Loading of assembly skipped.
Assembly DocCodeExamples.dll at Library/ScriptAssemblies/DocCodeExamples.dll not valid. Loading of assembly skipped.
Assembly TestNewCustomAssembly.dll at Library/ScriptAssemblies/TestNewCustomAssembly.dll not valid. Loading of assembly skipped.
Assembly Unity.Collections.BurstCompatibilityGen.dll at Library/ScriptAssemblies/Unity.Collections.BurstCompatibilityGen.dll not valid. Loading of assembly skipped.
Assembly Unity.Collections.DocCodeSamples.dll at Library/ScriptAssemblies/Unity.Collections.DocCodeSamples.dll not valid. Loading of assembly skipped.
Assembly Unity.Collections.PerformanceTests.dll at Library/ScriptAssemblies/Unity.Collections.PerformanceTests.dll not valid. Loading of assembly skipped.
Assembly Unity.Collections.Tests.dll at Library/ScriptAssemblies/Unity.Collections.Tests.dll not valid. Loading of assembly skipped.
Assembly Unity.Collections.Tests.Playmode.dll at Library/ScriptAssemblies/Unity.Collections.Tests.Playmode.dll not valid. Loading of assembly skipped.
Assembly Unity.InputSystem.IntegrationTests.dll at Library/ScriptAssemblies/Unity.InputSystem.IntegrationTests.dll not valid. Loading of assembly skipped.
Assembly Unity.Mathematics.Tests.dll at Library/ScriptAssemblies/Unity.Mathematics.Tests.dll not valid. Loading of assembly skipped.
Assembly Unity.Multiplayer.Center.Editor.Tests.dll at Library/ScriptAssemblies/Unity.Multiplayer.Center.Editor.Tests.dll not valid. Loading of assembly skipped.
Assembly Unity.Multiplayer.Center.Tests.dll at Library/ScriptAssemblies/Unity.Multiplayer.Center.Tests.dll not valid. Loading of assembly skipped.
Assembly Unity.Nuget.Mono-Cecil.dll at Library/ScriptAssemblies/Unity.Nuget.Mono-Cecil.dll not valid. Loading of assembly skipped.
Assembly Unity.PathTracing.Editor.Tests.dll at Library/ScriptAssemblies/Unity.PathTracing.Editor.Tests.dll not valid. Loading of assembly skipped.
Assembly Unity.PathTracing.Runtime.Tests.dll at Library/ScriptAssemblies/Unity.PathTracing.Runtime.Tests.dll not valid. Loading of assembly skipped.
Assembly Unity.RenderPipelines.Core.Editor.Tests.dll at Library/ScriptAssemblies/Unity.RenderPipelines.Core.Editor.Tests.dll not valid. Loading of assembly skipped.
Assembly Unity.RenderPipelines.Core.Runtime.Tests.dll at Library/ScriptAssemblies/Unity.RenderPipelines.Core.Runtime.Tests.dll not valid. Loading of assembly skipped.
Assembly Unity.RenderPipelines.Universal.Config.Editor.Tests.dll at Library/ScriptAssemblies/Unity.RenderPipelines.Universal.Config.Editor.Tests.dll not valid. Loading of assembly skipped.
Assembly Unity.RenderPipelines.Universal.Editor.Tests.dll at Library/ScriptAssemblies/Unity.RenderPipelines.Universal.Editor.Tests.dll not valid. Loading of assembly skipped.
Assembly Unity.RenderPipelines.Universal.Runtime.Tests.dll at Library/ScriptAssemblies/Unity.RenderPipelines.Universal.Runtime.Tests.dll not valid. Loading of assembly skipped.
Assembly Unity.Searcher.EditorTests.dll at Library/ScriptAssemblies/Unity.Searcher.EditorTests.dll not valid. Loading of assembly skipped.
Assembly Unity.Settings.Tests.dll at Library/ScriptAssemblies/Unity.Settings.Tests.dll not valid. Loading of assembly skipped.
Assembly Unity.ShaderGraph.Editor.Tests.dll at Library/ScriptAssemblies/Unity.ShaderGraph.Editor.Tests.dll not valid. Loading of assembly skipped.
Assembly Unity.TextMeshPro.Editor.Tests.dll at Library/ScriptAssemblies/Unity.TextMeshPro.Editor.Tests.dll not valid. Loading of assembly skipped.
Assembly Unity.TextMeshPro.Tests.dll at Library/ScriptAssemblies/Unity.TextMeshPro.Tests.dll not valid. Loading of assembly skipped.
Assembly Unity.UnifiedRayTracing.Editor.Tests.dll at Library/ScriptAssemblies/Unity.UnifiedRayTracing.Editor.Tests.dll not valid. Loading of assembly skipped.
Assembly UnityEditor.UI.Common.Tests.dll at Library/ScriptAssemblies/UnityEditor.UI.Common.Tests.dll not valid. Loading of assembly skipped.
Assembly UnityEditor.UI.EditorTests.dll at Library/ScriptAssemblies/UnityEditor.UI.EditorTests.dll not valid. Loading of assembly skipped.
Assembly UnityEngine.UI.Tests.dll at Library/ScriptAssemblies/UnityEngine.UI.Tests.dll not valid. Loading of assembly skipped.
Native extension for WindowsStandalone target not found
Native extension for WebGL target not found
[Package Manager] Failed to launch server process. Reason: Unity was launched with the -noUpm command-line argument
[Package Manager] Unable to send message (not connected to server process).
[Package Manager] Cannot connect to Unity Package Manager local server
[Package Manager] Failed to launch server process. Reason: Unity was launched with the -noUpm command-line argument
[Package Manager] Unable to send message (not connected to server process).
[Package Manager] Cannot connect to Unity Package Manager local server
[Package Manager] Failed to launch server process. Reason: Unity was launched with the -noUpm command-line argument
[Package Manager] Unable to send message (not connected to server process).
[Package Manager] Cannot connect to Unity Package Manager local server
[MODES] ModeService[none].Initialize
[MODES] ModeService[none].LoadModes
ScheduleIndexationOnStartup MainProcess:False IndexOnStartup:True
Mono: successfully reloaded assembly
- Finished resetting the current domain, in  0.501 seconds
Domain Reload Profiling: 1061ms
	BeginReloadAssembly (183ms)
		DisableScriptedObjects (17ms)
		CreateAndSetChildDomain (40ms)
	RebuildCommonClasses (29ms)
	RebuildNativeTypeToScriptingClass (10ms)
	initialDomainReloadingComplete (40ms)
	LoadAllAssembliesAndSetupDomain (299ms)
		LoadAssemblies (231ms)
		AnalyzeDomain (135ms)
			TypeCache.Refresh (6ms)
			BuildScriptInfoCaches (119ms)
			ResolveRequiredComponents (9ms)
	FinalizeReload (501ms)
		SetupLoadedEditorAssemblies (0ms)
			BeforeProcessingInitializeOnLoad (112ms)
			ProcessInitializeOnLoadAttributes (148ms)
			ProcessInitializeOnLoadMethodAttributes (93ms)
			AfterProcessingInitializeOnLoad (4ms)
		AwakeInstancesAfterBackupRestoration (12ms)
Unloading 25 Unused Serialized files (Serialized files now loaded: 0)
Unloading 6504 unused Assets / (5.3 MB). Loaded Objects now: 7473.
Memory consumption went from 174.8 MB to 169.5 MB.
Total: 6.702400 ms (FindLiveObjects: 0.456900 ms CreateObjectMapping: 0.317200 ms MarkObjects: 3.859500 ms  DeleteObjects: 2.067500 ms)

Prepare: number of updated asset objects reloaded= 0
========================================================================
Received Import Request.
  Time since last request: 2648.148288 seconds.
  path: Assets/Project/Prefabs/elevator cabin.prefab
  importAddress: Guid(c1189b4760f226d45a04de27c5968ec9) Importer(2089858483,b0f066a214c2f5e87bad3c948f4d605d)
Start importing Assets/Project/Prefabs/elevator cabin.prefab using Guid(c1189b4760f226d45a04de27c5968ec9) Importer(2089858483,b0f066a214c2f5e87bad3c948f4d605d) (ScriptedImporter) -> (Import Result ID: '183ef764a34842ff7d7a1909ba1fd1cc') in 0.1024794 seconds [static and dynamic dependencies]. Details - ImportResultOutputID=380a35024baea77cb738ff1eae2c5481 DependenciesID=1e59b05558ce86e27361423231cd222c StaticDependenciesID=c0da562ae860be6090145f99f50d1f15 
Number of updated asset objects reloaded before import = 0Number of asset objects unloaded after import = 35

========================================================================
Received Import Request.
  Time since last request: 255.732972 seconds.
  path: Assets/Project/Animation/Door_Opening.anim
  importAddress: Guid(794d995cb7cdb354fa3336c57d62ae27) Importer(815301076,1909f56bfc062723c751e8b465ee728b)
Start importing Assets/Project/Animation/Door_Opening.anim using Guid(794d995cb7cdb354fa3336c57d62ae27) Importer(815301076,1909f56bfc062723c751e8b465ee728b) (PreviewImporter) -> (Import Result ID: '03691a8e67032d0314651a2244f0c6ab') in 0.0137996 seconds [static and dynamic dependencies]. Details - ImportResultOutputID=9dfb678b7e72dfeeaa88e9a9f764a125 DependenciesID=582baa24d40a2d45b5bff3414db9ae39 StaticDependenciesID=2a09fd499ccba6872422475ee9ee9fc7 
Number of updated asset objects reloaded before import = 0Number of asset objects unloaded after import = 1

========================================================================
Received Import Request.
  Time since last request: 145.265018 seconds.
  path: Assets/Project/Prefabs/elevator cabin.prefab
  importAddress: Guid(c1189b4760f226d45a04de27c5968ec9) Importer(2089858483,b0f066a214c2f5e87bad3c948f4d605d)
Start importing Assets/Project/Prefabs/elevator cabin.prefab using Guid(c1189b4760f226d45a04de27c5968ec9) Importer(2089858483,b0f066a214c2f5e87bad3c948f4d605d) (ScriptedImporter) -> (Import Result ID: '886ac4a5f61c65d06da6f06ec7011ca4') in 0.0075767 seconds [static and dynamic dependencies]. Details - ImportResultOutputID=5e00388fca1a87d0b0632ed2e653dd1b DependenciesID=7350373da01120abb41e62f43e6225f6 StaticDependenciesID=596dff23e66759325a06685c6e427be9 
Number of updated asset objects reloaded before import = 0Number of asset objects unloaded after import = 37

========================================================================
Received Import Request.
  Time since last request: 11.043578 seconds.
  path: Assets/Project/Prefabs/elevator cabin.prefab
  importAddress: Guid(c1189b4760f226d45a04de27c5968ec9) Importer(2089858483,b0f066a214c2f5e87bad3c948f4d605d)
Start importing Assets/Project/Prefabs/elevator cabin.prefab using Guid(c1189b4760f226d45a04de27c5968ec9) Importer(2089858483,b0f066a214c2f5e87bad3c948f4d605d) (ScriptedImporter) -> (Import Result ID: '6b2e550effb7b168c16c4450efac5d61') in 0.0066469 seconds [static and dynamic dependencies]. Details - ImportResultOutputID=5982a6304930890c64eaa83c0e8bc74f DependenciesID=f67187d4c40b20777bd7cf96dedb335d StaticDependenciesID=e2e824b33474a4c439c4d0eca4d6e720 
Number of updated asset objects reloaded before import = 0Number of asset objects unloaded after import = 37

========================================================================
Received Import Request.
  Time since last request: 3.995857 seconds.
  path: Assets/Project/Prefabs/elevator cabin.prefab
  importAddress: Guid(c1189b4760f226d45a04de27c5968ec9) Importer(2089858483,b0f066a214c2f5e87bad3c948f4d605d)
Start importing Assets/Project/Prefabs/elevator cabin.prefab using Guid(c1189b4760f226d45a04de27c5968ec9) Importer(2089858483,b0f066a214c2f5e87bad3c948f4d605d) (ScriptedImporter) -> (Import Result ID: 'a12600077c27e3354f82db623abe5f2c') in 0.0064119 seconds [static and dynamic dependencies]. Details - ImportResultOutputID=e058c1516ee33e371cdfa14df20a31c6 DependenciesID=5e5f1d2d17400927ee794ac5f986d94d StaticDependenciesID=bef7023d67100d6f8abb689ba090f8b5 
Number of updated asset objects reloaded before import = 0Number of asset objects unloaded after import = 38

========================================================================
Received Import Request.
  Time since last request: 4.398775 seconds.
  path: Assets/Project/Prefabs/elevator cabin.prefab
  importAddress: Guid(c1189b4760f226d45a04de27c5968ec9) Importer(2089858483,b0f066a214c2f5e87bad3c948f4d605d)
Start importing Assets/Project/Prefabs/elevator cabin.prefab using Guid(c1189b4760f226d45a04de27c5968ec9) Importer(2089858483,b0f066a214c2f5e87bad3c948f4d605d) (ScriptedImporter) -> (Import Result ID: '0189b0a8a26b387f750d283774e17471') in 0.0086228 seconds [static and dynamic dependencies]. Details - ImportResultOutputID=1cc8ee54ab96d65ecc18b6377bee5e3d DependenciesID=c870ad7c688aa44b8dbdfb1e09d31cc4 StaticDependenciesID=fecf3daf445022ca29e49b96bd8f4604 
Number of updated asset objects reloaded before import = 0Number of asset objects unloaded after import = 38

========================================================================
Received Import Request.
  Time since last request: 49.764794 seconds.
  path: Assets/Project/Prefabs/elevator cabin.prefab
  importAddress: Guid(c1189b4760f226d45a04de27c5968ec9) Importer(2089858483,b0f066a214c2f5e87bad3c948f4d605d)
Start importing Assets/Project/Prefabs/elevator cabin.prefab using Guid(c1189b4760f226d45a04de27c5968ec9) Importer(2089858483,b0f066a214c2f5e87bad3c948f4d605d) (ScriptedImporter) -> (Import Result ID: '8fd958e78c0c4102dc8a815541aa9175') in 0.0061448 seconds [static and dynamic dependencies]. Details - ImportResultOutputID=e2a723867cbd6367da33ededce424d0e DependenciesID=ead017218f790ce4dd2c1c893c1bad7c StaticDependenciesID=0af4af47ede97ef28a25848314fe683f 
Number of updated asset objects reloaded before import = 0Number of asset objects unloaded after import = 38

========================================================================
Received Import Request.
  Time since last request: 1.769185 seconds.
  path: Assets/Project/Prefabs/elevator cabin.prefab
  importAddress: Guid(c1189b4760f226d45a04de27c5968ec9) Importer(2089858483,b0f066a214c2f5e87bad3c948f4d605d)
Start importing Assets/Project/Prefabs/elevator cabin.prefab using Guid(c1189b4760f226d45a04de27c5968ec9) Importer(2089858483,b0f066a214c2f5e87bad3c948f4d605d) (ScriptedImporter) -> (Import Result ID: '7c54fad7c5cb6621c2267436feda28a4') in 0.0052608 seconds [static and dynamic dependencies]. Details - ImportResultOutputID=e4daae2efec83a3da8bd9c79a125ba8e DependenciesID=f6b188d857e07020bfd6b2e6b41ccf63 StaticDependenciesID=68fbd42c3e38d8f282952a415d09265c 
Number of updated asset objects reloaded before import = 0Number of asset objects unloaded after import = 38

========================================================================
Received Import Request.
  Time since last request: 2.785938 seconds.
  path: Assets/Project/Prefabs/elevator cabin.prefab
  importAddress: Guid(c1189b4760f226d45a04de27c5968ec9) Importer(2089858483,b0f066a214c2f5e87bad3c948f4d605d)
Start importing Assets/Project/Prefabs/elevator cabin.prefab using Guid(c1189b4760f226d45a04de27c5968ec9) Importer(2089858483,b0f066a214c2f5e87bad3c948f4d605d) (ScriptedImporter) -> (Import Result ID: 'd917a09843eb77e24f078cbe6dcc0e83') in 0.0051529 seconds [static and dynamic dependencies]. Details - ImportResultOutputID=4dd83846220734e1112896c7c1d1cbc4 DependenciesID=305a014079222ac79aeeea74367dfa58 StaticDependenciesID=e4b0cc4853f6881e59f2cbb5eca01c35 
Number of updated asset objects reloaded before import = 0Number of asset objects unloaded after import = 38

========================================================================
Received Import Request.
  Time since last request: 2.179701 seconds.
  path: Assets/Project/Prefabs/elevator cabin.prefab
  importAddress: Guid(c1189b4760f226d45a04de27c5968ec9) Importer(2089858483,b0f066a214c2f5e87bad3c948f4d605d)
Start importing Assets/Project/Prefabs/elevator cabin.prefab using Guid(c1189b4760f226d45a04de27c5968ec9) Importer(2089858483,b0f066a214c2f5e87bad3c948f4d605d) (ScriptedImporter) -> (Import Result ID: '206b1e879be5f8a0aebb65619dc59f21') in 0.0057122 seconds [static and dynamic dependencies]. Details - ImportResultOutputID=ff653f6579ede0d248f238b821fb8aa5 DependenciesID=f992fd690df043c24d7de0586bec2f69 StaticDependenciesID=5b57fa8c9c0f20df32ec9aca03a78721 
Number of updated asset objects reloaded before import = 0Number of asset objects unloaded after import = 38

========================================================================
Received Import Request.
  Time since last request: 61.269582 seconds.
  path: Assets/Project/Prefabs/elevator cabin.prefab
  importAddress: Guid(c1189b4760f226d45a04de27c5968ec9) Importer(2089858483,b0f066a214c2f5e87bad3c948f4d605d)
Start importing Assets/Project/Prefabs/elevator cabin.prefab using Guid(c1189b4760f226d45a04de27c5968ec9) Importer(2089858483,b0f066a214c2f5e87bad3c948f4d605d) (ScriptedImporter) -> (Import Result ID: '5aa3786935a357d698f1c173a0874b62') in 0.0072225 seconds [static and dynamic dependencies]. Details - ImportResultOutputID=66dff14382a3c382540e1d2a7591d1c4 DependenciesID=b632a75b135d89938be9b895dbe55f18 StaticDependenciesID=d7e0d37274f38377da2326838266497c 
Number of updated asset objects reloaded before import = 0Number of asset objects unloaded after import = 38

========================================================================
Received Import Request.
  Time since last request: 9.246262 seconds.
  path: Assets/Project/Prefabs/elevator cabin.prefab
  importAddress: Guid(c1189b4760f226d45a04de27c5968ec9) Importer(2089858483,b0f066a214c2f5e87bad3c948f4d605d)
Start importing Assets/Project/Prefabs/elevator cabin.prefab using Guid(c1189b4760f226d45a04de27c5968ec9) Importer(2089858483,b0f066a214c2f5e87bad3c948f4d605d) (ScriptedImporter) -> (Import Result ID: '0326a1c7a620c02620bf65aede9b4590') in 0.0053891 seconds [static and dynamic dependencies]. Details - ImportResultOutputID=800fd3c7f76e8c9558b5e244e1482033 DependenciesID=29513d4217edef7f3916acf4fd110f3a StaticDependenciesID=6c3f43431b72c694819384030316c430 
Number of updated asset objects reloaded before import = 0Number of asset objects unloaded after import = 38

========================================================================
Received Import Request.
  Time since last request: 9.430694 seconds.
  path: Assets/Project/Prefabs/elevator cabin.prefab
  importAddress: Guid(c1189b4760f226d45a04de27c5968ec9) Importer(2089858483,b0f066a214c2f5e87bad3c948f4d605d)
Start importing Assets/Project/Prefabs/elevator cabin.prefab using Guid(c1189b4760f226d45a04de27c5968ec9) Importer(2089858483,b0f066a214c2f5e87bad3c948f4d605d) (ScriptedImporter) -> (Import Result ID: 'db3564539fdf401010c905e2244c216b') in 0.00551 seconds [static and dynamic dependencies]. Details - ImportResultOutputID=61c4fa9d95aad1eafbeb471d1fc01b57 DependenciesID=5b61b119af047b5ff83c0f78cca14022 StaticDependenciesID=83e18bcf61eb7c2f33c10397a9ab50c6 
Number of updated asset objects reloaded before import = 0Number of asset objects unloaded after import = 38

========================================================================
Received Import Request.
  Time since last request: 6.632788 seconds.
  path: Assets/Project/Prefabs/elevator cabin.prefab
  importAddress: Guid(c1189b4760f226d45a04de27c5968ec9) Importer(2089858483,b0f066a214c2f5e87bad3c948f4d605d)
Start importing Assets/Project/Prefabs/elevator cabin.prefab using Guid(c1189b4760f226d45a04de27c5968ec9) Importer(2089858483,b0f066a214c2f5e87bad3c948f4d605d) (ScriptedImporter) -> (Import Result ID: 'c9c4dd154f8b1ad3ec46fe87f0567034') in 0.0076677 seconds [static and dynamic dependencies]. Details - ImportResultOutputID=178a13651493d73e549285eaea0457b3 DependenciesID=dbba0ac4744987715f9cd8d4319d2116 StaticDependenciesID=18bc658c3ad2ac4cef9d2ed5b157eda2 
Number of updated asset objects reloaded before import = 0Number of asset objects unloaded after import = 38

========================================================================
Received Prepare
Begin MonoManager ReloadAssembly
[Licensing::Client] Successfully resolved entitlement details
Assembly Assembly-CSharp-Editor-firstpass.dll at Library/ScriptAssemblies/Assembly-CSharp-Editor-firstpass.dll not valid. Loading of assembly skipped.
Assembly Assembly-CSharp-firstpass.dll at Library/ScriptAssemblies/Assembly-CSharp-firstpass.dll not valid. Loading of assembly skipped.
Assembly DocCodeExamples.dll at Library/ScriptAssemblies/DocCodeExamples.dll not valid. Loading of assembly skipped.
Assembly TestNewCustomAssembly.dll at Library/ScriptAssemblies/TestNewCustomAssembly.dll not valid. Loading of assembly skipped.
Assembly Unity.Collections.BurstCompatibilityGen.dll at Library/ScriptAssemblies/Unity.Collections.BurstCompatibilityGen.dll not valid. Loading of assembly skipped.
Assembly Unity.Collections.DocCodeSamples.dll at Library/ScriptAssemblies/Unity.Collections.DocCodeSamples.dll not valid. Loading of assembly skipped.
Assembly Unity.Collections.PerformanceTests.dll at Library/ScriptAssemblies/Unity.Collections.PerformanceTests.dll not valid. Loading of assembly skipped.
Assembly Unity.Collections.Tests.dll at Library/ScriptAssemblies/Unity.Collections.Tests.dll not valid. Loading of assembly skipped.
Assembly Unity.Collections.Tests.Playmode.dll at Library/ScriptAssemblies/Unity.Collections.Tests.Playmode.dll not valid. Loading of assembly skipped.
Assembly Unity.InputSystem.IntegrationTests.dll at Library/ScriptAssemblies/Unity.InputSystem.IntegrationTests.dll not valid. Loading of assembly skipped.
Assembly Unity.Mathematics.Tests.dll at Library/ScriptAssemblies/Unity.Mathematics.Tests.dll not valid. Loading of assembly skipped.
Assembly Unity.Multiplayer.Center.Editor.Tests.dll at Library/ScriptAssemblies/Unity.Multiplayer.Center.Editor.Tests.dll not valid. Loading of assembly skipped.
Assembly Unity.Multiplayer.Center.Tests.dll at Library/ScriptAssemblies/Unity.Multiplayer.Center.Tests.dll not valid. Loading of assembly skipped.
Assembly Unity.Nuget.Mono-Cecil.dll at Library/ScriptAssemblies/Unity.Nuget.Mono-Cecil.dll not valid. Loading of assembly skipped.
Assembly Unity.PathTracing.Editor.Tests.dll at Library/ScriptAssemblies/Unity.PathTracing.Editor.Tests.dll not valid. Loading of assembly skipped.
Assembly Unity.PathTracing.Runtime.Tests.dll at Library/ScriptAssemblies/Unity.PathTracing.Runtime.Tests.dll not valid. Loading of assembly skipped.
Assembly Unity.RenderPipelines.Core.Editor.Tests.dll at Library/ScriptAssemblies/Unity.RenderPipelines.Core.Editor.Tests.dll not valid. Loading of assembly skipped.
Assembly Unity.RenderPipelines.Core.Runtime.Tests.dll at Library/ScriptAssemblies/Unity.RenderPipelines.Core.Runtime.Tests.dll not valid. Loading of assembly skipped.
Assembly Unity.RenderPipelines.Universal.Config.Editor.Tests.dll at Library/ScriptAssemblies/Unity.RenderPipelines.Universal.Config.Editor.Tests.dll not valid. Loading of assembly skipped.
Assembly Unity.RenderPipelines.Universal.Editor.Tests.dll at Library/ScriptAssemblies/Unity.RenderPipelines.Universal.Editor.Tests.dll not valid. Loading of assembly skipped.
Assembly Unity.RenderPipelines.Universal.Runtime.Tests.dll at Library/ScriptAssemblies/Unity.RenderPipelines.Universal.Runtime.Tests.dll not valid. Loading of assembly skipped.
Assembly Unity.Searcher.EditorTests.dll at Library/ScriptAssemblies/Unity.Searcher.EditorTests.dll not valid. Loading of assembly skipped.
Assembly Unity.Settings.Tests.dll at Library/ScriptAssemblies/Unity.Settings.Tests.dll not valid. Loading of assembly skipped.
Assembly Unity.ShaderGraph.Editor.Tests.dll at Library/ScriptAssemblies/Unity.ShaderGraph.Editor.Tests.dll not valid. Loading of assembly skipped.
Assembly Unity.TextMeshPro.Editor.Tests.dll at Library/ScriptAssemblies/Unity.TextMeshPro.Editor.Tests.dll not valid. Loading of assembly skipped.
Assembly Unity.TextMeshPro.Tests.dll at Library/ScriptAssemblies/Unity.TextMeshPro.Tests.dll not valid. Loading of assembly skipped.
Assembly Unity.UnifiedRayTracing.Editor.Tests.dll at Library/ScriptAssemblies/Unity.UnifiedRayTracing.Editor.Tests.dll not valid. Loading of assembly skipped.
Assembly UnityEditor.UI.Common.Tests.dll at Library/ScriptAssemblies/UnityEditor.UI.Common.Tests.dll not valid. Loading of assembly skipped.
Assembly UnityEditor.UI.EditorTests.dll at Library/ScriptAssemblies/UnityEditor.UI.EditorTests.dll not valid. Loading of assembly skipped.
Assembly UnityEngine.UI.Tests.dll at Library/ScriptAssemblies/UnityEngine.UI.Tests.dll not valid. Loading of assembly skipped.
Native extension for WindowsStandalone target not found
Native extension for WebGL target not found
[Package Manager] Failed to launch server process. Reason: Unity was launched with the -noUpm command-line argument
[Package Manager] Unable to send message (not connected to server process).
[Package Manager] Cannot connect to Unity Package Manager local server
[Package Manager] Failed to launch server process. Reason: Unity was launched with the -noUpm command-line argument
[Package Manager] Unable to send message (not connected to server process).
[Package Manager] Cannot connect to Unity Package Manager local server
[Package Manager] Failed to launch server process. Reason: Unity was launched with the -noUpm command-line argument
[Package Manager] Unable to send message (not connected to server process).
[Package Manager] Cannot connect to Unity Package Manager local server
[MODES] ModeService[none].Initialize
[MODES] ModeService[none].LoadModes
ScheduleIndexationOnStartup MainProcess:False IndexOnStartup:True
Mono: successfully reloaded assembly
- Finished resetting the current domain, in  0.517 seconds
Domain Reload Profiling: 1075ms
	BeginReloadAssembly (170ms)
		DisableScriptedObjects (4ms)
		CreateAndSetChildDomain (37ms)
	RebuildCommonClasses (28ms)
	RebuildNativeTypeToScriptingClass (10ms)
	initialDomainReloadingComplete (41ms)
	LoadAllAssembliesAndSetupDomain (309ms)
		LoadAssemblies (240ms)
		AnalyzeDomain (138ms)
			TypeCache.Refresh (5ms)
			BuildScriptInfoCaches (122ms)
			ResolveRequiredComponents (9ms)
	FinalizeReload (517ms)
		SetupLoadedEditorAssemblies (0ms)
			BeforeProcessingInitializeOnLoad (112ms)
			ProcessInitializeOnLoadAttributes (152ms)
			ProcessInitializeOnLoadMethodAttributes (100ms)
			AfterProcessingInitializeOnLoad (4ms)
		AwakeInstancesAfterBackupRestoration (18ms)
Unloading 25 Unused Serialized files (Serialized files now loaded: 0)
Unloading 6503 unused Assets / (5.5 MB). Loaded Objects now: 7475.
Memory consumption went from 174.7 MB to 169.1 MB.
Total: 8.548900 ms (FindLiveObjects: 0.465200 ms CreateObjectMapping: 0.532000 ms MarkObjects: 4.997000 ms  DeleteObjects: 2.552900 ms)

Prepare: number of updated asset objects reloaded= 0
========================================================================
Received Import Request.
  Time since last request: 236.255667 seconds.
  path: Assets/Project/Prefabs/elevator cabin.prefab
  importAddress: Guid(c1189b4760f226d45a04de27c5968ec9) Importer(815301076,1909f56bfc062723c751e8b465ee728b)
Start importing Assets/Project/Prefabs/elevator cabin.prefab using Guid(c1189b4760f226d45a04de27c5968ec9) Importer(815301076,1909f56bfc062723c751e8b465ee728b) (PreviewImporter)The Animator Controller (ElevatorDoorAnimator) you have used is not valid. Animations will not play
UnityEngine.Debug:ExtractStackTraceNoAlloc (byte*,int,string)
UnityEngine.StackTraceUtility:ExtractStackTrace ()
UnityEditor.EditorUtility:Internal_InstantiateRemoveAllNonAnimationComponentsSingle (UnityEngine.Object,UnityEngine.Vector3,UnityEngine.Quaternion)
UnityEditor.EditorUtility:InstantiateRemoveAllNonAnimationComponents (UnityEngine.Object,UnityEngine.Vector3,UnityEngine.Quaternion)
UnityEditor.EditorUtility:InstantiateForAnimatorPreview (UnityEngine.Object)
UnityEditor.GameObjectInspector/PreviewData:UpdateGameObject (UnityEngine.Object)
UnityEditor.GameObjectInspector/PreviewData:.ctor (UnityEngine.Object,bool)
UnityEditor.GameObjectInspector:GetPreviewData (bool)
UnityEditor.GameObjectInspector:RenderStaticPreview (string,UnityEngine.Object[],int,int)
UnityEditor.AssetPreviewUpdater:CreatePreview (UnityEngine.Object,UnityEngine.Object[],string,int,int)
UnityEditor.AssetPreviewUpdater:CreatePreviewForAsset (UnityEngine.Object,UnityEngine.Object[],string)

[C:\build\output\unity\unity\Modules\Animation\Director\AnimatorControllerPlayable.cpp line 332]

 -> (Import Result ID: '522a73d335aef0cfbb443be1aef92b87') in 0.4204199 seconds [static and dynamic dependencies]. Details - ImportResultOutputID=eee4d27078780c2d7044f031e8843ec8 DependenciesID=878779bdf6916ae2a8f593ff0ef7f564 StaticDependenciesID=01927cf454a016bfd3f029e64111239b 
Number of updated asset objects reloaded before import = 0Number of asset objects unloaded after import = 36

========================================================================
Received Prepare
Begin MonoManager ReloadAssembly
[Licensing::Client] Successfully resolved entitlement details
Assembly Assembly-CSharp-Editor-firstpass.dll at Library/ScriptAssemblies/Assembly-CSharp-Editor-firstpass.dll not valid. Loading of assembly skipped.
Assembly Assembly-CSharp-firstpass.dll at Library/ScriptAssemblies/Assembly-CSharp-firstpass.dll not valid. Loading of assembly skipped.
Assembly DocCodeExamples.dll at Library/ScriptAssemblies/DocCodeExamples.dll not valid. Loading of assembly skipped.
Assembly TestNewCustomAssembly.dll at Library/ScriptAssemblies/TestNewCustomAssembly.dll not valid. Loading of assembly skipped.
Assembly Unity.Collections.BurstCompatibilityGen.dll at Library/ScriptAssemblies/Unity.Collections.BurstCompatibilityGen.dll not valid. Loading of assembly skipped.
Assembly Unity.Collections.DocCodeSamples.dll at Library/ScriptAssemblies/Unity.Collections.DocCodeSamples.dll not valid. Loading of assembly skipped.
Assembly Unity.Collections.PerformanceTests.dll at Library/ScriptAssemblies/Unity.Collections.PerformanceTests.dll not valid. Loading of assembly skipped.
Assembly Unity.Collections.Tests.dll at Library/ScriptAssemblies/Unity.Collections.Tests.dll not valid. Loading of assembly skipped.
Assembly Unity.Collections.Tests.Playmode.dll at Library/ScriptAssemblies/Unity.Collections.Tests.Playmode.dll not valid. Loading of assembly skipped.
Assembly Unity.InputSystem.IntegrationTests.dll at Library/ScriptAssemblies/Unity.InputSystem.IntegrationTests.dll not valid. Loading of assembly skipped.
Assembly Unity.Mathematics.Tests.dll at Library/ScriptAssemblies/Unity.Mathematics.Tests.dll not valid. Loading of assembly skipped.
Assembly Unity.Multiplayer.Center.Editor.Tests.dll at Library/ScriptAssemblies/Unity.Multiplayer.Center.Editor.Tests.dll not valid. Loading of assembly skipped.
Assembly Unity.Multiplayer.Center.Tests.dll at Library/ScriptAssemblies/Unity.Multiplayer.Center.Tests.dll not valid. Loading of assembly skipped.
Assembly Unity.Nuget.Mono-Cecil.dll at Library/ScriptAssemblies/Unity.Nuget.Mono-Cecil.dll not valid. Loading of assembly skipped.
Assembly Unity.PathTracing.Editor.Tests.dll at Library/ScriptAssemblies/Unity.PathTracing.Editor.Tests.dll not valid. Loading of assembly skipped.
Assembly Unity.PathTracing.Runtime.Tests.dll at Library/ScriptAssemblies/Unity.PathTracing.Runtime.Tests.dll not valid. Loading of assembly skipped.
Assembly Unity.RenderPipelines.Core.Editor.Tests.dll at Library/ScriptAssemblies/Unity.RenderPipelines.Core.Editor.Tests.dll not valid. Loading of assembly skipped.
Assembly Unity.RenderPipelines.Core.Runtime.Tests.dll at Library/ScriptAssemblies/Unity.RenderPipelines.Core.Runtime.Tests.dll not valid. Loading of assembly skipped.
Assembly Unity.RenderPipelines.Universal.Config.Editor.Tests.dll at Library/ScriptAssemblies/Unity.RenderPipelines.Universal.Config.Editor.Tests.dll not valid. Loading of assembly skipped.
Assembly Unity.RenderPipelines.Universal.Editor.Tests.dll at Library/ScriptAssemblies/Unity.RenderPipelines.Universal.Editor.Tests.dll not valid. Loading of assembly skipped.
Assembly Unity.RenderPipelines.Universal.Runtime.Tests.dll at Library/ScriptAssemblies/Unity.RenderPipelines.Universal.Runtime.Tests.dll not valid. Loading of assembly skipped.
Assembly Unity.Searcher.EditorTests.dll at Library/ScriptAssemblies/Unity.Searcher.EditorTests.dll not valid. Loading of assembly skipped.
Assembly Unity.Settings.Tests.dll at Library/ScriptAssemblies/Unity.Settings.Tests.dll not valid. Loading of assembly skipped.
Assembly Unity.ShaderGraph.Editor.Tests.dll at Library/ScriptAssemblies/Unity.ShaderGraph.Editor.Tests.dll not valid. Loading of assembly skipped.
Assembly Unity.TextMeshPro.Editor.Tests.dll at Library/ScriptAssemblies/Unity.TextMeshPro.Editor.Tests.dll not valid. Loading of assembly skipped.
Assembly Unity.TextMeshPro.Tests.dll at Library/ScriptAssemblies/Unity.TextMeshPro.Tests.dll not valid. Loading of assembly skipped.
Assembly Unity.UnifiedRayTracing.Editor.Tests.dll at Library/ScriptAssemblies/Unity.UnifiedRayTracing.Editor.Tests.dll not valid. Loading of assembly skipped.
Assembly UnityEditor.UI.Common.Tests.dll at Library/ScriptAssemblies/UnityEditor.UI.Common.Tests.dll not valid. Loading of assembly skipped.
Assembly UnityEditor.UI.EditorTests.dll at Library/ScriptAssemblies/UnityEditor.UI.EditorTests.dll not valid. Loading of assembly skipped.
Assembly UnityEngine.UI.Tests.dll at Library/ScriptAssemblies/UnityEngine.UI.Tests.dll not valid. Loading of assembly skipped.
Native extension for WindowsStandalone target not found
Native extension for WebGL target not found
[Package Manager] Failed to launch server process. Reason: Unity was launched with the -noUpm command-line argument
[Package Manager] Unable to send message (not connected to server process).
[Package Manager] Cannot connect to Unity Package Manager local server
[Package Manager] Failed to launch server process. Reason: Unity was launched with the -noUpm command-line argument
[Package Manager] Unable to send message (not connected to server process).
[Package Manager] Cannot connect to Unity Package Manager local server
[Package Manager] Failed to launch server process. Reason: Unity was launched with the -noUpm command-line argument
[Package Manager] Unable to send message (not connected to server process).
[Package Manager] Cannot connect to Unity Package Manager local server
[MODES] ModeService[none].Initialize
[MODES] ModeService[none].LoadModes
ScheduleIndexationOnStartup MainProcess:False IndexOnStartup:True
Mono: successfully reloaded assembly
- Finished resetting the current domain, in  0.548 seconds
Domain Reload Profiling: 1110ms
	BeginReloadAssembly (186ms)
		DisableScriptedObjects (16ms)
		CreateAndSetChildDomain (38ms)
	RebuildCommonClasses (28ms)
	RebuildNativeTypeToScriptingClass (9ms)
	initialDomainReloadingComplete (38ms)
	LoadAllAssembliesAndSetupDomain (301ms)
		LoadAssemblies (231ms)
		AnalyzeDomain (141ms)
			TypeCache.Refresh (6ms)
			BuildScriptInfoCaches (125ms)
			ResolveRequiredComponents (9ms)
	FinalizeReload (548ms)
		SetupLoadedEditorAssemblies (0ms)
			BeforeProcessingInitializeOnLoad (118ms)
			ProcessInitializeOnLoadAttributes (164ms)
			ProcessInitializeOnLoadMethodAttributes (115ms)
			AfterProcessingInitializeOnLoad (5ms)
		AwakeInstancesAfterBackupRestoration (16ms)
Unloading 25 Unused Serialized files (Serialized files now loaded: 0)
Unloading 6504 unused Assets / (5.4 MB). Loaded Objects now: 7497.
Memory consumption went from 174.9 MB to 169.5 MB.
Total: 8.665800 ms (FindLiveObjects: 0.627400 ms CreateObjectMapping: 0.500200 ms MarkObjects: 4.787700 ms  DeleteObjects: 2.748600 ms)

Prepare: number of updated asset objects reloaded= 0
========================================================================
Received Prepare
Begin MonoManager ReloadAssembly
[Licensing::Client] Successfully resolved entitlement details
Assembly Assembly-CSharp-Editor-firstpass.dll at Library/ScriptAssemblies/Assembly-CSharp-Editor-firstpass.dll not valid. Loading of assembly skipped.
Assembly Assembly-CSharp-firstpass.dll at Library/ScriptAssemblies/Assembly-CSharp-firstpass.dll not valid. Loading of assembly skipped.
Assembly DocCodeExamples.dll at Library/ScriptAssemblies/DocCodeExamples.dll not valid. Loading of assembly skipped.
Assembly TestNewCustomAssembly.dll at Library/ScriptAssemblies/TestNewCustomAssembly.dll not valid. Loading of assembly skipped.
Assembly Unity.Collections.BurstCompatibilityGen.dll at Library/ScriptAssemblies/Unity.Collections.BurstCompatibilityGen.dll not valid. Loading of assembly skipped.
Assembly Unity.Collections.DocCodeSamples.dll at Library/ScriptAssemblies/Unity.Collections.DocCodeSamples.dll not valid. Loading of assembly skipped.
Assembly Unity.Collections.PerformanceTests.dll at Library/ScriptAssemblies/Unity.Collections.PerformanceTests.dll not valid. Loading of assembly skipped.
Assembly Unity.Collections.Tests.dll at Library/ScriptAssemblies/Unity.Collections.Tests.dll not valid. Loading of assembly skipped.
Assembly Unity.Collections.Tests.Playmode.dll at Library/ScriptAssemblies/Unity.Collections.Tests.Playmode.dll not valid. Loading of assembly skipped.
Assembly Unity.InputSystem.IntegrationTests.dll at Library/ScriptAssemblies/Unity.InputSystem.IntegrationTests.dll not valid. Loading of assembly skipped.
Assembly Unity.Mathematics.Tests.dll at Library/ScriptAssemblies/Unity.Mathematics.Tests.dll not valid. Loading of assembly skipped.
Assembly Unity.Multiplayer.Center.Editor.Tests.dll at Library/ScriptAssemblies/Unity.Multiplayer.Center.Editor.Tests.dll not valid. Loading of assembly skipped.
Assembly Unity.Multiplayer.Center.Tests.dll at Library/ScriptAssemblies/Unity.Multiplayer.Center.Tests.dll not valid. Loading of assembly skipped.
Assembly Unity.Nuget.Mono-Cecil.dll at Library/ScriptAssemblies/Unity.Nuget.Mono-Cecil.dll not valid. Loading of assembly skipped.
Assembly Unity.PathTracing.Editor.Tests.dll at Library/ScriptAssemblies/Unity.PathTracing.Editor.Tests.dll not valid. Loading of assembly skipped.
Assembly Unity.PathTracing.Runtime.Tests.dll at Library/ScriptAssemblies/Unity.PathTracing.Runtime.Tests.dll not valid. Loading of assembly skipped.
Assembly Unity.RenderPipelines.Core.Editor.Tests.dll at Library/ScriptAssemblies/Unity.RenderPipelines.Core.Editor.Tests.dll not valid. Loading of assembly skipped.
Assembly Unity.RenderPipelines.Core.Runtime.Tests.dll at Library/ScriptAssemblies/Unity.RenderPipelines.Core.Runtime.Tests.dll not valid. Loading of assembly skipped.
Assembly Unity.RenderPipelines.Universal.Config.Editor.Tests.dll at Library/ScriptAssemblies/Unity.RenderPipelines.Universal.Config.Editor.Tests.dll not valid. Loading of assembly skipped.
Assembly Unity.RenderPipelines.Universal.Editor.Tests.dll at Library/ScriptAssemblies/Unity.RenderPipelines.Universal.Editor.Tests.dll not valid. Loading of assembly skipped.
Assembly Unity.RenderPipelines.Universal.Runtime.Tests.dll at Library/ScriptAssemblies/Unity.RenderPipelines.Universal.Runtime.Tests.dll not valid. Loading of assembly skipped.
Assembly Unity.Searcher.EditorTests.dll at Library/ScriptAssemblies/Unity.Searcher.EditorTests.dll not valid. Loading of assembly skipped.
Assembly Unity.Settings.Tests.dll at Library/ScriptAssemblies/Unity.Settings.Tests.dll not valid. Loading of assembly skipped.
Assembly Unity.ShaderGraph.Editor.Tests.dll at Library/ScriptAssemblies/Unity.ShaderGraph.Editor.Tests.dll not valid. Loading of assembly skipped.
Assembly Unity.TextMeshPro.Editor.Tests.dll at Library/ScriptAssemblies/Unity.TextMeshPro.Editor.Tests.dll not valid. Loading of assembly skipped.
Assembly Unity.TextMeshPro.Tests.dll at Library/ScriptAssemblies/Unity.TextMeshPro.Tests.dll not valid. Loading of assembly skipped.
Assembly Unity.UnifiedRayTracing.Editor.Tests.dll at Library/ScriptAssemblies/Unity.UnifiedRayTracing.Editor.Tests.dll not valid. Loading of assembly skipped.
Assembly UnityEditor.UI.Common.Tests.dll at Library/ScriptAssemblies/UnityEditor.UI.Common.Tests.dll not valid. Loading of assembly skipped.
Assembly UnityEditor.UI.EditorTests.dll at Library/ScriptAssemblies/UnityEditor.UI.EditorTests.dll not valid. Loading of assembly skipped.
Assembly UnityEngine.UI.Tests.dll at Library/ScriptAssemblies/UnityEngine.UI.Tests.dll not valid. Loading of assembly skipped.
Native extension for WindowsStandalone target not found
Native extension for WebGL target not found
[Package Manager] Failed to launch server process. Reason: Unity was launched with the -noUpm command-line argument
[Package Manager] Unable to send message (not connected to server process).
[Package Manager] Cannot connect to Unity Package Manager local server
[Package Manager] Failed to launch server process. Reason: Unity was launched with the -noUpm command-line argument
[Package Manager] Unable to send message (not connected to server process).
[Package Manager] Cannot connect to Unity Package Manager local server
[Package Manager] Failed to launch server process. Reason: Unity was launched with the -noUpm command-line argument
[Package Manager] Unable to send message (not connected to server process).
[Package Manager] Cannot connect to Unity Package Manager local server
[MODES] ModeService[none].Initialize
[MODES] ModeService[none].LoadModes
ScheduleIndexationOnStartup MainProcess:False IndexOnStartup:True
Mono: successfully reloaded assembly
- Finished resetting the current domain, in  0.508 seconds
Domain Reload Profiling: 1057ms
	BeginReloadAssembly (171ms)
		DisableScriptedObjects (4ms)
		CreateAndSetChildDomain (33ms)
	RebuildCommonClasses (30ms)
	RebuildNativeTypeToScriptingClass (9ms)
	initialDomainReloadingComplete (37ms)
	LoadAllAssembliesAndSetupDomain (303ms)
		LoadAssemblies (236ms)
		AnalyzeDomain (137ms)
			TypeCache.Refresh (6ms)
			BuildScriptInfoCaches (119ms)
			ResolveRequiredComponents (10ms)
	FinalizeReload (508ms)
		SetupLoadedEditorAssemblies (0ms)
			BeforeProcessingInitializeOnLoad (108ms)
			ProcessInitializeOnLoadAttributes (152ms)
			ProcessInitializeOnLoadMethodAttributes (101ms)
			AfterProcessingInitializeOnLoad (4ms)
		AwakeInstancesAfterBackupRestoration (12ms)
Unloading 25 Unused Serialized files (Serialized files now loaded: 0)
Unloading 6503 unused Assets / (4.9 MB). Loaded Objects now: 7499.
Memory consumption went from 178.7 MB to 173.8 MB.
Total: 6.269400 ms (FindLiveObjects: 0.466400 ms CreateObjectMapping: 0.342600 ms MarkObjects: 3.731100 ms  DeleteObjects: 1.727600 ms)

Prepare: number of updated asset objects reloaded= 0
========================================================================
Received Prepare
Begin MonoManager ReloadAssembly
[Licensing::Client] Successfully resolved entitlement details
Assembly Assembly-CSharp-Editor-firstpass.dll at Library/ScriptAssemblies/Assembly-CSharp-Editor-firstpass.dll not valid. Loading of assembly skipped.
Assembly Assembly-CSharp-firstpass.dll at Library/ScriptAssemblies/Assembly-CSharp-firstpass.dll not valid. Loading of assembly skipped.
Assembly DocCodeExamples.dll at Library/ScriptAssemblies/DocCodeExamples.dll not valid. Loading of assembly skipped.
Assembly TestNewCustomAssembly.dll at Library/ScriptAssemblies/TestNewCustomAssembly.dll not valid. Loading of assembly skipped.
Assembly Unity.Collections.BurstCompatibilityGen.dll at Library/ScriptAssemblies/Unity.Collections.BurstCompatibilityGen.dll not valid. Loading of assembly skipped.
Assembly Unity.Collections.DocCodeSamples.dll at Library/ScriptAssemblies/Unity.Collections.DocCodeSamples.dll not valid. Loading of assembly skipped.
Assembly Unity.Collections.PerformanceTests.dll at Library/ScriptAssemblies/Unity.Collections.PerformanceTests.dll not valid. Loading of assembly skipped.
Assembly Unity.Collections.Tests.dll at Library/ScriptAssemblies/Unity.Collections.Tests.dll not valid. Loading of assembly skipped.
Assembly Unity.Collections.Tests.Playmode.dll at Library/ScriptAssemblies/Unity.Collections.Tests.Playmode.dll not valid. Loading of assembly skipped.
Assembly Unity.InputSystem.IntegrationTests.dll at Library/ScriptAssemblies/Unity.InputSystem.IntegrationTests.dll not valid. Loading of assembly skipped.
Assembly Unity.Mathematics.Tests.dll at Library/ScriptAssemblies/Unity.Mathematics.Tests.dll not valid. Loading of assembly skipped.
Assembly Unity.Multiplayer.Center.Editor.Tests.dll at Library/ScriptAssemblies/Unity.Multiplayer.Center.Editor.Tests.dll not valid. Loading of assembly skipped.
Assembly Unity.Multiplayer.Center.Tests.dll at Library/ScriptAssemblies/Unity.Multiplayer.Center.Tests.dll not valid. Loading of assembly skipped.
Assembly Unity.Nuget.Mono-Cecil.dll at Library/ScriptAssemblies/Unity.Nuget.Mono-Cecil.dll not valid. Loading of assembly skipped.
Assembly Unity.PathTracing.Editor.Tests.dll at Library/ScriptAssemblies/Unity.PathTracing.Editor.Tests.dll not valid. Loading of assembly skipped.
Assembly Unity.PathTracing.Runtime.Tests.dll at Library/ScriptAssemblies/Unity.PathTracing.Runtime.Tests.dll not valid. Loading of assembly skipped.
Assembly Unity.RenderPipelines.Core.Editor.Tests.dll at Library/ScriptAssemblies/Unity.RenderPipelines.Core.Editor.Tests.dll not valid. Loading of assembly skipped.
Assembly Unity.RenderPipelines.Core.Runtime.Tests.dll at Library/ScriptAssemblies/Unity.RenderPipelines.Core.Runtime.Tests.dll not valid. Loading of assembly skipped.
Assembly Unity.RenderPipelines.Universal.Config.Editor.Tests.dll at Library/ScriptAssemblies/Unity.RenderPipelines.Universal.Config.Editor.Tests.dll not valid. Loading of assembly skipped.
Assembly Unity.RenderPipelines.Universal.Editor.Tests.dll at Library/ScriptAssemblies/Unity.RenderPipelines.Universal.Editor.Tests.dll not valid. Loading of assembly skipped.
Assembly Unity.RenderPipelines.Universal.Runtime.Tests.dll at Library/ScriptAssemblies/Unity.RenderPipelines.Universal.Runtime.Tests.dll not valid. Loading of assembly skipped.
Assembly Unity.Searcher.EditorTests.dll at Library/ScriptAssemblies/Unity.Searcher.EditorTests.dll not valid. Loading of assembly skipped.
Assembly Unity.Settings.Tests.dll at Library/ScriptAssemblies/Unity.Settings.Tests.dll not valid. Loading of assembly skipped.
Assembly Unity.ShaderGraph.Editor.Tests.dll at Library/ScriptAssemblies/Unity.ShaderGraph.Editor.Tests.dll not valid. Loading of assembly skipped.
Assembly Unity.TextMeshPro.Editor.Tests.dll at Library/ScriptAssemblies/Unity.TextMeshPro.Editor.Tests.dll not valid. Loading of assembly skipped.
Assembly Unity.TextMeshPro.Tests.dll at Library/ScriptAssemblies/Unity.TextMeshPro.Tests.dll not valid. Loading of assembly skipped.
Assembly Unity.UnifiedRayTracing.Editor.Tests.dll at Library/ScriptAssemblies/Unity.UnifiedRayTracing.Editor.Tests.dll not valid. Loading of assembly skipped.
Assembly UnityEditor.UI.Common.Tests.dll at Library/ScriptAssemblies/UnityEditor.UI.Common.Tests.dll not valid. Loading of assembly skipped.
Assembly UnityEditor.UI.EditorTests.dll at Library/ScriptAssemblies/UnityEditor.UI.EditorTests.dll not valid. Loading of assembly skipped.
Assembly UnityEngine.UI.Tests.dll at Library/ScriptAssemblies/UnityEngine.UI.Tests.dll not valid. Loading of assembly skipped.
Native extension for WindowsStandalone target not found
Native extension for WebGL target not found
[Package Manager] Failed to launch server process. Reason: Unity was launched with the -noUpm command-line argument
[Package Manager] Unable to send message (not connected to server process).
[Package Manager] Cannot connect to Unity Package Manager local server
[Package Manager] Failed to launch server process. Reason: Unity was launched with the -noUpm command-line argument
[Package Manager] Unable to send message (not connected to server process).
[Package Manager] Cannot connect to Unity Package Manager local server
[Package Manager] Failed to launch server process. Reason: Unity was launched with the -noUpm command-line argument
[Package Manager] Unable to send message (not connected to server process).
[Package Manager] Cannot connect to Unity Package Manager local server
[MODES] ModeService[none].Initialize
[MODES] ModeService[none].LoadModes
ScheduleIndexationOnStartup MainProcess:False IndexOnStartup:True
Mono: successfully reloaded assembly
- Finished resetting the current domain, in  0.504 seconds
Domain Reload Profiling: 1047ms
	BeginReloadAssembly (171ms)
		DisableScriptedObjects (6ms)
		CreateAndSetChildDomain (33ms)
	RebuildCommonClasses (29ms)
	RebuildNativeTypeToScriptingClass (9ms)
	initialDomainReloadingComplete (36ms)
	LoadAllAssembliesAndSetupDomain (298ms)
		LoadAssemblies (233ms)
		AnalyzeDomain (136ms)
			TypeCache.Refresh (6ms)
			BuildScriptInfoCaches (119ms)
			ResolveRequiredComponents (9ms)
	FinalizeReload (504ms)
		SetupLoadedEditorAssemblies (0ms)
			BeforeProcessingInitializeOnLoad (111ms)
			ProcessInitializeOnLoadAttributes (151ms)
			ProcessInitializeOnLoadMethodAttributes (92ms)
			AfterProcessingInitializeOnLoad (4ms)
		AwakeInstancesAfterBackupRestoration (12ms)
Unloading 25 Unused Serialized files (Serialized files now loaded: 0)
Unloading 6503 unused Assets / (5.0 MB). Loaded Objects now: 7501.
Memory consumption went from 182.7 MB to 177.7 MB.
Total: 6.895700 ms (FindLiveObjects: 0.514300 ms CreateObjectMapping: 0.326800 ms MarkObjects: 4.050800 ms  DeleteObjects: 2.002500 ms)

Prepare: number of updated asset objects reloaded= 0
========================================================================
Received Import Request.
  Time since last request: 817.917015 seconds.
  path: Assets/Project/Animation/Door_Closed.anim
  importAddress: Guid(58843a05775d20842b50bca4d6e331aa) Importer(815301076,1909f56bfc062723c751e8b465ee728b)
Start importing Assets/Project/Animation/Door_Closed.anim using Guid(58843a05775d20842b50bca4d6e331aa) Importer(815301076,1909f56bfc062723c751e8b465ee728b) (PreviewImporter) -> (Import Result ID: '8904ba48b1a286b0a8f193d0541fac65') in 0.0477618 seconds [static and dynamic dependencies]. Details - ImportResultOutputID=0450f89eeb4666b1154df2979f28457a DependenciesID=2c75a9e68870d45d196bc2471b9b11cd StaticDependenciesID=edeba327b8619d15fc44a7a66310915f 
Number of updated asset objects reloaded before import = 0Number of asset objects unloaded after import = 1

========================================================================
Received Prepare
Begin MonoManager ReloadAssembly
[Licensing::Client] Successfully resolved entitlement details
Assembly Assembly-CSharp-Editor-firstpass.dll at Library/ScriptAssemblies/Assembly-CSharp-Editor-firstpass.dll not valid. Loading of assembly skipped.
Assembly Assembly-CSharp-firstpass.dll at Library/ScriptAssemblies/Assembly-CSharp-firstpass.dll not valid. Loading of assembly skipped.
Assembly DocCodeExamples.dll at Library/ScriptAssemblies/DocCodeExamples.dll not valid. Loading of assembly skipped.
Assembly TestNewCustomAssembly.dll at Library/ScriptAssemblies/TestNewCustomAssembly.dll not valid. Loading of assembly skipped.
Assembly Unity.Collections.BurstCompatibilityGen.dll at Library/ScriptAssemblies/Unity.Collections.BurstCompatibilityGen.dll not valid. Loading of assembly skipped.
Assembly Unity.Collections.DocCodeSamples.dll at Library/ScriptAssemblies/Unity.Collections.DocCodeSamples.dll not valid. Loading of assembly skipped.
Assembly Unity.Collections.PerformanceTests.dll at Library/ScriptAssemblies/Unity.Collections.PerformanceTests.dll not valid. Loading of assembly skipped.
Assembly Unity.Collections.Tests.dll at Library/ScriptAssemblies/Unity.Collections.Tests.dll not valid. Loading of assembly skipped.
Assembly Unity.Collections.Tests.Playmode.dll at Library/ScriptAssemblies/Unity.Collections.Tests.Playmode.dll not valid. Loading of assembly skipped.
Assembly Unity.InputSystem.IntegrationTests.dll at Library/ScriptAssemblies/Unity.InputSystem.IntegrationTests.dll not valid. Loading of assembly skipped.
Assembly Unity.Mathematics.Tests.dll at Library/ScriptAssemblies/Unity.Mathematics.Tests.dll not valid. Loading of assembly skipped.
Assembly Unity.Multiplayer.Center.Editor.Tests.dll at Library/ScriptAssemblies/Unity.Multiplayer.Center.Editor.Tests.dll not valid. Loading of assembly skipped.
Assembly Unity.Multiplayer.Center.Tests.dll at Library/ScriptAssemblies/Unity.Multiplayer.Center.Tests.dll not valid. Loading of assembly skipped.
Assembly Unity.Nuget.Mono-Cecil.dll at Library/ScriptAssemblies/Unity.Nuget.Mono-Cecil.dll not valid. Loading of assembly skipped.
Assembly Unity.PathTracing.Editor.Tests.dll at Library/ScriptAssemblies/Unity.PathTracing.Editor.Tests.dll not valid. Loading of assembly skipped.
Assembly Unity.PathTracing.Runtime.Tests.dll at Library/ScriptAssemblies/Unity.PathTracing.Runtime.Tests.dll not valid. Loading of assembly skipped.
Assembly Unity.RenderPipelines.Core.Editor.Tests.dll at Library/ScriptAssemblies/Unity.RenderPipelines.Core.Editor.Tests.dll not valid. Loading of assembly skipped.
Assembly Unity.RenderPipelines.Core.Runtime.Tests.dll at Library/ScriptAssemblies/Unity.RenderPipelines.Core.Runtime.Tests.dll not valid. Loading of assembly skipped.
Assembly Unity.RenderPipelines.Universal.Config.Editor.Tests.dll at Library/ScriptAssemblies/Unity.RenderPipelines.Universal.Config.Editor.Tests.dll not valid. Loading of assembly skipped.
Assembly Unity.RenderPipelines.Universal.Editor.Tests.dll at Library/ScriptAssemblies/Unity.RenderPipelines.Universal.Editor.Tests.dll not valid. Loading of assembly skipped.
Assembly Unity.RenderPipelines.Universal.Runtime.Tests.dll at Library/ScriptAssemblies/Unity.RenderPipelines.Universal.Runtime.Tests.dll not valid. Loading of assembly skipped.
Assembly Unity.Searcher.EditorTests.dll at Library/ScriptAssemblies/Unity.Searcher.EditorTests.dll not valid. Loading of assembly skipped.
Assembly Unity.Settings.Tests.dll at Library/ScriptAssemblies/Unity.Settings.Tests.dll not valid. Loading of assembly skipped.
Assembly Unity.ShaderGraph.Editor.Tests.dll at Library/ScriptAssemblies/Unity.ShaderGraph.Editor.Tests.dll not valid. Loading of assembly skipped.
Assembly Unity.TextMeshPro.Editor.Tests.dll at Library/ScriptAssemblies/Unity.TextMeshPro.Editor.Tests.dll not valid. Loading of assembly skipped.
Assembly Unity.TextMeshPro.Tests.dll at Library/ScriptAssemblies/Unity.TextMeshPro.Tests.dll not valid. Loading of assembly skipped.
Assembly Unity.UnifiedRayTracing.Editor.Tests.dll at Library/ScriptAssemblies/Unity.UnifiedRayTracing.Editor.Tests.dll not valid. Loading of assembly skipped.
Assembly UnityEditor.UI.Common.Tests.dll at Library/ScriptAssemblies/UnityEditor.UI.Common.Tests.dll not valid. Loading of assembly skipped.
Assembly UnityEditor.UI.EditorTests.dll at Library/ScriptAssemblies/UnityEditor.UI.EditorTests.dll not valid. Loading of assembly skipped.
Assembly UnityEngine.UI.Tests.dll at Library/ScriptAssemblies/UnityEngine.UI.Tests.dll not valid. Loading of assembly skipped.
Native extension for WindowsStandalone target not found
Native extension for WebGL target not found
[Package Manager] Failed to launch server process. Reason: Unity was launched with the -noUpm command-line argument
[Package Manager] Unable to send message (not connected to server process).
[Package Manager] Cannot connect to Unity Package Manager local server
[Package Manager] Failed to launch server process. Reason: Unity was launched with the -noUpm command-line argument
[Package Manager] Unable to send message (not connected to server process).
[Package Manager] Cannot connect to Unity Package Manager local server
[Package Manager] Failed to launch server process. Reason: Unity was launched with the -noUpm command-line argument
[Package Manager] Unable to send message (not connected to server process).
[Package Manager] Cannot connect to Unity Package Manager local server
[MODES] ModeService[none].Initialize
[MODES] ModeService[none].LoadModes
ScheduleIndexationOnStartup MainProcess:False IndexOnStartup:True
Mono: successfully reloaded assembly
- Finished resetting the current domain, in  0.557 seconds
Domain Reload Profiling: 1110ms
	BeginReloadAssembly (163ms)
		DisableScriptedObjects (4ms)
		CreateAndSetChildDomain (32ms)
	RebuildCommonClasses (30ms)
	RebuildNativeTypeToScriptingClass (9ms)
	initialDomainReloadingComplete (39ms)
	LoadAllAssembliesAndSetupDomain (312ms)
		LoadAssemblies (239ms)
		AnalyzeDomain (142ms)
			TypeCache.Refresh (7ms)
			BuildScriptInfoCaches (125ms)
			ResolveRequiredComponents (9ms)
	FinalizeReload (557ms)
		SetupLoadedEditorAssemblies (0ms)
			BeforeProcessingInitializeOnLoad (107ms)
			ProcessInitializeOnLoadAttributes (178ms)
			ProcessInitializeOnLoadMethodAttributes (121ms)
			AfterProcessingInitializeOnLoad (5ms)
		AwakeInstancesAfterBackupRestoration (13ms)
Unloading 25 Unused Serialized files (Serialized files now loaded: 0)
Unloading 6503 unused Assets / (4.8 MB). Loaded Objects now: 7503.
Memory consumption went from 174.9 MB to 170.1 MB.
Total: 6.678400 ms (FindLiveObjects: 0.480200 ms CreateObjectMapping: 0.416600 ms MarkObjects: 3.699300 ms  DeleteObjects: 2.081100 ms)

Prepare: number of updated asset objects reloaded= 0
========================================================================
Received Prepare
Begin MonoManager ReloadAssembly
[Licensing::Client] Successfully resolved entitlement details
Assembly Assembly-CSharp-Editor-firstpass.dll at Library/ScriptAssemblies/Assembly-CSharp-Editor-firstpass.dll not valid. Loading of assembly skipped.
Assembly Assembly-CSharp-firstpass.dll at Library/ScriptAssemblies/Assembly-CSharp-firstpass.dll not valid. Loading of assembly skipped.
Assembly DocCodeExamples.dll at Library/ScriptAssemblies/DocCodeExamples.dll not valid. Loading of assembly skipped.
Assembly TestNewCustomAssembly.dll at Library/ScriptAssemblies/TestNewCustomAssembly.dll not valid. Loading of assembly skipped.
Assembly Unity.Collections.BurstCompatibilityGen.dll at Library/ScriptAssemblies/Unity.Collections.BurstCompatibilityGen.dll not valid. Loading of assembly skipped.
Assembly Unity.Collections.DocCodeSamples.dll at Library/ScriptAssemblies/Unity.Collections.DocCodeSamples.dll not valid. Loading of assembly skipped.
Assembly Unity.Collections.PerformanceTests.dll at Library/ScriptAssemblies/Unity.Collections.PerformanceTests.dll not valid. Loading of assembly skipped.
Assembly Unity.Collections.Tests.dll at Library/ScriptAssemblies/Unity.Collections.Tests.dll not valid. Loading of assembly skipped.
Assembly Unity.Collections.Tests.Playmode.dll at Library/ScriptAssemblies/Unity.Collections.Tests.Playmode.dll not valid. Loading of assembly skipped.
Assembly Unity.InputSystem.IntegrationTests.dll at Library/ScriptAssemblies/Unity.InputSystem.IntegrationTests.dll not valid. Loading of assembly skipped.
Assembly Unity.Mathematics.Tests.dll at Library/ScriptAssemblies/Unity.Mathematics.Tests.dll not valid. Loading of assembly skipped.
Assembly Unity.Multiplayer.Center.Editor.Tests.dll at Library/ScriptAssemblies/Unity.Multiplayer.Center.Editor.Tests.dll not valid. Loading of assembly skipped.
Assembly Unity.Multiplayer.Center.Tests.dll at Library/ScriptAssemblies/Unity.Multiplayer.Center.Tests.dll not valid. Loading of assembly skipped.
Assembly Unity.Nuget.Mono-Cecil.dll at Library/ScriptAssemblies/Unity.Nuget.Mono-Cecil.dll not valid. Loading of assembly skipped.
Assembly Unity.PathTracing.Editor.Tests.dll at Library/ScriptAssemblies/Unity.PathTracing.Editor.Tests.dll not valid. Loading of assembly skipped.
Assembly Unity.PathTracing.Runtime.Tests.dll at Library/ScriptAssemblies/Unity.PathTracing.Runtime.Tests.dll not valid. Loading of assembly skipped.
Assembly Unity.RenderPipelines.Core.Editor.Tests.dll at Library/ScriptAssemblies/Unity.RenderPipelines.Core.Editor.Tests.dll not valid. Loading of assembly skipped.
Assembly Unity.RenderPipelines.Core.Runtime.Tests.dll at Library/ScriptAssemblies/Unity.RenderPipelines.Core.Runtime.Tests.dll not valid. Loading of assembly skipped.
Assembly Unity.RenderPipelines.Universal.Config.Editor.Tests.dll at Library/ScriptAssemblies/Unity.RenderPipelines.Universal.Config.Editor.Tests.dll not valid. Loading of assembly skipped.
Assembly Unity.RenderPipelines.Universal.Editor.Tests.dll at Library/ScriptAssemblies/Unity.RenderPipelines.Universal.Editor.Tests.dll not valid. Loading of assembly skipped.
Assembly Unity.RenderPipelines.Universal.Runtime.Tests.dll at Library/ScriptAssemblies/Unity.RenderPipelines.Universal.Runtime.Tests.dll not valid. Loading of assembly skipped.
Assembly Unity.Searcher.EditorTests.dll at Library/ScriptAssemblies/Unity.Searcher.EditorTests.dll not valid. Loading of assembly skipped.
Assembly Unity.Settings.Tests.dll at Library/ScriptAssemblies/Unity.Settings.Tests.dll not valid. Loading of assembly skipped.
Assembly Unity.ShaderGraph.Editor.Tests.dll at Library/ScriptAssemblies/Unity.ShaderGraph.Editor.Tests.dll not valid. Loading of assembly skipped.
Assembly Unity.TextMeshPro.Editor.Tests.dll at Library/ScriptAssemblies/Unity.TextMeshPro.Editor.Tests.dll not valid. Loading of assembly skipped.
Assembly Unity.TextMeshPro.Tests.dll at Library/ScriptAssemblies/Unity.TextMeshPro.Tests.dll not valid. Loading of assembly skipped.
Assembly Unity.UnifiedRayTracing.Editor.Tests.dll at Library/ScriptAssemblies/Unity.UnifiedRayTracing.Editor.Tests.dll not valid. Loading of assembly skipped.
Assembly UnityEditor.UI.Common.Tests.dll at Library/ScriptAssemblies/UnityEditor.UI.Common.Tests.dll not valid. Loading of assembly skipped.
Assembly UnityEditor.UI.EditorTests.dll at Library/ScriptAssemblies/UnityEditor.UI.EditorTests.dll not valid. Loading of assembly skipped.
Assembly UnityEngine.UI.Tests.dll at Library/ScriptAssemblies/UnityEngine.UI.Tests.dll not valid. Loading of assembly skipped.
Native extension for WindowsStandalone target not found
Native extension for WebGL target not found
[Package Manager] Failed to launch server process. Reason: Unity was launched with the -noUpm command-line argument
[Package Manager] Unable to send message (not connected to server process).
[Package Manager] Cannot connect to Unity Package Manager local server
[Package Manager] Failed to launch server process. Reason: Unity was launched with the -noUpm command-line argument
[Package Manager] Unable to send message (not connected to server process).
[Package Manager] Cannot connect to Unity Package Manager local server
[Package Manager] Failed to launch server process. Reason: Unity was launched with the -noUpm command-line argument
[Package Manager] Unable to send message (not connected to server process).
[Package Manager] Cannot connect to Unity Package Manager local server
[MODES] ModeService[none].Initialize
[MODES] ModeService[none].LoadModes
ScheduleIndexationOnStartup MainProcess:False IndexOnStartup:True
Mono: successfully reloaded assembly
- Finished resetting the current domain, in  0.504 seconds
Domain Reload Profiling: 1091ms
	BeginReloadAssembly (162ms)
		DisableScriptedObjects (4ms)
		CreateAndSetChildDomain (32ms)
	RebuildCommonClasses (29ms)
	RebuildNativeTypeToScriptingClass (10ms)
	initialDomainReloadingComplete (40ms)
	LoadAllAssembliesAndSetupDomain (347ms)
		LoadAssemblies (275ms)
		AnalyzeDomain (139ms)
			TypeCache.Refresh (6ms)
			BuildScriptInfoCaches (123ms)
			ResolveRequiredComponents (9ms)
	FinalizeReload (504ms)
		SetupLoadedEditorAssemblies (0ms)
			BeforeProcessingInitializeOnLoad (109ms)
			ProcessInitializeOnLoadAttributes (152ms)
			ProcessInitializeOnLoadMethodAttributes (93ms)
			AfterProcessingInitializeOnLoad (4ms)
		AwakeInstancesAfterBackupRestoration (12ms)
Unloading 25 Unused Serialized files (Serialized files now loaded: 0)
Unloading 6503 unused Assets / (5.4 MB). Loaded Objects now: 7505.
Memory consumption went from 178.9 MB to 173.5 MB.
Total: 7.558700 ms (FindLiveObjects: 0.630500 ms CreateObjectMapping: 0.422200 ms MarkObjects: 4.171500 ms  DeleteObjects: 2.332500 ms)

Prepare: number of updated asset objects reloaded= 0
========================================================================
Received Prepare
Begin MonoManager ReloadAssembly
Assembly Assembly-CSharp-Editor-firstpass.dll at Library/ScriptAssemblies/Assembly-CSharp-Editor-firstpass.dll not valid. Loading of assembly skipped.
Assembly Assembly-CSharp-firstpass.dll at Library/ScriptAssemblies/Assembly-CSharp-firstpass.dll not valid. Loading of assembly skipped.
Assembly DocCodeExamples.dll at Library/ScriptAssemblies/DocCodeExamples.dll not valid. Loading of assembly skipped.
Assembly TestNewCustomAssembly.dll at Library/ScriptAssemblies/TestNewCustomAssembly.dll not valid. Loading of assembly skipped.
Assembly Unity.Collections.BurstCompatibilityGen.dll at Library/ScriptAssemblies/Unity.Collections.BurstCompatibilityGen.dll not valid. Loading of assembly skipped.
Assembly Unity.Collections.DocCodeSamples.dll at Library/ScriptAssemblies/Unity.Collections.DocCodeSamples.dll not valid. Loading of assembly skipped.
Assembly Unity.Collections.PerformanceTests.dll at Library/ScriptAssemblies/Unity.Collections.PerformanceTests.dll not valid. Loading of assembly skipped.
Assembly Unity.Collections.Tests.dll at Library/ScriptAssemblies/Unity.Collections.Tests.dll not valid. Loading of assembly skipped.
Assembly Unity.Collections.Tests.Playmode.dll at Library/ScriptAssemblies/Unity.Collections.Tests.Playmode.dll not valid. Loading of assembly skipped.
Assembly Unity.InputSystem.IntegrationTests.dll at Library/ScriptAssemblies/Unity.InputSystem.IntegrationTests.dll not valid. Loading of assembly skipped.
Assembly Unity.Mathematics.Tests.dll at Library/ScriptAssemblies/Unity.Mathematics.Tests.dll not valid. Loading of assembly skipped.
Assembly Unity.Multiplayer.Center.Editor.Tests.dll at Library/ScriptAssemblies/Unity.Multiplayer.Center.Editor.Tests.dll not valid. Loading of assembly skipped.
Assembly Unity.Multiplayer.Center.Tests.dll at Library/ScriptAssemblies/Unity.Multiplayer.Center.Tests.dll not valid. Loading of assembly skipped.
Assembly Unity.Nuget.Mono-Cecil.dll at Library/ScriptAssemblies/Unity.Nuget.Mono-Cecil.dll not valid. Loading of assembly skipped.
Assembly Unity.PathTracing.Editor.Tests.dll at Library/ScriptAssemblies/Unity.PathTracing.Editor.Tests.dll not valid. Loading of assembly skipped.
Assembly Unity.PathTracing.Runtime.Tests.dll at Library/ScriptAssemblies/Unity.PathTracing.Runtime.Tests.dll not valid. Loading of assembly skipped.
Assembly Unity.RenderPipelines.Core.Editor.Tests.dll at Library/ScriptAssemblies/Unity.RenderPipelines.Core.Editor.Tests.dll not valid. Loading of assembly skipped.
Assembly Unity.RenderPipelines.Core.Runtime.Tests.dll at Library/ScriptAssemblies/Unity.RenderPipelines.Core.Runtime.Tests.dll not valid. Loading of assembly skipped.
Assembly Unity.RenderPipelines.Universal.Config.Editor.Tests.dll at Library/ScriptAssemblies/Unity.RenderPipelines.Universal.Config.Editor.Tests.dll not valid. Loading of assembly skipped.
Assembly Unity.RenderPipelines.Universal.Editor.Tests.dll at Library/ScriptAssemblies/Unity.RenderPipelines.Universal.Editor.Tests.dll not valid. Loading of assembly skipped.
Assembly Unity.RenderPipelines.Universal.Runtime.Tests.dll at Library/ScriptAssemblies/Unity.RenderPipelines.Universal.Runtime.Tests.dll not valid. Loading of assembly skipped.
Assembly Unity.Searcher.EditorTests.dll at Library/ScriptAssemblies/Unity.Searcher.EditorTests.dll not valid. Loading of assembly skipped.
Assembly Unity.Settings.Tests.dll at Library/ScriptAssemblies/Unity.Settings.Tests.dll not valid. Loading of assembly skipped.
Assembly Unity.ShaderGraph.Editor.Tests.dll at Library/ScriptAssemblies/Unity.ShaderGraph.Editor.Tests.dll not valid. Loading of assembly skipped.
Assembly Unity.TextMeshPro.Editor.Tests.dll at Library/ScriptAssemblies/Unity.TextMeshPro.Editor.Tests.dll not valid. Loading of assembly skipped.
Assembly Unity.TextMeshPro.Tests.dll at Library/ScriptAssemblies/Unity.TextMeshPro.Tests.dll not valid. Loading of assembly skipped.
Assembly Unity.UnifiedRayTracing.Editor.Tests.dll at Library/ScriptAssemblies/Unity.UnifiedRayTracing.Editor.Tests.dll not valid. Loading of assembly skipped.
Assembly UnityEditor.UI.Common.Tests.dll at Library/ScriptAssemblies/UnityEditor.UI.Common.Tests.dll not valid. Loading of assembly skipped.
Assembly UnityEditor.UI.EditorTests.dll at Library/ScriptAssemblies/UnityEditor.UI.EditorTests.dll not valid. Loading of assembly skipped.
Assembly UnityEngine.UI.Tests.dll at Library/ScriptAssemblies/UnityEngine.UI.Tests.dll not valid. Loading of assembly skipped.
Native extension for WindowsStandalone target not found
Native extension for WebGL target not found
[Package Manager] Failed to launch server process. Reason: Unity was launched with the -noUpm command-line argument
[Package Manager] Unable to send message (not connected to server process).
[Package Manager] Cannot connect to Unity Package Manager local server
[Package Manager] Failed to launch server process. Reason: Unity was launched with the -noUpm command-line argument
[Package Manager] Unable to send message (not connected to server process).
[Package Manager] Cannot connect to Unity Package Manager local server
[Package Manager] Failed to launch server process. Reason: Unity was launched with the -noUpm command-line argument
[Package Manager] Unable to send message (not connected to server process).
[Package Manager] Cannot connect to Unity Package Manager local server
[MODES] ModeService[none].Initialize
[MODES] ModeService[none].LoadModes
ScheduleIndexationOnStartup MainProcess:False IndexOnStartup:True
Mono: successfully reloaded assembly
- Finished resetting the current domain, in  0.514 seconds
Domain Reload Profiling: 1040ms
	BeginReloadAssembly (157ms)
		DisableScriptedObjects (4ms)
		CreateAndSetChildDomain (30ms)
	RebuildCommonClasses (29ms)
	RebuildNativeTypeToScriptingClass (10ms)
	initialDomainReloadingComplete (36ms)
	LoadAllAssembliesAndSetupDomain (294ms)
		LoadAssemblies (223ms)
		AnalyzeDomain (138ms)
			TypeCache.Refresh (7ms)
			BuildScriptInfoCaches (121ms)
			ResolveRequiredComponents (9ms)
	FinalizeReload (514ms)
		SetupLoadedEditorAssemblies (0ms)
			BeforeProcessingInitializeOnLoad (110ms)
			ProcessInitializeOnLoadAttributes (151ms)
			ProcessInitializeOnLoadMethodAttributes (102ms)
			AfterProcessingInitializeOnLoad (4ms)
		AwakeInstancesAfterBackupRestoration (16ms)
Unloading 25 Unused Serialized files (Serialized files now loaded: 0)
Unloading 6503 unused Assets / (5.1 MB). Loaded Objects now: 7507.
Memory consumption went from 182.8 MB to 177.7 MB.
Total: 7.725800 ms (FindLiveObjects: 0.788300 ms CreateObjectMapping: 0.457100 ms MarkObjects: 4.386100 ms  DeleteObjects: 2.093000 ms)

Prepare: number of updated asset objects reloaded= 0
========================================================================
Received Prepare
Begin MonoManager ReloadAssembly
Assembly Assembly-CSharp-Editor-firstpass.dll at Library/ScriptAssemblies/Assembly-CSharp-Editor-firstpass.dll not valid. Loading of assembly skipped.
Assembly Assembly-CSharp-firstpass.dll at Library/ScriptAssemblies/Assembly-CSharp-firstpass.dll not valid. Loading of assembly skipped.
Assembly DocCodeExamples.dll at Library/ScriptAssemblies/DocCodeExamples.dll not valid. Loading of assembly skipped.
Assembly TestNewCustomAssembly.dll at Library/ScriptAssemblies/TestNewCustomAssembly.dll not valid. Loading of assembly skipped.
Assembly Unity.Collections.BurstCompatibilityGen.dll at Library/ScriptAssemblies/Unity.Collections.BurstCompatibilityGen.dll not valid. Loading of assembly skipped.
Assembly Unity.Collections.DocCodeSamples.dll at Library/ScriptAssemblies/Unity.Collections.DocCodeSamples.dll not valid. Loading of assembly skipped.
Assembly Unity.Collections.PerformanceTests.dll at Library/ScriptAssemblies/Unity.Collections.PerformanceTests.dll not valid. Loading of assembly skipped.
Assembly Unity.Collections.Tests.dll at Library/ScriptAssemblies/Unity.Collections.Tests.dll not valid. Loading of assembly skipped.
Assembly Unity.Collections.Tests.Playmode.dll at Library/ScriptAssemblies/Unity.Collections.Tests.Playmode.dll not valid. Loading of assembly skipped.
Assembly Unity.InputSystem.IntegrationTests.dll at Library/ScriptAssemblies/Unity.InputSystem.IntegrationTests.dll not valid. Loading of assembly skipped.
Assembly Unity.Mathematics.Tests.dll at Library/ScriptAssemblies/Unity.Mathematics.Tests.dll not valid. Loading of assembly skipped.
Assembly Unity.Multiplayer.Center.Editor.Tests.dll at Library/ScriptAssemblies/Unity.Multiplayer.Center.Editor.Tests.dll not valid. Loading of assembly skipped.
Assembly Unity.Multiplayer.Center.Tests.dll at Library/ScriptAssemblies/Unity.Multiplayer.Center.Tests.dll not valid. Loading of assembly skipped.
Assembly Unity.Nuget.Mono-Cecil.dll at Library/ScriptAssemblies/Unity.Nuget.Mono-Cecil.dll not valid. Loading of assembly skipped.
Assembly Unity.PathTracing.Editor.Tests.dll at Library/ScriptAssemblies/Unity.PathTracing.Editor.Tests.dll not valid. Loading of assembly skipped.
Assembly Unity.PathTracing.Runtime.Tests.dll at Library/ScriptAssemblies/Unity.PathTracing.Runtime.Tests.dll not valid. Loading of assembly skipped.
Assembly Unity.RenderPipelines.Core.Editor.Tests.dll at Library/ScriptAssemblies/Unity.RenderPipelines.Core.Editor.Tests.dll not valid. Loading of assembly skipped.
Assembly Unity.RenderPipelines.Core.Runtime.Tests.dll at Library/ScriptAssemblies/Unity.RenderPipelines.Core.Runtime.Tests.dll not valid. Loading of assembly skipped.
Assembly Unity.RenderPipelines.Universal.Config.Editor.Tests.dll at Library/ScriptAssemblies/Unity.RenderPipelines.Universal.Config.Editor.Tests.dll not valid. Loading of assembly skipped.
Assembly Unity.RenderPipelines.Universal.Editor.Tests.dll at Library/ScriptAssemblies/Unity.RenderPipelines.Universal.Editor.Tests.dll not valid. Loading of assembly skipped.
Assembly Unity.RenderPipelines.Universal.Runtime.Tests.dll at Library/ScriptAssemblies/Unity.RenderPipelines.Universal.Runtime.Tests.dll not valid. Loading of assembly skipped.
Assembly Unity.Searcher.EditorTests.dll at Library/ScriptAssemblies/Unity.Searcher.EditorTests.dll not valid. Loading of assembly skipped.
Assembly Unity.Settings.Tests.dll at Library/ScriptAssemblies/Unity.Settings.Tests.dll not valid. Loading of assembly skipped.
Assembly Unity.ShaderGraph.Editor.Tests.dll at Library/ScriptAssemblies/Unity.ShaderGraph.Editor.Tests.dll not valid. Loading of assembly skipped.
Assembly Unity.TextMeshPro.Editor.Tests.dll at Library/ScriptAssemblies/Unity.TextMeshPro.Editor.Tests.dll not valid. Loading of assembly skipped.
Assembly Unity.TextMeshPro.Tests.dll at Library/ScriptAssemblies/Unity.TextMeshPro.Tests.dll not valid. Loading of assembly skipped.
Assembly Unity.UnifiedRayTracing.Editor.Tests.dll at Library/ScriptAssemblies/Unity.UnifiedRayTracing.Editor.Tests.dll not valid. Loading of assembly skipped.
Assembly UnityEditor.UI.Common.Tests.dll at Library/ScriptAssemblies/UnityEditor.UI.Common.Tests.dll not valid. Loading of assembly skipped.
Assembly UnityEditor.UI.EditorTests.dll at Library/ScriptAssemblies/UnityEditor.UI.EditorTests.dll not valid. Loading of assembly skipped.
Assembly UnityEngine.UI.Tests.dll at Library/ScriptAssemblies/UnityEngine.UI.Tests.dll not valid. Loading of assembly skipped.
Native extension for WindowsStandalone target not found
Native extension for WebGL target not found
[Package Manager] Failed to launch server process. Reason: Unity was launched with the -noUpm command-line argument
[Package Manager] Unable to send message (not connected to server process).
[Package Manager] Cannot connect to Unity Package Manager local server
[Package Manager] Failed to launch server process. Reason: Unity was launched with the -noUpm command-line argument
[Package Manager] Unable to send message (not connected to server process).
[Package Manager] Cannot connect to Unity Package Manager local server
[Package Manager] Failed to launch server process. Reason: Unity was launched with the -noUpm command-line argument
[Package Manager] Unable to send message (not connected to server process).
[Package Manager] Cannot connect to Unity Package Manager local server
[MODES] ModeService[none].Initialize
[MODES] ModeService[none].LoadModes
ScheduleIndexationOnStartup MainProcess:False IndexOnStartup:True
Mono: successfully reloaded assembly
- Finished resetting the current domain, in  0.522 seconds
Domain Reload Profiling: 1040ms
	BeginReloadAssembly (150ms)
		DisableScriptedObjects (4ms)
		CreateAndSetChildDomain (29ms)
	RebuildCommonClasses (28ms)
	RebuildNativeTypeToScriptingClass (9ms)
	initialDomainReloadingComplete (37ms)
	LoadAllAssembliesAndSetupDomain (292ms)
		LoadAssemblies (221ms)
		AnalyzeDomain (136ms)
			TypeCache.Refresh (7ms)
			BuildScriptInfoCaches (119ms)
			ResolveRequiredComponents (9ms)
	FinalizeReload (523ms)
		SetupLoadedEditorAssemblies (0ms)
			BeforeProcessingInitializeOnLoad (111ms)
			ProcessInitializeOnLoadAttributes (149ms)
			ProcessInitializeOnLoadMethodAttributes (108ms)
			AfterProcessingInitializeOnLoad (7ms)
		AwakeInstancesAfterBackupRestoration (15ms)
Unloading 25 Unused Serialized files (Serialized files now loaded: 0)
Unloading 6503 unused Assets / (5.0 MB). Loaded Objects now: 7509.
Memory consumption went from 186.8 MB to 181.8 MB.
Total: 7.670300 ms (FindLiveObjects: 0.547200 ms CreateObjectMapping: 0.508400 ms MarkObjects: 4.411200 ms  DeleteObjects: 2.202000 ms)

Prepare: number of updated asset objects reloaded= 0
========================================================================
Received Prepare
Begin MonoManager ReloadAssembly
Assembly Assembly-CSharp-Editor-firstpass.dll at Library/ScriptAssemblies/Assembly-CSharp-Editor-firstpass.dll not valid. Loading of assembly skipped.
Assembly Assembly-CSharp-firstpass.dll at Library/ScriptAssemblies/Assembly-CSharp-firstpass.dll not valid. Loading of assembly skipped.
Assembly DocCodeExamples.dll at Library/ScriptAssemblies/DocCodeExamples.dll not valid. Loading of assembly skipped.
Assembly TestNewCustomAssembly.dll at Library/ScriptAssemblies/TestNewCustomAssembly.dll not valid. Loading of assembly skipped.
Assembly Unity.Collections.BurstCompatibilityGen.dll at Library/ScriptAssemblies/Unity.Collections.BurstCompatibilityGen.dll not valid. Loading of assembly skipped.
Assembly Unity.Collections.DocCodeSamples.dll at Library/ScriptAssemblies/Unity.Collections.DocCodeSamples.dll not valid. Loading of assembly skipped.
Assembly Unity.Collections.PerformanceTests.dll at Library/ScriptAssemblies/Unity.Collections.PerformanceTests.dll not valid. Loading of assembly skipped.
Assembly Unity.Collections.Tests.dll at Library/ScriptAssemblies/Unity.Collections.Tests.dll not valid. Loading of assembly skipped.
Assembly Unity.Collections.Tests.Playmode.dll at Library/ScriptAssemblies/Unity.Collections.Tests.Playmode.dll not valid. Loading of assembly skipped.
Assembly Unity.InputSystem.IntegrationTests.dll at Library/ScriptAssemblies/Unity.InputSystem.IntegrationTests.dll not valid. Loading of assembly skipped.
Assembly Unity.Mathematics.Tests.dll at Library/ScriptAssemblies/Unity.Mathematics.Tests.dll not valid. Loading of assembly skipped.
Assembly Unity.Multiplayer.Center.Editor.Tests.dll at Library/ScriptAssemblies/Unity.Multiplayer.Center.Editor.Tests.dll not valid. Loading of assembly skipped.
Assembly Unity.Multiplayer.Center.Tests.dll at Library/ScriptAssemblies/Unity.Multiplayer.Center.Tests.dll not valid. Loading of assembly skipped.
Assembly Unity.Nuget.Mono-Cecil.dll at Library/ScriptAssemblies/Unity.Nuget.Mono-Cecil.dll not valid. Loading of assembly skipped.
Assembly Unity.PathTracing.Editor.Tests.dll at Library/ScriptAssemblies/Unity.PathTracing.Editor.Tests.dll not valid. Loading of assembly skipped.
Assembly Unity.PathTracing.Runtime.Tests.dll at Library/ScriptAssemblies/Unity.PathTracing.Runtime.Tests.dll not valid. Loading of assembly skipped.
Assembly Unity.RenderPipelines.Core.Editor.Tests.dll at Library/ScriptAssemblies/Unity.RenderPipelines.Core.Editor.Tests.dll not valid. Loading of assembly skipped.
Assembly Unity.RenderPipelines.Core.Runtime.Tests.dll at Library/ScriptAssemblies/Unity.RenderPipelines.Core.Runtime.Tests.dll not valid. Loading of assembly skipped.
Assembly Unity.RenderPipelines.Universal.Config.Editor.Tests.dll at Library/ScriptAssemblies/Unity.RenderPipelines.Universal.Config.Editor.Tests.dll not valid. Loading of assembly skipped.
Assembly Unity.RenderPipelines.Universal.Editor.Tests.dll at Library/ScriptAssemblies/Unity.RenderPipelines.Universal.Editor.Tests.dll not valid. Loading of assembly skipped.
Assembly Unity.RenderPipelines.Universal.Runtime.Tests.dll at Library/ScriptAssemblies/Unity.RenderPipelines.Universal.Runtime.Tests.dll not valid. Loading of assembly skipped.
Assembly Unity.Searcher.EditorTests.dll at Library/ScriptAssemblies/Unity.Searcher.EditorTests.dll not valid. Loading of assembly skipped.
Assembly Unity.Settings.Tests.dll at Library/ScriptAssemblies/Unity.Settings.Tests.dll not valid. Loading of assembly skipped.
Assembly Unity.ShaderGraph.Editor.Tests.dll at Library/ScriptAssemblies/Unity.ShaderGraph.Editor.Tests.dll not valid. Loading of assembly skipped.
Assembly Unity.TextMeshPro.Editor.Tests.dll at Library/ScriptAssemblies/Unity.TextMeshPro.Editor.Tests.dll not valid. Loading of assembly skipped.
Assembly Unity.TextMeshPro.Tests.dll at Library/ScriptAssemblies/Unity.TextMeshPro.Tests.dll not valid. Loading of assembly skipped.
Assembly Unity.UnifiedRayTracing.Editor.Tests.dll at Library/ScriptAssemblies/Unity.UnifiedRayTracing.Editor.Tests.dll not valid. Loading of assembly skipped.
Assembly UnityEditor.UI.Common.Tests.dll at Library/ScriptAssemblies/UnityEditor.UI.Common.Tests.dll not valid. Loading of assembly skipped.
Assembly UnityEditor.UI.EditorTests.dll at Library/ScriptAssemblies/UnityEditor.UI.EditorTests.dll not valid. Loading of assembly skipped.
Assembly UnityEngine.UI.Tests.dll at Library/ScriptAssemblies/UnityEngine.UI.Tests.dll not valid. Loading of assembly skipped.
Native extension for WindowsStandalone target not found
Native extension for WebGL target not found
[Package Manager] Failed to launch server process. Reason: Unity was launched with the -noUpm command-line argument
[Package Manager] Unable to send message (not connected to server process).
[Package Manager] Cannot connect to Unity Package Manager local server
[Package Manager] Failed to launch server process. Reason: Unity was launched with the -noUpm command-line argument
[Package Manager] Unable to send message (not connected to server process).
[Package Manager] Cannot connect to Unity Package Manager local server
[Package Manager] Failed to launch server process. Reason: Unity was launched with the -noUpm command-line argument
[Package Manager] Unable to send message (not connected to server process).
[Package Manager] Cannot connect to Unity Package Manager local server
[MODES] ModeService[none].Initialize
[MODES] ModeService[none].LoadModes
ScheduleIndexationOnStartup MainProcess:False IndexOnStartup:True
Mono: successfully reloaded assembly
- Finished resetting the current domain, in  0.522 seconds
Domain Reload Profiling: 1051ms
	BeginReloadAssembly (158ms)
		DisableScriptedObjects (4ms)
		CreateAndSetChildDomain (29ms)
	RebuildCommonClasses (30ms)
	RebuildNativeTypeToScriptingClass (9ms)
	initialDomainReloadingComplete (36ms)
	LoadAllAssembliesAndSetupDomain (297ms)
		LoadAssemblies (225ms)
		AnalyzeDomain (139ms)
			TypeCache.Refresh (7ms)
			BuildScriptInfoCaches (121ms)
			ResolveRequiredComponents (10ms)
	FinalizeReload (522ms)
		SetupLoadedEditorAssemblies (0ms)
			BeforeProcessingInitializeOnLoad (112ms)
			ProcessInitializeOnLoadAttributes (153ms)
			ProcessInitializeOnLoadMethodAttributes (107ms)
			AfterProcessingInitializeOnLoad (4ms)
		AwakeInstancesAfterBackupRestoration (13ms)
Unloading 25 Unused Serialized files (Serialized files now loaded: 0)
Unloading 6503 unused Assets / (5.2 MB). Loaded Objects now: 7511.
Memory consumption went from 190.8 MB to 185.6 MB.
Total: 7.945200 ms (FindLiveObjects: 0.957800 ms CreateObjectMapping: 0.537200 ms MarkObjects: 4.033600 ms  DeleteObjects: 2.415200 ms)

Prepare: number of updated asset objects reloaded= 0
========================================================================
Received Prepare
Begin MonoManager ReloadAssembly
[Licensing::Client] Successfully resolved entitlement details
Assembly Assembly-CSharp-Editor-firstpass.dll at Library/ScriptAssemblies/Assembly-CSharp-Editor-firstpass.dll not valid. Loading of assembly skipped.
Assembly Assembly-CSharp-firstpass.dll at Library/ScriptAssemblies/Assembly-CSharp-firstpass.dll not valid. Loading of assembly skipped.
Assembly DocCodeExamples.dll at Library/ScriptAssemblies/DocCodeExamples.dll not valid. Loading of assembly skipped.
Assembly TestNewCustomAssembly.dll at Library/ScriptAssemblies/TestNewCustomAssembly.dll not valid. Loading of assembly skipped.
Assembly Unity.Collections.BurstCompatibilityGen.dll at Library/ScriptAssemblies/Unity.Collections.BurstCompatibilityGen.dll not valid. Loading of assembly skipped.
Assembly Unity.Collections.DocCodeSamples.dll at Library/ScriptAssemblies/Unity.Collections.DocCodeSamples.dll not valid. Loading of assembly skipped.
Assembly Unity.Collections.PerformanceTests.dll at Library/ScriptAssemblies/Unity.Collections.PerformanceTests.dll not valid. Loading of assembly skipped.
Assembly Unity.Collections.Tests.dll at Library/ScriptAssemblies/Unity.Collections.Tests.dll not valid. Loading of assembly skipped.
Assembly Unity.Collections.Tests.Playmode.dll at Library/ScriptAssemblies/Unity.Collections.Tests.Playmode.dll not valid. Loading of assembly skipped.
Assembly Unity.InputSystem.IntegrationTests.dll at Library/ScriptAssemblies/Unity.InputSystem.IntegrationTests.dll not valid. Loading of assembly skipped.
Assembly Unity.Mathematics.Tests.dll at Library/ScriptAssemblies/Unity.Mathematics.Tests.dll not valid. Loading of assembly skipped.
Assembly Unity.Multiplayer.Center.Editor.Tests.dll at Library/ScriptAssemblies/Unity.Multiplayer.Center.Editor.Tests.dll not valid. Loading of assembly skipped.
Assembly Unity.Multiplayer.Center.Tests.dll at Library/ScriptAssemblies/Unity.Multiplayer.Center.Tests.dll not valid. Loading of assembly skipped.
Assembly Unity.Nuget.Mono-Cecil.dll at Library/ScriptAssemblies/Unity.Nuget.Mono-Cecil.dll not valid. Loading of assembly skipped.
Assembly Unity.PathTracing.Editor.Tests.dll at Library/ScriptAssemblies/Unity.PathTracing.Editor.Tests.dll not valid. Loading of assembly skipped.
Assembly Unity.PathTracing.Runtime.Tests.dll at Library/ScriptAssemblies/Unity.PathTracing.Runtime.Tests.dll not valid. Loading of assembly skipped.
Assembly Unity.RenderPipelines.Core.Editor.Tests.dll at Library/ScriptAssemblies/Unity.RenderPipelines.Core.Editor.Tests.dll not valid. Loading of assembly skipped.
Assembly Unity.RenderPipelines.Core.Runtime.Tests.dll at Library/ScriptAssemblies/Unity.RenderPipelines.Core.Runtime.Tests.dll not valid. Loading of assembly skipped.
Assembly Unity.RenderPipelines.Universal.Config.Editor.Tests.dll at Library/ScriptAssemblies/Unity.RenderPipelines.Universal.Config.Editor.Tests.dll not valid. Loading of assembly skipped.
Assembly Unity.RenderPipelines.Universal.Editor.Tests.dll at Library/ScriptAssemblies/Unity.RenderPipelines.Universal.Editor.Tests.dll not valid. Loading of assembly skipped.
Assembly Unity.RenderPipelines.Universal.Runtime.Tests.dll at Library/ScriptAssemblies/Unity.RenderPipelines.Universal.Runtime.Tests.dll not valid. Loading of assembly skipped.
Assembly Unity.Searcher.EditorTests.dll at Library/ScriptAssemblies/Unity.Searcher.EditorTests.dll not valid. Loading of assembly skipped.
Assembly Unity.Settings.Tests.dll at Library/ScriptAssemblies/Unity.Settings.Tests.dll not valid. Loading of assembly skipped.
Assembly Unity.ShaderGraph.Editor.Tests.dll at Library/ScriptAssemblies/Unity.ShaderGraph.Editor.Tests.dll not valid. Loading of assembly skipped.
Assembly Unity.TextMeshPro.Editor.Tests.dll at Library/ScriptAssemblies/Unity.TextMeshPro.Editor.Tests.dll not valid. Loading of assembly skipped.
Assembly Unity.TextMeshPro.Tests.dll at Library/ScriptAssemblies/Unity.TextMeshPro.Tests.dll not valid. Loading of assembly skipped.
Assembly Unity.UnifiedRayTracing.Editor.Tests.dll at Library/ScriptAssemblies/Unity.UnifiedRayTracing.Editor.Tests.dll not valid. Loading of assembly skipped.
Assembly UnityEditor.UI.Common.Tests.dll at Library/ScriptAssemblies/UnityEditor.UI.Common.Tests.dll not valid. Loading of assembly skipped.
Assembly UnityEditor.UI.EditorTests.dll at Library/ScriptAssemblies/UnityEditor.UI.EditorTests.dll not valid. Loading of assembly skipped.
Assembly UnityEngine.UI.Tests.dll at Library/ScriptAssemblies/UnityEngine.UI.Tests.dll not valid. Loading of assembly skipped.
Native extension for WindowsStandalone target not found
Native extension for WebGL target not found
[Package Manager] Failed to launch server process. Reason: Unity was launched with the -noUpm command-line argument
[Package Manager] Unable to send message (not connected to server process).
[Package Manager] Cannot connect to Unity Package Manager local server
[Package Manager] Failed to launch server process. Reason: Unity was launched with the -noUpm command-line argument
[Package Manager] Unable to send message (not connected to server process).
[Package Manager] Cannot connect to Unity Package Manager local server
[Package Manager] Failed to launch server process. Reason: Unity was launched with the -noUpm command-line argument
[Package Manager] Unable to send message (not connected to server process).
[Package Manager] Cannot connect to Unity Package Manager local server
[MODES] ModeService[none].Initialize
[MODES] ModeService[none].LoadModes
ScheduleIndexationOnStartup MainProcess:False IndexOnStartup:True
Mono: successfully reloaded assembly
- Finished resetting the current domain, in  0.504 seconds
Domain Reload Profiling: 1046ms
	BeginReloadAssembly (163ms)
		DisableScriptedObjects (4ms)
		CreateAndSetChildDomain (31ms)
	RebuildCommonClasses (29ms)
	RebuildNativeTypeToScriptingClass (9ms)
	initialDomainReloadingComplete (39ms)
	LoadAllAssembliesAndSetupDomain (302ms)
		LoadAssemblies (232ms)
		AnalyzeDomain (138ms)
			TypeCache.Refresh (6ms)
			BuildScriptInfoCaches (122ms)
			ResolveRequiredComponents (9ms)
	FinalizeReload (504ms)
		SetupLoadedEditorAssemblies (0ms)
			BeforeProcessingInitializeOnLoad (108ms)
			ProcessInitializeOnLoadAttributes (155ms)
			ProcessInitializeOnLoadMethodAttributes (93ms)
			AfterProcessingInitializeOnLoad (4ms)
		AwakeInstancesAfterBackupRestoration (12ms)
Unloading 25 Unused Serialized files (Serialized files now loaded: 0)
Unloading 6503 unused Assets / (5.0 MB). Loaded Objects now: 7513.
Memory consumption went from 194.8 MB to 189.8 MB.
Total: 8.305700 ms (FindLiveObjects: 0.726100 ms CreateObjectMapping: 0.908900 ms MarkObjects: 4.439600 ms  DeleteObjects: 2.229700 ms)

Prepare: number of updated asset objects reloaded= 0
========================================================================
Received Prepare
Begin MonoManager ReloadAssembly
Assembly Assembly-CSharp-Editor-firstpass.dll at Library/ScriptAssemblies/Assembly-CSharp-Editor-firstpass.dll not valid. Loading of assembly skipped.
Assembly Assembly-CSharp-firstpass.dll at Library/ScriptAssemblies/Assembly-CSharp-firstpass.dll not valid. Loading of assembly skipped.
Assembly DocCodeExamples.dll at Library/ScriptAssemblies/DocCodeExamples.dll not valid. Loading of assembly skipped.
Assembly TestNewCustomAssembly.dll at Library/ScriptAssemblies/TestNewCustomAssembly.dll not valid. Loading of assembly skipped.
Assembly Unity.Collections.BurstCompatibilityGen.dll at Library/ScriptAssemblies/Unity.Collections.BurstCompatibilityGen.dll not valid. Loading of assembly skipped.
Assembly Unity.Collections.DocCodeSamples.dll at Library/ScriptAssemblies/Unity.Collections.DocCodeSamples.dll not valid. Loading of assembly skipped.
Assembly Unity.Collections.PerformanceTests.dll at Library/ScriptAssemblies/Unity.Collections.PerformanceTests.dll not valid. Loading of assembly skipped.
Assembly Unity.Collections.Tests.dll at Library/ScriptAssemblies/Unity.Collections.Tests.dll not valid. Loading of assembly skipped.
Assembly Unity.Collections.Tests.Playmode.dll at Library/ScriptAssemblies/Unity.Collections.Tests.Playmode.dll not valid. Loading of assembly skipped.
Assembly Unity.InputSystem.IntegrationTests.dll at Library/ScriptAssemblies/Unity.InputSystem.IntegrationTests.dll not valid. Loading of assembly skipped.
Assembly Unity.Mathematics.Tests.dll at Library/ScriptAssemblies/Unity.Mathematics.Tests.dll not valid. Loading of assembly skipped.
Assembly Unity.Multiplayer.Center.Editor.Tests.dll at Library/ScriptAssemblies/Unity.Multiplayer.Center.Editor.Tests.dll not valid. Loading of assembly skipped.
Assembly Unity.Multiplayer.Center.Tests.dll at Library/ScriptAssemblies/Unity.Multiplayer.Center.Tests.dll not valid. Loading of assembly skipped.
Assembly Unity.Nuget.Mono-Cecil.dll at Library/ScriptAssemblies/Unity.Nuget.Mono-Cecil.dll not valid. Loading of assembly skipped.
Assembly Unity.PathTracing.Editor.Tests.dll at Library/ScriptAssemblies/Unity.PathTracing.Editor.Tests.dll not valid. Loading of assembly skipped.
Assembly Unity.PathTracing.Runtime.Tests.dll at Library/ScriptAssemblies/Unity.PathTracing.Runtime.Tests.dll not valid. Loading of assembly skipped.
Assembly Unity.RenderPipelines.Core.Editor.Tests.dll at Library/ScriptAssemblies/Unity.RenderPipelines.Core.Editor.Tests.dll not valid. Loading of assembly skipped.
Assembly Unity.RenderPipelines.Core.Runtime.Tests.dll at Library/ScriptAssemblies/Unity.RenderPipelines.Core.Runtime.Tests.dll not valid. Loading of assembly skipped.
Assembly Unity.RenderPipelines.Universal.Config.Editor.Tests.dll at Library/ScriptAssemblies/Unity.RenderPipelines.Universal.Config.Editor.Tests.dll not valid. Loading of assembly skipped.
Assembly Unity.RenderPipelines.Universal.Editor.Tests.dll at Library/ScriptAssemblies/Unity.RenderPipelines.Universal.Editor.Tests.dll not valid. Loading of assembly skipped.
Assembly Unity.RenderPipelines.Universal.Runtime.Tests.dll at Library/ScriptAssemblies/Unity.RenderPipelines.Universal.Runtime.Tests.dll not valid. Loading of assembly skipped.
Assembly Unity.Searcher.EditorTests.dll at Library/ScriptAssemblies/Unity.Searcher.EditorTests.dll not valid. Loading of assembly skipped.
Assembly Unity.Settings.Tests.dll at Library/ScriptAssemblies/Unity.Settings.Tests.dll not valid. Loading of assembly skipped.
Assembly Unity.ShaderGraph.Editor.Tests.dll at Library/ScriptAssemblies/Unity.ShaderGraph.Editor.Tests.dll not valid. Loading of assembly skipped.
Assembly Unity.TextMeshPro.Editor.Tests.dll at Library/ScriptAssemblies/Unity.TextMeshPro.Editor.Tests.dll not valid. Loading of assembly skipped.
Assembly Unity.TextMeshPro.Tests.dll at Library/ScriptAssemblies/Unity.TextMeshPro.Tests.dll not valid. Loading of assembly skipped.
Assembly Unity.UnifiedRayTracing.Editor.Tests.dll at Library/ScriptAssemblies/Unity.UnifiedRayTracing.Editor.Tests.dll not valid. Loading of assembly skipped.
Assembly UnityEditor.UI.Common.Tests.dll at Library/ScriptAssemblies/UnityEditor.UI.Common.Tests.dll not valid. Loading of assembly skipped.
Assembly UnityEditor.UI.EditorTests.dll at Library/ScriptAssemblies/UnityEditor.UI.EditorTests.dll not valid. Loading of assembly skipped.
Assembly UnityEngine.UI.Tests.dll at Library/ScriptAssemblies/UnityEngine.UI.Tests.dll not valid. Loading of assembly skipped.
Native extension for WindowsStandalone target not found
Native extension for WebGL target not found
[Package Manager] Failed to launch server process. Reason: Unity was launched with the -noUpm command-line argument
[Package Manager] Unable to send message (not connected to server process).
[Package Manager] Cannot connect to Unity Package Manager local server
[Package Manager] Failed to launch server process. Reason: Unity was launched with the -noUpm command-line argument
[Package Manager] Unable to send message (not connected to server process).
[Package Manager] Cannot connect to Unity Package Manager local server
[Package Manager] Failed to launch server process. Reason: Unity was launched with the -noUpm command-line argument
[Package Manager] Unable to send message (not connected to server process).
[Package Manager] Cannot connect to Unity Package Manager local server
[MODES] ModeService[none].Initialize
[MODES] ModeService[none].LoadModes
ScheduleIndexationOnStartup MainProcess:False IndexOnStartup:True
Mono: successfully reloaded assembly
- Finished resetting the current domain, in  0.547 seconds
Domain Reload Profiling: 1125ms
	BeginReloadAssembly (199ms)
		DisableScriptedObjects (5ms)
		CreateAndSetChildDomain (52ms)
	RebuildCommonClasses (31ms)
	RebuildNativeTypeToScriptingClass (10ms)
	initialDomainReloadingComplete (37ms)
	LoadAllAssembliesAndSetupDomain (301ms)
		LoadAssemblies (235ms)
		AnalyzeDomain (139ms)
			TypeCache.Refresh (5ms)
			BuildScriptInfoCaches (124ms)
			ResolveRequiredComponents (9ms)
	FinalizeReload (547ms)
		SetupLoadedEditorAssemblies (0ms)
			BeforeProcessingInitializeOnLoad (127ms)
			ProcessInitializeOnLoadAttributes (157ms)
			ProcessInitializeOnLoadMethodAttributes (99ms)
			AfterProcessingInitializeOnLoad (9ms)
		AwakeInstancesAfterBackupRestoration (12ms)
Unloading 25 Unused Serialized files (Serialized files now loaded: 0)
Unloading 6503 unused Assets / (5.2 MB). Loaded Objects now: 7515.
Memory consumption went from 198.8 MB to 193.6 MB.
Total: 7.612500 ms (FindLiveObjects: 0.668800 ms CreateObjectMapping: 0.504000 ms MarkObjects: 4.112700 ms  DeleteObjects: 2.325400 ms)

Prepare: number of updated asset objects reloaded= 0
========================================================================
Received Prepare
Begin MonoManager ReloadAssembly
[Licensing::Client] Successfully resolved entitlement details
Assembly Assembly-CSharp-Editor-firstpass.dll at Library/ScriptAssemblies/Assembly-CSharp-Editor-firstpass.dll not valid. Loading of assembly skipped.
Assembly Assembly-CSharp-firstpass.dll at Library/ScriptAssemblies/Assembly-CSharp-firstpass.dll not valid. Loading of assembly skipped.
Assembly DocCodeExamples.dll at Library/ScriptAssemblies/DocCodeExamples.dll not valid. Loading of assembly skipped.
Assembly TestNewCustomAssembly.dll at Library/ScriptAssemblies/TestNewCustomAssembly.dll not valid. Loading of assembly skipped.
Assembly Unity.Collections.BurstCompatibilityGen.dll at Library/ScriptAssemblies/Unity.Collections.BurstCompatibilityGen.dll not valid. Loading of assembly skipped.
Assembly Unity.Collections.DocCodeSamples.dll at Library/ScriptAssemblies/Unity.Collections.DocCodeSamples.dll not valid. Loading of assembly skipped.
Assembly Unity.Collections.PerformanceTests.dll at Library/ScriptAssemblies/Unity.Collections.PerformanceTests.dll not valid. Loading of assembly skipped.
Assembly Unity.Collections.Tests.dll at Library/ScriptAssemblies/Unity.Collections.Tests.dll not valid. Loading of assembly skipped.
Assembly Unity.Collections.Tests.Playmode.dll at Library/ScriptAssemblies/Unity.Collections.Tests.Playmode.dll not valid. Loading of assembly skipped.
Assembly Unity.InputSystem.IntegrationTests.dll at Library/ScriptAssemblies/Unity.InputSystem.IntegrationTests.dll not valid. Loading of assembly skipped.
Assembly Unity.Mathematics.Tests.dll at Library/ScriptAssemblies/Unity.Mathematics.Tests.dll not valid. Loading of assembly skipped.
Assembly Unity.Multiplayer.Center.Editor.Tests.dll at Library/ScriptAssemblies/Unity.Multiplayer.Center.Editor.Tests.dll not valid. Loading of assembly skipped.
Assembly Unity.Multiplayer.Center.Tests.dll at Library/ScriptAssemblies/Unity.Multiplayer.Center.Tests.dll not valid. Loading of assembly skipped.
Assembly Unity.Nuget.Mono-Cecil.dll at Library/ScriptAssemblies/Unity.Nuget.Mono-Cecil.dll not valid. Loading of assembly skipped.
Assembly Unity.PathTracing.Editor.Tests.dll at Library/ScriptAssemblies/Unity.PathTracing.Editor.Tests.dll not valid. Loading of assembly skipped.
Assembly Unity.PathTracing.Runtime.Tests.dll at Library/ScriptAssemblies/Unity.PathTracing.Runtime.Tests.dll not valid. Loading of assembly skipped.
Assembly Unity.RenderPipelines.Core.Editor.Tests.dll at Library/ScriptAssemblies/Unity.RenderPipelines.Core.Editor.Tests.dll not valid. Loading of assembly skipped.
Assembly Unity.RenderPipelines.Core.Runtime.Tests.dll at Library/ScriptAssemblies/Unity.RenderPipelines.Core.Runtime.Tests.dll not valid. Loading of assembly skipped.
Assembly Unity.RenderPipelines.Universal.Config.Editor.Tests.dll at Library/ScriptAssemblies/Unity.RenderPipelines.Universal.Config.Editor.Tests.dll not valid. Loading of assembly skipped.
Assembly Unity.RenderPipelines.Universal.Editor.Tests.dll at Library/ScriptAssemblies/Unity.RenderPipelines.Universal.Editor.Tests.dll not valid. Loading of assembly skipped.
Assembly Unity.RenderPipelines.Universal.Runtime.Tests.dll at Library/ScriptAssemblies/Unity.RenderPipelines.Universal.Runtime.Tests.dll not valid. Loading of assembly skipped.
Assembly Unity.Searcher.EditorTests.dll at Library/ScriptAssemblies/Unity.Searcher.EditorTests.dll not valid. Loading of assembly skipped.
Assembly Unity.Settings.Tests.dll at Library/ScriptAssemblies/Unity.Settings.Tests.dll not valid. Loading of assembly skipped.
Assembly Unity.ShaderGraph.Editor.Tests.dll at Library/ScriptAssemblies/Unity.ShaderGraph.Editor.Tests.dll not valid. Loading of assembly skipped.
Assembly Unity.TextMeshPro.Editor.Tests.dll at Library/ScriptAssemblies/Unity.TextMeshPro.Editor.Tests.dll not valid. Loading of assembly skipped.
Assembly Unity.TextMeshPro.Tests.dll at Library/ScriptAssemblies/Unity.TextMeshPro.Tests.dll not valid. Loading of assembly skipped.
Assembly Unity.UnifiedRayTracing.Editor.Tests.dll at Library/ScriptAssemblies/Unity.UnifiedRayTracing.Editor.Tests.dll not valid. Loading of assembly skipped.
Assembly UnityEditor.UI.Common.Tests.dll at Library/ScriptAssemblies/UnityEditor.UI.Common.Tests.dll not valid. Loading of assembly skipped.
Assembly UnityEditor.UI.EditorTests.dll at Library/ScriptAssemblies/UnityEditor.UI.EditorTests.dll not valid. Loading of assembly skipped.
Assembly UnityEngine.UI.Tests.dll at Library/ScriptAssemblies/UnityEngine.UI.Tests.dll not valid. Loading of assembly skipped.
Native extension for WindowsStandalone target not found
Native extension for WebGL target not found
[Package Manager] Failed to launch server process. Reason: Unity was launched with the -noUpm command-line argument
[Package Manager] Unable to send message (not connected to server process).
[Package Manager] Cannot connect to Unity Package Manager local server
[Package Manager] Failed to launch server process. Reason: Unity was launched with the -noUpm command-line argument
[Package Manager] Unable to send message (not connected to server process).
[Package Manager] Cannot connect to Unity Package Manager local server
[Package Manager] Failed to launch server process. Reason: Unity was launched with the -noUpm command-line argument
[Package Manager] Unable to send message (not connected to server process).
[Package Manager] Cannot connect to Unity Package Manager local server
[MODES] ModeService[none].Initialize
[MODES] ModeService[none].LoadModes
ScheduleIndexationOnStartup MainProcess:False IndexOnStartup:True
Mono: successfully reloaded assembly
- Finished resetting the current domain, in  0.531 seconds
Domain Reload Profiling: 1077ms
	BeginReloadAssembly (163ms)
		DisableScriptedObjects (4ms)
		CreateAndSetChildDomain (33ms)
	RebuildCommonClasses (30ms)
	RebuildNativeTypeToScriptingClass (10ms)
	initialDomainReloadingComplete (42ms)
	LoadAllAssembliesAndSetupDomain (302ms)
		LoadAssemblies (233ms)
		AnalyzeDomain (137ms)
			TypeCache.Refresh (6ms)
			BuildScriptInfoCaches (121ms)
			ResolveRequiredComponents (9ms)
	FinalizeReload (531ms)
		SetupLoadedEditorAssemblies (0ms)
			BeforeProcessingInitializeOnLoad (112ms)
			ProcessInitializeOnLoadAttributes (168ms)
			ProcessInitializeOnLoadMethodAttributes (103ms)
			AfterProcessingInitializeOnLoad (4ms)
		AwakeInstancesAfterBackupRestoration (13ms)
Unloading 25 Unused Serialized files (Serialized files now loaded: 0)
Unloading 6503 unused Assets / (5.6 MB). Loaded Objects now: 7517.
Memory consumption went from 202.7 MB to 197.1 MB.
Total: 7.902600 ms (FindLiveObjects: 0.730300 ms CreateObjectMapping: 0.328900 ms MarkObjects: 4.401800 ms  DeleteObjects: 2.439600 ms)

Prepare: number of updated asset objects reloaded= 0
========================================================================
Received Prepare
Begin MonoManager ReloadAssembly
[Licensing::Client] Successfully resolved entitlement details
Assembly Assembly-CSharp-Editor-firstpass.dll at Library/ScriptAssemblies/Assembly-CSharp-Editor-firstpass.dll not valid. Loading of assembly skipped.
Assembly Assembly-CSharp-firstpass.dll at Library/ScriptAssemblies/Assembly-CSharp-firstpass.dll not valid. Loading of assembly skipped.
Assembly DocCodeExamples.dll at Library/ScriptAssemblies/DocCodeExamples.dll not valid. Loading of assembly skipped.
Assembly TestNewCustomAssembly.dll at Library/ScriptAssemblies/TestNewCustomAssembly.dll not valid. Loading of assembly skipped.
Assembly Unity.Collections.BurstCompatibilityGen.dll at Library/ScriptAssemblies/Unity.Collections.BurstCompatibilityGen.dll not valid. Loading of assembly skipped.
Assembly Unity.Collections.DocCodeSamples.dll at Library/ScriptAssemblies/Unity.Collections.DocCodeSamples.dll not valid. Loading of assembly skipped.
Assembly Unity.Collections.PerformanceTests.dll at Library/ScriptAssemblies/Unity.Collections.PerformanceTests.dll not valid. Loading of assembly skipped.
Assembly Unity.Collections.Tests.dll at Library/ScriptAssemblies/Unity.Collections.Tests.dll not valid. Loading of assembly skipped.
Assembly Unity.Collections.Tests.Playmode.dll at Library/ScriptAssemblies/Unity.Collections.Tests.Playmode.dll not valid. Loading of assembly skipped.
Assembly Unity.InputSystem.IntegrationTests.dll at Library/ScriptAssemblies/Unity.InputSystem.IntegrationTests.dll not valid. Loading of assembly skipped.
Assembly Unity.Mathematics.Tests.dll at Library/ScriptAssemblies/Unity.Mathematics.Tests.dll not valid. Loading of assembly skipped.
Assembly Unity.Multiplayer.Center.Editor.Tests.dll at Library/ScriptAssemblies/Unity.Multiplayer.Center.Editor.Tests.dll not valid. Loading of assembly skipped.
Assembly Unity.Multiplayer.Center.Tests.dll at Library/ScriptAssemblies/Unity.Multiplayer.Center.Tests.dll not valid. Loading of assembly skipped.
Assembly Unity.Nuget.Mono-Cecil.dll at Library/ScriptAssemblies/Unity.Nuget.Mono-Cecil.dll not valid. Loading of assembly skipped.
Assembly Unity.PathTracing.Editor.Tests.dll at Library/ScriptAssemblies/Unity.PathTracing.Editor.Tests.dll not valid. Loading of assembly skipped.
Assembly Unity.PathTracing.Runtime.Tests.dll at Library/ScriptAssemblies/Unity.PathTracing.Runtime.Tests.dll not valid. Loading of assembly skipped.
Assembly Unity.RenderPipelines.Core.Editor.Tests.dll at Library/ScriptAssemblies/Unity.RenderPipelines.Core.Editor.Tests.dll not valid. Loading of assembly skipped.
Assembly Unity.RenderPipelines.Core.Runtime.Tests.dll at Library/ScriptAssemblies/Unity.RenderPipelines.Core.Runtime.Tests.dll not valid. Loading of assembly skipped.
Assembly Unity.RenderPipelines.Universal.Config.Editor.Tests.dll at Library/ScriptAssemblies/Unity.RenderPipelines.Universal.Config.Editor.Tests.dll not valid. Loading of assembly skipped.
Assembly Unity.RenderPipelines.Universal.Editor.Tests.dll at Library/ScriptAssemblies/Unity.RenderPipelines.Universal.Editor.Tests.dll not valid. Loading of assembly skipped.
Assembly Unity.RenderPipelines.Universal.Runtime.Tests.dll at Library/ScriptAssemblies/Unity.RenderPipelines.Universal.Runtime.Tests.dll not valid. Loading of assembly skipped.
Assembly Unity.Searcher.EditorTests.dll at Library/ScriptAssemblies/Unity.Searcher.EditorTests.dll not valid. Loading of assembly skipped.
Assembly Unity.Settings.Tests.dll at Library/ScriptAssemblies/Unity.Settings.Tests.dll not valid. Loading of assembly skipped.
Assembly Unity.ShaderGraph.Editor.Tests.dll at Library/ScriptAssemblies/Unity.ShaderGraph.Editor.Tests.dll not valid. Loading of assembly skipped.
Assembly Unity.TextMeshPro.Editor.Tests.dll at Library/ScriptAssemblies/Unity.TextMeshPro.Editor.Tests.dll not valid. Loading of assembly skipped.
Assembly Unity.TextMeshPro.Tests.dll at Library/ScriptAssemblies/Unity.TextMeshPro.Tests.dll not valid. Loading of assembly skipped.
Assembly Unity.UnifiedRayTracing.Editor.Tests.dll at Library/ScriptAssemblies/Unity.UnifiedRayTracing.Editor.Tests.dll not valid. Loading of assembly skipped.
Assembly UnityEditor.UI.Common.Tests.dll at Library/ScriptAssemblies/UnityEditor.UI.Common.Tests.dll not valid. Loading of assembly skipped.
Assembly UnityEditor.UI.EditorTests.dll at Library/ScriptAssemblies/UnityEditor.UI.EditorTests.dll not valid. Loading of assembly skipped.
Assembly UnityEngine.UI.Tests.dll at Library/ScriptAssemblies/UnityEngine.UI.Tests.dll not valid. Loading of assembly skipped.
Native extension for WindowsStandalone target not found
Native extension for WebGL target not found
[Package Manager] Failed to launch server process. Reason: Unity was launched with the -noUpm command-line argument
[Package Manager] Unable to send message (not connected to server process).
[Package Manager] Cannot connect to Unity Package Manager local server
[Package Manager] Failed to launch server process. Reason: Unity was launched with the -noUpm command-line argument
[Package Manager] Unable to send message (not connected to server process).
[Package Manager] Cannot connect to Unity Package Manager local server
[Package Manager] Failed to launch server process. Reason: Unity was launched with the -noUpm command-line argument
[Package Manager] Unable to send message (not connected to server process).
[Package Manager] Cannot connect to Unity Package Manager local server
[MODES] ModeService[none].Initialize
[MODES] ModeService[none].LoadModes
ScheduleIndexationOnStartup MainProcess:False IndexOnStartup:True
Mono: successfully reloaded assembly
- Finished resetting the current domain, in  0.588 seconds
Domain Reload Profiling: 1138ms
	BeginReloadAssembly (161ms)
		DisableScriptedObjects (4ms)
		CreateAndSetChildDomain (29ms)
	RebuildCommonClasses (29ms)
	RebuildNativeTypeToScriptingClass (9ms)
	initialDomainReloadingComplete (42ms)
	LoadAllAssembliesAndSetupDomain (309ms)
		LoadAssemblies (238ms)
		AnalyzeDomain (139ms)
			TypeCache.Refresh (6ms)
			BuildScriptInfoCaches (122ms)
			ResolveRequiredComponents (9ms)
	FinalizeReload (588ms)
		SetupLoadedEditorAssemblies (0ms)
			BeforeProcessingInitializeOnLoad (119ms)
			ProcessInitializeOnLoadAttributes (197ms)
			ProcessInitializeOnLoadMethodAttributes (116ms)
			AfterProcessingInitializeOnLoad (5ms)
		AwakeInstancesAfterBackupRestoration (18ms)
Unloading 25 Unused Serialized files (Serialized files now loaded: 0)
Unloading 6503 unused Assets / (5.0 MB). Loaded Objects now: 7519.
Memory consumption went from 206.8 MB to 201.7 MB.
Total: 7.929300 ms (FindLiveObjects: 0.489700 ms CreateObjectMapping: 0.454700 ms MarkObjects: 5.045300 ms  DeleteObjects: 1.938200 ms)

Prepare: number of updated asset objects reloaded= 0
========================================================================
Received Prepare
Begin MonoManager ReloadAssembly
[Licensing::Client] Successfully resolved entitlement details
Assembly Assembly-CSharp-Editor-firstpass.dll at Library/ScriptAssemblies/Assembly-CSharp-Editor-firstpass.dll not valid. Loading of assembly skipped.
Assembly Assembly-CSharp-firstpass.dll at Library/ScriptAssemblies/Assembly-CSharp-firstpass.dll not valid. Loading of assembly skipped.
Assembly DocCodeExamples.dll at Library/ScriptAssemblies/DocCodeExamples.dll not valid. Loading of assembly skipped.
Assembly TestNewCustomAssembly.dll at Library/ScriptAssemblies/TestNewCustomAssembly.dll not valid. Loading of assembly skipped.
Assembly Unity.Collections.BurstCompatibilityGen.dll at Library/ScriptAssemblies/Unity.Collections.BurstCompatibilityGen.dll not valid. Loading of assembly skipped.
Assembly Unity.Collections.DocCodeSamples.dll at Library/ScriptAssemblies/Unity.Collections.DocCodeSamples.dll not valid. Loading of assembly skipped.
Assembly Unity.Collections.PerformanceTests.dll at Library/ScriptAssemblies/Unity.Collections.PerformanceTests.dll not valid. Loading of assembly skipped.
Assembly Unity.Collections.Tests.dll at Library/ScriptAssemblies/Unity.Collections.Tests.dll not valid. Loading of assembly skipped.
Assembly Unity.Collections.Tests.Playmode.dll at Library/ScriptAssemblies/Unity.Collections.Tests.Playmode.dll not valid. Loading of assembly skipped.
Assembly Unity.InputSystem.IntegrationTests.dll at Library/ScriptAssemblies/Unity.InputSystem.IntegrationTests.dll not valid. Loading of assembly skipped.
Assembly Unity.Mathematics.Tests.dll at Library/ScriptAssemblies/Unity.Mathematics.Tests.dll not valid. Loading of assembly skipped.
Assembly Unity.Multiplayer.Center.Editor.Tests.dll at Library/ScriptAssemblies/Unity.Multiplayer.Center.Editor.Tests.dll not valid. Loading of assembly skipped.
Assembly Unity.Multiplayer.Center.Tests.dll at Library/ScriptAssemblies/Unity.Multiplayer.Center.Tests.dll not valid. Loading of assembly skipped.
Assembly Unity.Nuget.Mono-Cecil.dll at Library/ScriptAssemblies/Unity.Nuget.Mono-Cecil.dll not valid. Loading of assembly skipped.
Assembly Unity.PathTracing.Editor.Tests.dll at Library/ScriptAssemblies/Unity.PathTracing.Editor.Tests.dll not valid. Loading of assembly skipped.
Assembly Unity.PathTracing.Runtime.Tests.dll at Library/ScriptAssemblies/Unity.PathTracing.Runtime.Tests.dll not valid. Loading of assembly skipped.
Assembly Unity.RenderPipelines.Core.Editor.Tests.dll at Library/ScriptAssemblies/Unity.RenderPipelines.Core.Editor.Tests.dll not valid. Loading of assembly skipped.
Assembly Unity.RenderPipelines.Core.Runtime.Tests.dll at Library/ScriptAssemblies/Unity.RenderPipelines.Core.Runtime.Tests.dll not valid. Loading of assembly skipped.
Assembly Unity.RenderPipelines.Universal.Config.Editor.Tests.dll at Library/ScriptAssemblies/Unity.RenderPipelines.Universal.Config.Editor.Tests.dll not valid. Loading of assembly skipped.
Assembly Unity.RenderPipelines.Universal.Editor.Tests.dll at Library/ScriptAssemblies/Unity.RenderPipelines.Universal.Editor.Tests.dll not valid. Loading of assembly skipped.
Assembly Unity.RenderPipelines.Universal.Runtime.Tests.dll at Library/ScriptAssemblies/Unity.RenderPipelines.Universal.Runtime.Tests.dll not valid. Loading of assembly skipped.
Assembly Unity.Searcher.EditorTests.dll at Library/ScriptAssemblies/Unity.Searcher.EditorTests.dll not valid. Loading of assembly skipped.
Assembly Unity.Settings.Tests.dll at Library/ScriptAssemblies/Unity.Settings.Tests.dll not valid. Loading of assembly skipped.
Assembly Unity.ShaderGraph.Editor.Tests.dll at Library/ScriptAssemblies/Unity.ShaderGraph.Editor.Tests.dll not valid. Loading of assembly skipped.
Assembly Unity.TextMeshPro.Editor.Tests.dll at Library/ScriptAssemblies/Unity.TextMeshPro.Editor.Tests.dll not valid. Loading of assembly skipped.
Assembly Unity.TextMeshPro.Tests.dll at Library/ScriptAssemblies/Unity.TextMeshPro.Tests.dll not valid. Loading of assembly skipped.
Assembly Unity.UnifiedRayTracing.Editor.Tests.dll at Library/ScriptAssemblies/Unity.UnifiedRayTracing.Editor.Tests.dll not valid. Loading of assembly skipped.
Assembly UnityEditor.UI.Common.Tests.dll at Library/ScriptAssemblies/UnityEditor.UI.Common.Tests.dll not valid. Loading of assembly skipped.
Assembly UnityEditor.UI.EditorTests.dll at Library/ScriptAssemblies/UnityEditor.UI.EditorTests.dll not valid. Loading of assembly skipped.
Assembly UnityEngine.UI.Tests.dll at Library/ScriptAssemblies/UnityEngine.UI.Tests.dll not valid. Loading of assembly skipped.
Native extension for WindowsStandalone target not found
Native extension for WebGL target not found
[Package Manager] Failed to launch server process. Reason: Unity was launched with the -noUpm command-line argument
[Package Manager] Unable to send message (not connected to server process).
[Package Manager] Cannot connect to Unity Package Manager local server
[Package Manager] Failed to launch server process. Reason: Unity was launched with the -noUpm command-line argument
[Package Manager] Unable to send message (not connected to server process).
[Package Manager] Cannot connect to Unity Package Manager local server
[Package Manager] Failed to launch server process. Reason: Unity was launched with the -noUpm command-line argument
[Package Manager] Unable to send message (not connected to server process).
[Package Manager] Cannot connect to Unity Package Manager local server
[MODES] ModeService[none].Initialize
[MODES] ModeService[none].LoadModes
ScheduleIndexationOnStartup MainProcess:False IndexOnStartup:True
Mono: successfully reloaded assembly
- Finished resetting the current domain, in  0.507 seconds
Domain Reload Profiling: 1053ms
	BeginReloadAssembly (165ms)
		DisableScriptedObjects (4ms)
		CreateAndSetChildDomain (32ms)
	RebuildCommonClasses (29ms)
	RebuildNativeTypeToScriptingClass (9ms)
	initialDomainReloadingComplete (40ms)
	LoadAllAssembliesAndSetupDomain (301ms)
		LoadAssemblies (235ms)
		AnalyzeDomain (136ms)
			TypeCache.Refresh (6ms)
			BuildScriptInfoCaches (120ms)
			ResolveRequiredComponents (9ms)
	FinalizeReload (508ms)
		SetupLoadedEditorAssemblies (0ms)
			BeforeProcessingInitializeOnLoad (114ms)
			ProcessInitializeOnLoadAttributes (154ms)
			ProcessInitializeOnLoadMethodAttributes (93ms)
			AfterProcessingInitializeOnLoad (4ms)
		AwakeInstancesAfterBackupRestoration (12ms)
Unloading 25 Unused Serialized files (Serialized files now loaded: 0)
Unloading 6503 unused Assets / (5.5 MB). Loaded Objects now: 7521.
Memory consumption went from 210.7 MB to 205.2 MB.
Total: 7.667400 ms (FindLiveObjects: 0.617600 ms CreateObjectMapping: 0.507500 ms MarkObjects: 3.951800 ms  DeleteObjects: 2.589200 ms)

Prepare: number of updated asset objects reloaded= 0
========================================================================
Received Prepare
Begin MonoManager ReloadAssembly
[Licensing::Client] Successfully resolved entitlement details
Assembly Assembly-CSharp-Editor-firstpass.dll at Library/ScriptAssemblies/Assembly-CSharp-Editor-firstpass.dll not valid. Loading of assembly skipped.
Assembly Assembly-CSharp-firstpass.dll at Library/ScriptAssemblies/Assembly-CSharp-firstpass.dll not valid. Loading of assembly skipped.
Assembly DocCodeExamples.dll at Library/ScriptAssemblies/DocCodeExamples.dll not valid. Loading of assembly skipped.
Assembly TestNewCustomAssembly.dll at Library/ScriptAssemblies/TestNewCustomAssembly.dll not valid. Loading of assembly skipped.
Assembly Unity.Collections.BurstCompatibilityGen.dll at Library/ScriptAssemblies/Unity.Collections.BurstCompatibilityGen.dll not valid. Loading of assembly skipped.
Assembly Unity.Collections.DocCodeSamples.dll at Library/ScriptAssemblies/Unity.Collections.DocCodeSamples.dll not valid. Loading of assembly skipped.
Assembly Unity.Collections.PerformanceTests.dll at Library/ScriptAssemblies/Unity.Collections.PerformanceTests.dll not valid. Loading of assembly skipped.
Assembly Unity.Collections.Tests.dll at Library/ScriptAssemblies/Unity.Collections.Tests.dll not valid. Loading of assembly skipped.
Assembly Unity.Collections.Tests.Playmode.dll at Library/ScriptAssemblies/Unity.Collections.Tests.Playmode.dll not valid. Loading of assembly skipped.
Assembly Unity.InputSystem.IntegrationTests.dll at Library/ScriptAssemblies/Unity.InputSystem.IntegrationTests.dll not valid. Loading of assembly skipped.
Assembly Unity.Mathematics.Tests.dll at Library/ScriptAssemblies/Unity.Mathematics.Tests.dll not valid. Loading of assembly skipped.
Assembly Unity.Multiplayer.Center.Editor.Tests.dll at Library/ScriptAssemblies/Unity.Multiplayer.Center.Editor.Tests.dll not valid. Loading of assembly skipped.
Assembly Unity.Multiplayer.Center.Tests.dll at Library/ScriptAssemblies/Unity.Multiplayer.Center.Tests.dll not valid. Loading of assembly skipped.
Assembly Unity.Nuget.Mono-Cecil.dll at Library/ScriptAssemblies/Unity.Nuget.Mono-Cecil.dll not valid. Loading of assembly skipped.
Assembly Unity.PathTracing.Editor.Tests.dll at Library/ScriptAssemblies/Unity.PathTracing.Editor.Tests.dll not valid. Loading of assembly skipped.
Assembly Unity.PathTracing.Runtime.Tests.dll at Library/ScriptAssemblies/Unity.PathTracing.Runtime.Tests.dll not valid. Loading of assembly skipped.
Assembly Unity.RenderPipelines.Core.Editor.Tests.dll at Library/ScriptAssemblies/Unity.RenderPipelines.Core.Editor.Tests.dll not valid. Loading of assembly skipped.
Assembly Unity.RenderPipelines.Core.Runtime.Tests.dll at Library/ScriptAssemblies/Unity.RenderPipelines.Core.Runtime.Tests.dll not valid. Loading of assembly skipped.
Assembly Unity.RenderPipelines.Universal.Config.Editor.Tests.dll at Library/ScriptAssemblies/Unity.RenderPipelines.Universal.Config.Editor.Tests.dll not valid. Loading of assembly skipped.
Assembly Unity.RenderPipelines.Universal.Editor.Tests.dll at Library/ScriptAssemblies/Unity.RenderPipelines.Universal.Editor.Tests.dll not valid. Loading of assembly skipped.
Assembly Unity.RenderPipelines.Universal.Runtime.Tests.dll at Library/ScriptAssemblies/Unity.RenderPipelines.Universal.Runtime.Tests.dll not valid. Loading of assembly skipped.
Assembly Unity.Searcher.EditorTests.dll at Library/ScriptAssemblies/Unity.Searcher.EditorTests.dll not valid. Loading of assembly skipped.
Assembly Unity.Settings.Tests.dll at Library/ScriptAssemblies/Unity.Settings.Tests.dll not valid. Loading of assembly skipped.
Assembly Unity.ShaderGraph.Editor.Tests.dll at Library/ScriptAssemblies/Unity.ShaderGraph.Editor.Tests.dll not valid. Loading of assembly skipped.
Assembly Unity.TextMeshPro.Editor.Tests.dll at Library/ScriptAssemblies/Unity.TextMeshPro.Editor.Tests.dll not valid. Loading of assembly skipped.
Assembly Unity.TextMeshPro.Tests.dll at Library/ScriptAssemblies/Unity.TextMeshPro.Tests.dll not valid. Loading of assembly skipped.
Assembly Unity.UnifiedRayTracing.Editor.Tests.dll at Library/ScriptAssemblies/Unity.UnifiedRayTracing.Editor.Tests.dll not valid. Loading of assembly skipped.
Assembly UnityEditor.UI.Common.Tests.dll at Library/ScriptAssemblies/UnityEditor.UI.Common.Tests.dll not valid. Loading of assembly skipped.
Assembly UnityEditor.UI.EditorTests.dll at Library/ScriptAssemblies/UnityEditor.UI.EditorTests.dll not valid. Loading of assembly skipped.
Assembly UnityEngine.UI.Tests.dll at Library/ScriptAssemblies/UnityEngine.UI.Tests.dll not valid. Loading of assembly skipped.
Native extension for WindowsStandalone target not found
Native extension for WebGL target not found
[Package Manager] Failed to launch server process. Reason: Unity was launched with the -noUpm command-line argument
[Package Manager] Unable to send message (not connected to server process).
[Package Manager] Cannot connect to Unity Package Manager local server
[Package Manager] Failed to launch server process. Reason: Unity was launched with the -noUpm command-line argument
[Package Manager] Unable to send message (not connected to server process).
[Package Manager] Cannot connect to Unity Package Manager local server
[Package Manager] Failed to launch server process. Reason: Unity was launched with the -noUpm command-line argument
[Package Manager] Unable to send message (not connected to server process).
[Package Manager] Cannot connect to Unity Package Manager local server
[MODES] ModeService[none].Initialize
[MODES] ModeService[none].LoadModes
ScheduleIndexationOnStartup MainProcess:False IndexOnStartup:True
Mono: successfully reloaded assembly
- Finished resetting the current domain, in  0.526 seconds
Domain Reload Profiling: 1062ms
	BeginReloadAssembly (164ms)
		DisableScriptedObjects (4ms)
		CreateAndSetChildDomain (32ms)
	RebuildCommonClasses (29ms)
	RebuildNativeTypeToScriptingClass (10ms)
	initialDomainReloadingComplete (37ms)
	LoadAllAssembliesAndSetupDomain (296ms)
		LoadAssemblies (227ms)
		AnalyzeDomain (138ms)
			TypeCache.Refresh (6ms)
			BuildScriptInfoCaches (121ms)
			ResolveRequiredComponents (9ms)
	FinalizeReload (526ms)
		SetupLoadedEditorAssemblies (0ms)
			BeforeProcessingInitializeOnLoad (111ms)
			ProcessInitializeOnLoadAttributes (163ms)
			ProcessInitializeOnLoadMethodAttributes (103ms)
			AfterProcessingInitializeOnLoad (4ms)
		AwakeInstancesAfterBackupRestoration (13ms)
Unloading 25 Unused Serialized files (Serialized files now loaded: 0)
Unloading 6503 unused Assets / (5.0 MB). Loaded Objects now: 7523.
Memory consumption went from 214.7 MB to 209.7 MB.
Total: 6.438300 ms (FindLiveObjects: 0.594200 ms CreateObjectMapping: 0.355800 ms MarkObjects: 3.725100 ms  DeleteObjects: 1.761800 ms)

Prepare: number of updated asset objects reloaded= 0
========================================================================
Received Prepare
Begin MonoManager ReloadAssembly
[Licensing::Client] Successfully resolved entitlement details
Assembly Assembly-CSharp-Editor-firstpass.dll at Library/ScriptAssemblies/Assembly-CSharp-Editor-firstpass.dll not valid. Loading of assembly skipped.
Assembly Assembly-CSharp-firstpass.dll at Library/ScriptAssemblies/Assembly-CSharp-firstpass.dll not valid. Loading of assembly skipped.
Assembly DocCodeExamples.dll at Library/ScriptAssemblies/DocCodeExamples.dll not valid. Loading of assembly skipped.
Assembly TestNewCustomAssembly.dll at Library/ScriptAssemblies/TestNewCustomAssembly.dll not valid. Loading of assembly skipped.
Assembly Unity.Collections.BurstCompatibilityGen.dll at Library/ScriptAssemblies/Unity.Collections.BurstCompatibilityGen.dll not valid. Loading of assembly skipped.
Assembly Unity.Collections.DocCodeSamples.dll at Library/ScriptAssemblies/Unity.Collections.DocCodeSamples.dll not valid. Loading of assembly skipped.
Assembly Unity.Collections.PerformanceTests.dll at Library/ScriptAssemblies/Unity.Collections.PerformanceTests.dll not valid. Loading of assembly skipped.
Assembly Unity.Collections.Tests.dll at Library/ScriptAssemblies/Unity.Collections.Tests.dll not valid. Loading of assembly skipped.
Assembly Unity.Collections.Tests.Playmode.dll at Library/ScriptAssemblies/Unity.Collections.Tests.Playmode.dll not valid. Loading of assembly skipped.
Assembly Unity.InputSystem.IntegrationTests.dll at Library/ScriptAssemblies/Unity.InputSystem.IntegrationTests.dll not valid. Loading of assembly skipped.
Assembly Unity.Mathematics.Tests.dll at Library/ScriptAssemblies/Unity.Mathematics.Tests.dll not valid. Loading of assembly skipped.
Assembly Unity.Multiplayer.Center.Editor.Tests.dll at Library/ScriptAssemblies/Unity.Multiplayer.Center.Editor.Tests.dll not valid. Loading of assembly skipped.
Assembly Unity.Multiplayer.Center.Tests.dll at Library/ScriptAssemblies/Unity.Multiplayer.Center.Tests.dll not valid. Loading of assembly skipped.
Assembly Unity.Nuget.Mono-Cecil.dll at Library/ScriptAssemblies/Unity.Nuget.Mono-Cecil.dll not valid. Loading of assembly skipped.
Assembly Unity.PathTracing.Editor.Tests.dll at Library/ScriptAssemblies/Unity.PathTracing.Editor.Tests.dll not valid. Loading of assembly skipped.
Assembly Unity.PathTracing.Runtime.Tests.dll at Library/ScriptAssemblies/Unity.PathTracing.Runtime.Tests.dll not valid. Loading of assembly skipped.
Assembly Unity.RenderPipelines.Core.Editor.Tests.dll at Library/ScriptAssemblies/Unity.RenderPipelines.Core.Editor.Tests.dll not valid. Loading of assembly skipped.
Assembly Unity.RenderPipelines.Core.Runtime.Tests.dll at Library/ScriptAssemblies/Unity.RenderPipelines.Core.Runtime.Tests.dll not valid. Loading of assembly skipped.
Assembly Unity.RenderPipelines.Universal.Config.Editor.Tests.dll at Library/ScriptAssemblies/Unity.RenderPipelines.Universal.Config.Editor.Tests.dll not valid. Loading of assembly skipped.
Assembly Unity.RenderPipelines.Universal.Editor.Tests.dll at Library/ScriptAssemblies/Unity.RenderPipelines.Universal.Editor.Tests.dll not valid. Loading of assembly skipped.
Assembly Unity.RenderPipelines.Universal.Runtime.Tests.dll at Library/ScriptAssemblies/Unity.RenderPipelines.Universal.Runtime.Tests.dll not valid. Loading of assembly skipped.
Assembly Unity.Searcher.EditorTests.dll at Library/ScriptAssemblies/Unity.Searcher.EditorTests.dll not valid. Loading of assembly skipped.
Assembly Unity.Settings.Tests.dll at Library/ScriptAssemblies/Unity.Settings.Tests.dll not valid. Loading of assembly skipped.
Assembly Unity.ShaderGraph.Editor.Tests.dll at Library/ScriptAssemblies/Unity.ShaderGraph.Editor.Tests.dll not valid. Loading of assembly skipped.
Assembly Unity.TextMeshPro.Editor.Tests.dll at Library/ScriptAssemblies/Unity.TextMeshPro.Editor.Tests.dll not valid. Loading of assembly skipped.
Assembly Unity.TextMeshPro.Tests.dll at Library/ScriptAssemblies/Unity.TextMeshPro.Tests.dll not valid. Loading of assembly skipped.
Assembly Unity.UnifiedRayTracing.Editor.Tests.dll at Library/ScriptAssemblies/Unity.UnifiedRayTracing.Editor.Tests.dll not valid. Loading of assembly skipped.
Assembly UnityEditor.UI.Common.Tests.dll at Library/ScriptAssemblies/UnityEditor.UI.Common.Tests.dll not valid. Loading of assembly skipped.
Assembly UnityEditor.UI.EditorTests.dll at Library/ScriptAssemblies/UnityEditor.UI.EditorTests.dll not valid. Loading of assembly skipped.
Assembly UnityEngine.UI.Tests.dll at Library/ScriptAssemblies/UnityEngine.UI.Tests.dll not valid. Loading of assembly skipped.
Native extension for WindowsStandalone target not found
Native extension for WebGL target not found
[Package Manager] Failed to launch server process. Reason: Unity was launched with the -noUpm command-line argument
[Package Manager] Unable to send message (not connected to server process).
[Package Manager] Cannot connect to Unity Package Manager local server
[Package Manager] Failed to launch server process. Reason: Unity was launched with the -noUpm command-line argument
[Package Manager] Unable to send message (not connected to server process).
[Package Manager] Cannot connect to Unity Package Manager local server
[Package Manager] Failed to launch server process. Reason: Unity was launched with the -noUpm command-line argument
[Package Manager] Unable to send message (not connected to server process).
[Package Manager] Cannot connect to Unity Package Manager local server
[MODES] ModeService[none].Initialize
[MODES] ModeService[none].LoadModes
ScheduleIndexationOnStartup MainProcess:False IndexOnStartup:True
Mono: successfully reloaded assembly
- Finished resetting the current domain, in  0.500 seconds
Domain Reload Profiling: 1030ms
	BeginReloadAssembly (157ms)
		DisableScriptedObjects (4ms)
		CreateAndSetChildDomain (29ms)
	RebuildCommonClasses (29ms)
	RebuildNativeTypeToScriptingClass (9ms)
	initialDomainReloadingComplete (38ms)
	LoadAllAssembliesAndSetupDomain (296ms)
		LoadAssemblies (228ms)
		AnalyzeDomain (133ms)
			TypeCache.Refresh (7ms)
			BuildScriptInfoCaches (117ms)
			ResolveRequiredComponents (9ms)
	FinalizeReload (500ms)
		SetupLoadedEditorAssemblies (0ms)
			BeforeProcessingInitializeOnLoad (107ms)
			ProcessInitializeOnLoadAttributes (147ms)
			ProcessInitializeOnLoadMethodAttributes (92ms)
			AfterProcessingInitializeOnLoad (4ms)
		AwakeInstancesAfterBackupRestoration (12ms)
Unloading 25 Unused Serialized files (Serialized files now loaded: 0)
Unloading 6503 unused Assets / (4.7 MB). Loaded Objects now: 7525.
Memory consumption went from 218.7 MB to 214.0 MB.
Total: 6.562300 ms (FindLiveObjects: 0.504300 ms CreateObjectMapping: 0.299900 ms MarkObjects: 3.785600 ms  DeleteObjects: 1.970600 ms)

Prepare: number of updated asset objects reloaded= 0
========================================================================
Received Prepare
Begin MonoManager ReloadAssembly
[Licensing::Client] Successfully resolved entitlement details
Assembly Assembly-CSharp-Editor-firstpass.dll at Library/ScriptAssemblies/Assembly-CSharp-Editor-firstpass.dll not valid. Loading of assembly skipped.
Assembly Assembly-CSharp-firstpass.dll at Library/ScriptAssemblies/Assembly-CSharp-firstpass.dll not valid. Loading of assembly skipped.
Assembly DocCodeExamples.dll at Library/ScriptAssemblies/DocCodeExamples.dll not valid. Loading of assembly skipped.
Assembly TestNewCustomAssembly.dll at Library/ScriptAssemblies/TestNewCustomAssembly.dll not valid. Loading of assembly skipped.
Assembly Unity.Collections.BurstCompatibilityGen.dll at Library/ScriptAssemblies/Unity.Collections.BurstCompatibilityGen.dll not valid. Loading of assembly skipped.
Assembly Unity.Collections.DocCodeSamples.dll at Library/ScriptAssemblies/Unity.Collections.DocCodeSamples.dll not valid. Loading of assembly skipped.
Assembly Unity.Collections.PerformanceTests.dll at Library/ScriptAssemblies/Unity.Collections.PerformanceTests.dll not valid. Loading of assembly skipped.
Assembly Unity.Collections.Tests.dll at Library/ScriptAssemblies/Unity.Collections.Tests.dll not valid. Loading of assembly skipped.
Assembly Unity.Collections.Tests.Playmode.dll at Library/ScriptAssemblies/Unity.Collections.Tests.Playmode.dll not valid. Loading of assembly skipped.
Assembly Unity.InputSystem.IntegrationTests.dll at Library/ScriptAssemblies/Unity.InputSystem.IntegrationTests.dll not valid. Loading of assembly skipped.
Assembly Unity.Mathematics.Tests.dll at Library/ScriptAssemblies/Unity.Mathematics.Tests.dll not valid. Loading of assembly skipped.
Assembly Unity.Multiplayer.Center.Editor.Tests.dll at Library/ScriptAssemblies/Unity.Multiplayer.Center.Editor.Tests.dll not valid. Loading of assembly skipped.
Assembly Unity.Multiplayer.Center.Tests.dll at Library/ScriptAssemblies/Unity.Multiplayer.Center.Tests.dll not valid. Loading of assembly skipped.
Assembly Unity.Nuget.Mono-Cecil.dll at Library/ScriptAssemblies/Unity.Nuget.Mono-Cecil.dll not valid. Loading of assembly skipped.
Assembly Unity.PathTracing.Editor.Tests.dll at Library/ScriptAssemblies/Unity.PathTracing.Editor.Tests.dll not valid. Loading of assembly skipped.
Assembly Unity.PathTracing.Runtime.Tests.dll at Library/ScriptAssemblies/Unity.PathTracing.Runtime.Tests.dll not valid. Loading of assembly skipped.
Assembly Unity.RenderPipelines.Core.Editor.Tests.dll at Library/ScriptAssemblies/Unity.RenderPipelines.Core.Editor.Tests.dll not valid. Loading of assembly skipped.
Assembly Unity.RenderPipelines.Core.Runtime.Tests.dll at Library/ScriptAssemblies/Unity.RenderPipelines.Core.Runtime.Tests.dll not valid. Loading of assembly skipped.
Assembly Unity.RenderPipelines.Universal.Config.Editor.Tests.dll at Library/ScriptAssemblies/Unity.RenderPipelines.Universal.Config.Editor.Tests.dll not valid. Loading of assembly skipped.
Assembly Unity.RenderPipelines.Universal.Editor.Tests.dll at Library/ScriptAssemblies/Unity.RenderPipelines.Universal.Editor.Tests.dll not valid. Loading of assembly skipped.
Assembly Unity.RenderPipelines.Universal.Runtime.Tests.dll at Library/ScriptAssemblies/Unity.RenderPipelines.Universal.Runtime.Tests.dll not valid. Loading of assembly skipped.
Assembly Unity.Searcher.EditorTests.dll at Library/ScriptAssemblies/Unity.Searcher.EditorTests.dll not valid. Loading of assembly skipped.
Assembly Unity.Settings.Tests.dll at Library/ScriptAssemblies/Unity.Settings.Tests.dll not valid. Loading of assembly skipped.
Assembly Unity.ShaderGraph.Editor.Tests.dll at Library/ScriptAssemblies/Unity.ShaderGraph.Editor.Tests.dll not valid. Loading of assembly skipped.
Assembly Unity.TextMeshPro.Editor.Tests.dll at Library/ScriptAssemblies/Unity.TextMeshPro.Editor.Tests.dll not valid. Loading of assembly skipped.
Assembly Unity.TextMeshPro.Tests.dll at Library/ScriptAssemblies/Unity.TextMeshPro.Tests.dll not valid. Loading of assembly skipped.
Assembly Unity.UnifiedRayTracing.Editor.Tests.dll at Library/ScriptAssemblies/Unity.UnifiedRayTracing.Editor.Tests.dll not valid. Loading of assembly skipped.
Assembly UnityEditor.UI.Common.Tests.dll at Library/ScriptAssemblies/UnityEditor.UI.Common.Tests.dll not valid. Loading of assembly skipped.
Assembly UnityEditor.UI.EditorTests.dll at Library/ScriptAssemblies/UnityEditor.UI.EditorTests.dll not valid. Loading of assembly skipped.
Assembly UnityEngine.UI.Tests.dll at Library/ScriptAssemblies/UnityEngine.UI.Tests.dll not valid. Loading of assembly skipped.
Native extension for WindowsStandalone target not found
Native extension for WebGL target not found
[Package Manager] Failed to launch server process. Reason: Unity was launched with the -noUpm command-line argument
[Package Manager] Unable to send message (not connected to server process).
[Package Manager] Cannot connect to Unity Package Manager local server
[Package Manager] Failed to launch server process. Reason: Unity was launched with the -noUpm command-line argument
[Package Manager] Unable to send message (not connected to server process).
[Package Manager] Cannot connect to Unity Package Manager local server
[Package Manager] Failed to launch server process. Reason: Unity was launched with the -noUpm command-line argument
[Package Manager] Unable to send message (not connected to server process).
[Package Manager] Cannot connect to Unity Package Manager local server
[MODES] ModeService[none].Initialize
[MODES] ModeService[none].LoadModes
ScheduleIndexationOnStartup MainProcess:False IndexOnStartup:True
Mono: successfully reloaded assembly
- Finished resetting the current domain, in  0.511 seconds
Domain Reload Profiling: 1029ms
	BeginReloadAssembly (155ms)
		DisableScriptedObjects (4ms)
		CreateAndSetChildDomain (26ms)
	RebuildCommonClasses (29ms)
	RebuildNativeTypeToScriptingClass (10ms)
	initialDomainReloadingComplete (36ms)
	LoadAllAssembliesAndSetupDomain (287ms)
		LoadAssemblies (220ms)
		AnalyzeDomain (134ms)
			TypeCache.Refresh (6ms)
			BuildScriptInfoCaches (118ms)
			ResolveRequiredComponents (9ms)
	FinalizeReload (511ms)
		SetupLoadedEditorAssemblies (0ms)
			BeforeProcessingInitializeOnLoad (112ms)
			ProcessInitializeOnLoadAttributes (152ms)
			ProcessInitializeOnLoadMethodAttributes (96ms)
			AfterProcessingInitializeOnLoad (4ms)
		AwakeInstancesAfterBackupRestoration (12ms)
Unloading 25 Unused Serialized files (Serialized files now loaded: 0)
Unloading 6503 unused Assets / (5.2 MB). Loaded Objects now: 7527.
Memory consumption went from 222.7 MB to 217.4 MB.
Total: 6.895400 ms (FindLiveObjects: 0.569200 ms CreateObjectMapping: 0.466600 ms MarkObjects: 3.708700 ms  DeleteObjects: 2.149700 ms)

Prepare: number of updated asset objects reloaded= 0
========================================================================
Received Prepare
Begin MonoManager ReloadAssembly
[Licensing::Client] Successfully resolved entitlement details
Assembly Assembly-CSharp-Editor-firstpass.dll at Library/ScriptAssemblies/Assembly-CSharp-Editor-firstpass.dll not valid. Loading of assembly skipped.
Assembly Assembly-CSharp-firstpass.dll at Library/ScriptAssemblies/Assembly-CSharp-firstpass.dll not valid. Loading of assembly skipped.
Assembly DocCodeExamples.dll at Library/ScriptAssemblies/DocCodeExamples.dll not valid. Loading of assembly skipped.
Assembly TestNewCustomAssembly.dll at Library/ScriptAssemblies/TestNewCustomAssembly.dll not valid. Loading of assembly skipped.
Assembly Unity.Collections.BurstCompatibilityGen.dll at Library/ScriptAssemblies/Unity.Collections.BurstCompatibilityGen.dll not valid. Loading of assembly skipped.
Assembly Unity.Collections.DocCodeSamples.dll at Library/ScriptAssemblies/Unity.Collections.DocCodeSamples.dll not valid. Loading of assembly skipped.
Assembly Unity.Collections.PerformanceTests.dll at Library/ScriptAssemblies/Unity.Collections.PerformanceTests.dll not valid. Loading of assembly skipped.
Assembly Unity.Collections.Tests.dll at Library/ScriptAssemblies/Unity.Collections.Tests.dll not valid. Loading of assembly skipped.
Assembly Unity.Collections.Tests.Playmode.dll at Library/ScriptAssemblies/Unity.Collections.Tests.Playmode.dll not valid. Loading of assembly skipped.
Assembly Unity.InputSystem.IntegrationTests.dll at Library/ScriptAssemblies/Unity.InputSystem.IntegrationTests.dll not valid. Loading of assembly skipped.
Assembly Unity.Mathematics.Tests.dll at Library/ScriptAssemblies/Unity.Mathematics.Tests.dll not valid. Loading of assembly skipped.
Assembly Unity.Multiplayer.Center.Editor.Tests.dll at Library/ScriptAssemblies/Unity.Multiplayer.Center.Editor.Tests.dll not valid. Loading of assembly skipped.
Assembly Unity.Multiplayer.Center.Tests.dll at Library/ScriptAssemblies/Unity.Multiplayer.Center.Tests.dll not valid. Loading of assembly skipped.
Assembly Unity.Nuget.Mono-Cecil.dll at Library/ScriptAssemblies/Unity.Nuget.Mono-Cecil.dll not valid. Loading of assembly skipped.
Assembly Unity.PathTracing.Editor.Tests.dll at Library/ScriptAssemblies/Unity.PathTracing.Editor.Tests.dll not valid. Loading of assembly skipped.
Assembly Unity.PathTracing.Runtime.Tests.dll at Library/ScriptAssemblies/Unity.PathTracing.Runtime.Tests.dll not valid. Loading of assembly skipped.
Assembly Unity.RenderPipelines.Core.Editor.Tests.dll at Library/ScriptAssemblies/Unity.RenderPipelines.Core.Editor.Tests.dll not valid. Loading of assembly skipped.
Assembly Unity.RenderPipelines.Core.Runtime.Tests.dll at Library/ScriptAssemblies/Unity.RenderPipelines.Core.Runtime.Tests.dll not valid. Loading of assembly skipped.
Assembly Unity.RenderPipelines.Universal.Config.Editor.Tests.dll at Library/ScriptAssemblies/Unity.RenderPipelines.Universal.Config.Editor.Tests.dll not valid. Loading of assembly skipped.
Assembly Unity.RenderPipelines.Universal.Editor.Tests.dll at Library/ScriptAssemblies/Unity.RenderPipelines.Universal.Editor.Tests.dll not valid. Loading of assembly skipped.
Assembly Unity.RenderPipelines.Universal.Runtime.Tests.dll at Library/ScriptAssemblies/Unity.RenderPipelines.Universal.Runtime.Tests.dll not valid. Loading of assembly skipped.
Assembly Unity.Searcher.EditorTests.dll at Library/ScriptAssemblies/Unity.Searcher.EditorTests.dll not valid. Loading of assembly skipped.
Assembly Unity.Settings.Tests.dll at Library/ScriptAssemblies/Unity.Settings.Tests.dll not valid. Loading of assembly skipped.
Assembly Unity.ShaderGraph.Editor.Tests.dll at Library/ScriptAssemblies/Unity.ShaderGraph.Editor.Tests.dll not valid. Loading of assembly skipped.
Assembly Unity.TextMeshPro.Editor.Tests.dll at Library/ScriptAssemblies/Unity.TextMeshPro.Editor.Tests.dll not valid. Loading of assembly skipped.
Assembly Unity.TextMeshPro.Tests.dll at Library/ScriptAssemblies/Unity.TextMeshPro.Tests.dll not valid. Loading of assembly skipped.
Assembly Unity.UnifiedRayTracing.Editor.Tests.dll at Library/ScriptAssemblies/Unity.UnifiedRayTracing.Editor.Tests.dll not valid. Loading of assembly skipped.
Assembly UnityEditor.UI.Common.Tests.dll at Library/ScriptAssemblies/UnityEditor.UI.Common.Tests.dll not valid. Loading of assembly skipped.
Assembly UnityEditor.UI.EditorTests.dll at Library/ScriptAssemblies/UnityEditor.UI.EditorTests.dll not valid. Loading of assembly skipped.
Assembly UnityEngine.UI.Tests.dll at Library/ScriptAssemblies/UnityEngine.UI.Tests.dll not valid. Loading of assembly skipped.
Native extension for WindowsStandalone target not found
Native extension for WebGL target not found
[Package Manager] Failed to launch server process. Reason: Unity was launched with the -noUpm command-line argument
[Package Manager] Unable to send message (not connected to server process).
[Package Manager] Cannot connect to Unity Package Manager local server
[Package Manager] Failed to launch server process. Reason: Unity was launched with the -noUpm command-line argument
[Package Manager] Unable to send message (not connected to server process).
[Package Manager] Cannot connect to Unity Package Manager local server
[Package Manager] Failed to launch server process. Reason: Unity was launched with the -noUpm command-line argument
[Package Manager] Unable to send message (not connected to server process).
[Package Manager] Cannot connect to Unity Package Manager local server
[MODES] ModeService[none].Initialize
[MODES] ModeService[none].LoadModes
ScheduleIndexationOnStartup MainProcess:False IndexOnStartup:True
Mono: successfully reloaded assembly
- Finished resetting the current domain, in  0.506 seconds
Domain Reload Profiling: 1037ms
	BeginReloadAssembly (154ms)
		DisableScriptedObjects (4ms)
		CreateAndSetChildDomain (28ms)
	RebuildCommonClasses (29ms)
	RebuildNativeTypeToScriptingClass (11ms)
	initialDomainReloadingComplete (40ms)
	LoadAllAssembliesAndSetupDomain (298ms)
		LoadAssemblies (225ms)
		AnalyzeDomain (137ms)
			TypeCache.Refresh (6ms)
			BuildScriptInfoCaches (120ms)
			ResolveRequiredComponents (10ms)
	FinalizeReload (506ms)
		SetupLoadedEditorAssemblies (0ms)
			BeforeProcessingInitializeOnLoad (115ms)
			ProcessInitializeOnLoadAttributes (150ms)
			ProcessInitializeOnLoadMethodAttributes (97ms)
			AfterProcessingInitializeOnLoad (4ms)
		AwakeInstancesAfterBackupRestoration (13ms)
Unloading 25 Unused Serialized files (Serialized files now loaded: 0)
Unloading 6503 unused Assets / (5.5 MB). Loaded Objects now: 7529.
Memory consumption went from 226.7 MB to 221.2 MB.
Total: 7.843600 ms (FindLiveObjects: 0.594600 ms CreateObjectMapping: 0.511100 ms MarkObjects: 4.007400 ms  DeleteObjects: 2.729500 ms)

Prepare: number of updated asset objects reloaded= 0
========================================================================
Received Import Request.
  Time since last request: 1965.442655 seconds.
  path: Assets/Project/Prefabs/elevator cabin.prefab
  importAddress: Guid(c1189b4760f226d45a04de27c5968ec9) Importer(815301076,1909f56bfc062723c751e8b465ee728b)
Start importing Assets/Project/Prefabs/elevator cabin.prefab using Guid(c1189b4760f226d45a04de27c5968ec9) Importer(815301076,1909f56bfc062723c751e8b465ee728b) (PreviewImporter) -> (Import Result ID: '86dc1840ff6eb6e222ac244280bc0f3f') in 0.4087744 seconds [static and dynamic dependencies]. Details - ImportResultOutputID=eee4d27078780c2d7044f031e8843ec8 DependenciesID=d19536ea564501df0bca60b997599bfe StaticDependenciesID=01927cf454a016bfd3f029e64111239b 
Number of updated asset objects reloaded before import = 0Number of asset objects unloaded after import = 49

========================================================================
Received Import Request.
  Time since last request: 30.944716 seconds.
  path: Assets/Project/Animation/Door_Closed.anim
  importAddress: Guid(58843a05775d20842b50bca4d6e331aa) Importer(2089858483,b0f066a214c2f5e87bad3c948f4d605d)
Start importing Assets/Project/Animation/Door_Closed.anim using Guid(58843a05775d20842b50bca4d6e331aa) Importer(2089858483,b0f066a214c2f5e87bad3c948f4d605d) (ScriptedImporter) -> (Import Result ID: '3b105e1f8b2ae8b55ad0a63c362d4b72') in 0.0589479 seconds [static and dynamic dependencies]. Details - ImportResultOutputID=32a12a8c20da329e72b9e7bdbf20f2a6 DependenciesID=36045fc45f5febb78a041369f271133e StaticDependenciesID=360637e5213716fa0784d81d0a63f207 
Number of updated asset objects reloaded before import = 0Number of asset objects unloaded after import = 1

========================================================================
Received Import Request.
  Time since last request: 0.390674 seconds.
  path: Assets/Project/Animation/ElevatorDoorAnimator.controller
  importAddress: Guid(dc70729e1ef495b4e8cb702d0aa15e9e) Importer(2089858483,b0f066a214c2f5e87bad3c948f4d605d)
Start importing Assets/Project/Animation/ElevatorDoorAnimator.controller using Guid(dc70729e1ef495b4e8cb702d0aa15e9e) Importer(2089858483,b0f066a214c2f5e87bad3c948f4d605d) (ScriptedImporter) -> (Import Result ID: '543747e9525b40677766234426c28fa6') in 0.0049474 seconds [static and dynamic dependencies]. Details - ImportResultOutputID=f0bd6d3af31912d1f16984ea5dbf69eb DependenciesID=800af7ae332cc652631a5805a12720e5 StaticDependenciesID=862f9915faaf27adc1bae9300af247d6 
Number of updated asset objects reloaded before import = 0Number of asset objects unloaded after import = 14

========================================================================
Received Import Request.
  Time since last request: 0.467524 seconds.
  path: Assets/Scenes/DoorAnim.unity
  importAddress: Guid(11b40443a0d75e242b4750c0ebcf0be1) Importer(2089858483,b0f066a214c2f5e87bad3c948f4d605d)
Start importing Assets/Scenes/DoorAnim.unity using Guid(11b40443a0d75e242b4750c0ebcf0be1) Importer(2089858483,b0f066a214c2f5e87bad3c948f4d605d) (ScriptedImporter) -> (Import Result ID: '697a38bfa521268006d5a0b59fd4672d') in 0.0028936 seconds [static and dynamic dependencies]. Details - ImportResultOutputID=39d2786ea69a7711dfd66d411beacb88 DependenciesID=4c00f7dccdecdcf30716905d8c7182e1 StaticDependenciesID=d025f80840cbc136aa303c6f81071ad4 
Number of updated asset objects reloaded before import = 0Number of asset objects unloaded after import = 1

========================================================================
Received Import Request.
  Time since last request: 74.674793 seconds.
  path: Assets/Project/Prefabs/elevator cabin.prefab
  importAddress: Guid(c1189b4760f226d45a04de27c5968ec9) Importer(815301076,1909f56bfc062723c751e8b465ee728b)
Start importing Assets/Project/Prefabs/elevator cabin.prefab using Guid(c1189b4760f226d45a04de27c5968ec9) Importer(815301076,1909f56bfc062723c751e8b465ee728b) (PreviewImporter) -> (Import Result ID: '13cbf12a43632ad44ec35e8d4afa38d7') in 0.0013002 seconds [static and dynamic dependencies]. Details - ImportResultOutputID=38b7ff3cf173b42bb4c51e42ff0cead8 DependenciesID=31b276c5336a0083fa5a996da098915c StaticDependenciesID=01927cf454a016bfd3f029e64111239b 
Number of updated asset objects reloaded before import = 0Number of asset objects unloaded after import = 1

