[Licensing::Module] Trying to connect to existing licensing client channel...
Built from '6000.4/staging' branch; Version is '6000.4.6f1 (0b051c2e5d54) revision 722204'; Using compiler version '194234433'; Build Type 'Release'
[Licensing::IpcConnector] Successfully connected to: "LicenseClient-LOQ" at "2026-06-17T17:26:27.3819795Z"
OS: 'Windows 11  (10.0.26200) CoreSingleLanguage' Language: 'en' Physical Memory: 16091 MB
BatchMode: 1, IsHumanControllingUs: 0, StartBugReporterOnCrash: 0, Is64bit: 1
System  architecture: x64
Process architecture: x64
Date: 2026-06-17T17:26:27Z

COMMAND LINE ARGUMENTS:
C:\Program Files\Unity\Hub\Editor\6000.4.6f1\Editor\Unity.exe
-adb2
-batchMode
-noUpm
-name
AssetImportWorker3
-projectPath
D:/Kuliah/Virtual Reality/3d-elevator-system
-logFile
Logs/AssetImportWorker3.log
-srvPort
54724
-licensingIpc
LicenseClient-LOQ
-force-d3d12
-job-worker-count
7
-background-job-worker-count
8
-gc-helper-count
1
-name
AssetImport
Successfully changed project path to: D:/Kuliah/Virtual Reality/3d-elevator-system
D:/Kuliah/Virtual Reality/3d-elevator-system
[UnityMemory] Configuration Parameters - Can be set up in boot.config
    "memorysetup-temp-allocator-size-gi-baking-worker=262144"
    "memorysetup-temp-allocator-size-gi-baking-worker=262144"
    "memorysetup-temp-allocator-size-gi-baking-worker=262144"
    "memorysetup-temp-allocator-size-gi-baking-worker=262144"
    "memorysetup-temp-allocator-size-gi-baking-worker=262144"
    "memorysetup-temp-allocator-size-nav-mesh-worker=65536"
    "memorysetup-temp-allocator-size-audio-worker=65536"
    "memorysetup-temp-allocator-size-cloud-worker=32768"
    "memorysetup-temp-allocator-size-gfx=262144"
    "memorysetup-temp-allocator-size-preload-manager=33554432"
    "memorysetup-temp-allocator-size-job-worker=262144"
    "memorysetup-temp-allocator-size-background-worker=32768"
    "memorysetup-allocator-temp-initial-block-size-main=262144"
    "memorysetup-allocator-temp-initial-block-size-worker=262144"
    "memorysetup-bucket-allocator-granularity=16"
    "memorysetup-bucket-allocator-bucket-count=8"
    "memorysetup-bucket-allocator-block-size=33554432"
    "memorysetup-bucket-allocator-block-count=8"
    "memorysetup-main-allocator-block-size=16777216"
    "memorysetup-thread-allocator-block-size=16777216"
    "memorysetup-gfx-main-allocator-block-size=16777216"
    "memorysetup-gfx-thread-allocator-block-size=16777216"
    "memorysetup-cache-allocator-block-size=4194304"
    "memorysetup-typetree-allocator-block-size=2097152"
    "memorysetup-profiler-bucket-allocator-granularity=16"
    "memorysetup-profiler-bucket-allocator-bucket-count=8"
    "memorysetup-profiler-bucket-allocator-block-size=33554432"
    "memorysetup-profiler-bucket-allocator-block-count=8"
    "memorysetup-profiler-allocator-block-size=16777216"
    "memorysetup-profiler-editor-allocator-block-size=1048576"
    "memorysetup-temp-allocator-size-main=16777216"
    "memorysetup-job-temp-allocator-block-size=2097152"
    "memorysetup-job-temp-allocator-block-size-background=1048576"
    "memorysetup-job-temp-allocator-reduction-small-platforms=262144"
Player connection [16348]  Target information:

Player connection [16348]  * "[IP] 192.168.56.1 [Port] 0 [Flags] 2 [Guid] 344918189 [EditorId] 344918189 [Version] 1048832 [Id] WindowsEditor(7,LAPTOP-F8GBUHJM) [Debug] 1 [PackageName] WindowsEditor [ProjectName] Editor" 

Player connection [16348]  * "[IP] 10.135.62.109 [Port] 0 [Flags] 2 [Guid] 344918189 [EditorId] 344918189 [Version] 1048832 [Id] WindowsEditor(7,LAPTOP-F8GBUHJM) [Debug] 1 [PackageName] WindowsEditor [ProjectName] Editor" 

Player connection [16348] Host joined multi-casting on [225.0.0.222:54997]...
Player connection [16348] Host joined alternative multi-casting on [225.0.0.222:34997]...
JobSystem: Creating JobQueue using job-worker-count value 7
Input System module state changed to: Initialized.
[Physics::Module] Initialized fallback backend.
[Physics::Module] Id: 0xdecafbad
Library Redirect Path: Library/
[Physics::Module] Selected backend.
[Physics::Module] Name: PhysX
[Physics::Module] Id: 0xf2b8ea05
[Physics::Module] SDK Version: 4.1.2
[Physics::Module] Integration Version: 1.0.0
[Physics::Module] Threading Mode: Multi-Threaded
Refreshing native plugins compatible for Editor in 4.79 ms, found 1 plugins.
Initialize engine version: 6000.4.6f1 (0b051c2e5d54)
[Subsystems] Discovering subsystems at path C:/Program Files/Unity/Hub/Editor/6000.4.6f1/Editor/Data/Resources/UnitySubsystems
[Subsystems] Discovering subsystems at path D:/Kuliah/Virtual Reality/3d-elevator-system/Assets
Forcing GfxDevice: Direct3D 12
GfxDevice: creating device client; kGfxThreadingModeNonThreaded
d3d12: failed to query info queue interface (0x80004002).
Direct3D:
    Version:         Direct3D 12 [level 12.2]
    Renderer:        NVIDIA GeForce RTX 3050 6GB Laptop GPU (ID=0x25ec)
    Vendor:          NVIDIA
    VRAM:            6002 MB
    App VRAM Budget: 5234 MB
    Driver:          32.0.15.8186
Initialize mono
Mono path[0] = 'C:/Program Files/Unity/Hub/Editor/6000.4.6f1/Editor/Data/Managed'
Mono path[1] = 'C:/Program Files/Unity/Hub/Editor/6000.4.6f1/Editor/Data/MonoBleedingEdge/lib/mono/unityjit-win32'
Mono config path = 'C:/Program Files/Unity/Hub/Editor/6000.4.6f1/Editor/Data/MonoBleedingEdge/etc'
Using monoOptions --debugger-agent=transport=dt_socket,embedding=1,server=y,suspend=n,address=127.0.0.1:56628
CodeReloadManager initialized
Begin MonoManager ReloadAssembly
Registering precompiled unity dll's ...
Register platform support module: C:/Program Files/Unity/Hub/Editor/6000.4.6f1/Editor/Data/PlaybackEngines/WebGLSupport/UnityEditor.WebGL.Extensions.dll
Register platform support module: C:/Program Files/Unity/Hub/Editor/6000.4.6f1/Editor/Data/PlaybackEngines/WindowsStandaloneSupport/UnityEditor.WindowsStandalone.Extensions.dll
Registered in 0.002426 seconds.
Native extension for WindowsStandalone target not found
Native extension for WebGL target not found
[Licensing::Client] Error: HandshakeResponse reported an error:
	ResponseCode: 505
	ResponseStatus: Unsupported protocol version '1.18.1'.
[Licensing::Module] Error: Failed to handshake to channel: "LicenseClient-LOQ"
[Licensing::IpcConnector] LicenseClient-LOQ channel disconnected successfully.
[Licensing::IpcConnector] Successfully connected to: "LicenseClient-LOQ-6000.4.6" at "2026-06-17T17:26:29.4387986Z"
[Licensing::Client] Code 10 while verifying Licensing Client signature (process Id: 11068, path: "C:/Program Files/Unity/Hub/Editor/6000.4.6f1/Editor/Data/Resources/Licensing/Client/Unity.Licensing.Client.exe")
[Licensing::Module] LicensingClient has failed validation; ignoring
[Licensing::Client] Handshaking with LicensingClient:
  Version:                 1.18.1+9fbee8e
  Session Id:              7a492642e898403ea9cda2224f32ac77
  Correlation Id:          4bf5dc600c1db5c51dc2b9ec8367c116
  External correlation Id: 2782094820997154019
  Machine Id:              OYKFVGYTU/U7QT+36Tnk/ih5/gY=
[Licensing::Module] Successfully connected to LicensingClient on channel: "LicenseClient-LOQ-6000.4.6" (connect: 0.00s, validation: 0.01s, handshake: 0.01s)
[Licensing::IpcConnector] Successfully connected to: "LicenseClient-LOQ-6000.4.6-notifications" at "2026-06-17T17:26:29.4594702Z"
[Licensing::Module] Licensing Background thread has ended after 2.08s
Package Manager log level set to [2]
[Package Manager] Failed to launch server process. Reason: Unity was launched with the -noUpm command-line argument
[Package Manager] Unable to send message (not connected to server process).
[Package Manager] Cannot connect to Unity Package Manager local server
ScheduleIndexationOnStartup MainProcess:False IndexOnStartup:True
Mono: successfully reloaded assembly
- Finished resetting the current domain, in  0.421 seconds
Domain Reload Profiling: 880ms
	BeginReloadAssembly (138ms)
	RebuildCommonClasses (36ms)
	RebuildNativeTypeToScriptingClass (10ms)
	initialDomainReloadingComplete (61ms)
	LoadAllAssembliesAndSetupDomain (212ms)
		LoadAssemblies (136ms)
		AnalyzeDomain (203ms)
			TypeCache.Refresh (202ms)
				TypeCache.ScanAssembly (188ms)
	FinalizeReload (422ms)
		SetupLoadedEditorAssemblies (0ms)
			InitializePlatformSupportModulesInManaged (52ms)
			BeforeProcessingInitializeOnLoad (87ms)
			ProcessInitializeOnLoadAttributes (113ms)
			ProcessInitializeOnLoadMethodAttributes (95ms)
========================================================================
Worker process is ready to serve import requests
Import Worker Mode flag is 0x00
Begin MonoManager ReloadAssembly
[Licensing::Client] Successfully resolved entitlement details
[Licensing::Module] License group:
  Id: 18968439435909-UnityPersXXXX
  Product: Unity Personal
  Type: Assigned
  Expiration: Unlimited
Assembly Assembly-CSharp-Editor-firstpass.dll at Library/ScriptAssemblies/Assembly-CSharp-Editor-firstpass.dll not valid. Loading of assembly skipped.
Assembly Assembly-CSharp-firstpass.dll at Library/ScriptAssemblies/Assembly-CSharp-firstpass.dll not valid. Loading of assembly skipped.
Assembly DocCodeExamples.dll at Library/ScriptAssemblies/DocCodeExamples.dll not valid. Loading of assembly skipped.
Assembly TestNewCustomAssembly.dll at Library/ScriptAssemblies/TestNewCustomAssembly.dll not valid. Loading of assembly skipped.
Assembly Unity.Collections.BurstCompatibilityGen.dll at Library/ScriptAssemblies/Unity.Collections.BurstCompatibilityGen.dll not valid. Loading of assembly skipped.
Assembly Unity.Collections.DocCodeSamples.dll at Library/ScriptAssemblies/Unity.Collections.DocCodeSamples.dll not valid. Loading of assembly skipped.
Assembly Unity.Collections.PerformanceTests.dll at Library/ScriptAssemblies/Unity.Collections.PerformanceTests.dll not valid. Loading of assembly skipped.
Assembly Unity.Collections.Tests.dll at Library/ScriptAssemblies/Unity.Collections.Tests.dll not valid. Loading of assembly skipped.
Assembly Unity.Collections.Tests.Playmode.dll at Library/ScriptAssemblies/Unity.Collections.Tests.Playmode.dll not valid. Loading of assembly skipped.
Assembly Unity.InputSystem.IntegrationTests.dll at Library/ScriptAssemblies/Unity.InputSystem.IntegrationTests.dll not valid. Loading of assembly skipped.
Assembly Unity.Mathematics.Tests.dll at Library/ScriptAssemblies/Unity.Mathematics.Tests.dll not valid. Loading of assembly skipped.
Assembly Unity.Multiplayer.Center.Editor.Tests.dll at Library/ScriptAssemblies/Unity.Multiplayer.Center.Editor.Tests.dll not valid. Loading of assembly skipped.
Assembly Unity.Multiplayer.Center.Tests.dll at Library/ScriptAssemblies/Unity.Multiplayer.Center.Tests.dll not valid. Loading of assembly skipped.
Assembly Unity.Nuget.Mono-Cecil.dll at Library/ScriptAssemblies/Unity.Nuget.Mono-Cecil.dll not valid. Loading of assembly skipped.
Assembly Unity.PathTracing.Editor.Tests.dll at Library/ScriptAssemblies/Unity.PathTracing.Editor.Tests.dll not valid. Loading of assembly skipped.
Assembly Unity.PathTracing.Runtime.Tests.dll at Library/ScriptAssemblies/Unity.PathTracing.Runtime.Tests.dll not valid. Loading of assembly skipped.
Assembly Unity.RenderPipelines.Core.Editor.Tests.dll at Library/ScriptAssemblies/Unity.RenderPipelines.Core.Editor.Tests.dll not valid. Loading of assembly skipped.
Assembly Unity.RenderPipelines.Core.Runtime.Tests.dll at Library/ScriptAssemblies/Unity.RenderPipelines.Core.Runtime.Tests.dll not valid. Loading of assembly skipped.
Assembly Unity.RenderPipelines.Universal.Config.Editor.Tests.dll at Library/ScriptAssemblies/Unity.RenderPipelines.Universal.Config.Editor.Tests.dll not valid. Loading of assembly skipped.
Assembly Unity.RenderPipelines.Universal.Editor.Tests.dll at Library/ScriptAssemblies/Unity.RenderPipelines.Universal.Editor.Tests.dll not valid. Loading of assembly skipped.
Assembly Unity.RenderPipelines.Universal.Runtime.Tests.dll at Library/ScriptAssemblies/Unity.RenderPipelines.Universal.Runtime.Tests.dll not valid. Loading of assembly skipped.
Assembly Unity.Searcher.EditorTests.dll at Library/ScriptAssemblies/Unity.Searcher.EditorTests.dll not valid. Loading of assembly skipped.
Assembly Unity.Settings.Tests.dll at Library/ScriptAssemblies/Unity.Settings.Tests.dll not valid. Loading of assembly skipped.
Assembly Unity.ShaderGraph.Editor.Tests.dll at Library/ScriptAssemblies/Unity.ShaderGraph.Editor.Tests.dll not valid. Loading of assembly skipped.
Assembly Unity.TextMeshPro.Editor.Tests.dll at Library/ScriptAssemblies/Unity.TextMeshPro.Editor.Tests.dll not valid. Loading of assembly skipped.
Assembly Unity.TextMeshPro.Tests.dll at Library/ScriptAssemblies/Unity.TextMeshPro.Tests.dll not valid. Loading of assembly skipped.
Assembly Unity.UnifiedRayTracing.Editor.Tests.dll at Library/ScriptAssemblies/Unity.UnifiedRayTracing.Editor.Tests.dll not valid. Loading of assembly skipped.
Assembly UnityEditor.UI.Common.Tests.dll at Library/ScriptAssemblies/UnityEditor.UI.Common.Tests.dll not valid. Loading of assembly skipped.
Assembly UnityEditor.UI.EditorTests.dll at Library/ScriptAssemblies/UnityEditor.UI.EditorTests.dll not valid. Loading of assembly skipped.
Assembly UnityEngine.UI.Tests.dll at Library/ScriptAssemblies/UnityEngine.UI.Tests.dll not valid. Loading of assembly skipped.
Native extension for WindowsStandalone target not found
Native extension for WebGL target not found
[Package Manager] Failed to launch server process. Reason: Unity was launched with the -noUpm command-line argument
[Package Manager] Unable to send message (not connected to server process).
[Package Manager] Cannot connect to Unity Package Manager local server
[Package Manager] Failed to launch server process. Reason: Unity was launched with the -noUpm command-line argument
[Package Manager] Unable to send message (not connected to server process).
[Package Manager] Cannot connect to Unity Package Manager local server
[Package Manager] Failed to launch server process. Reason: Unity was launched with the -noUpm command-line argument
[Package Manager] Unable to send message (not connected to server process).
[Package Manager] Cannot connect to Unity Package Manager local server
[MODES] ModeService[none].Initialize
[MODES] ModeService[none].LoadModes
[MODES] Loading mode Default (0) for mode-current-id-Elevator Floor Selection Panel
ScheduleIndexationOnStartup MainProcess:False IndexOnStartup:True
Mono: successfully reloaded assembly
- Finished resetting the current domain, in  0.562 seconds
Domain Reload Profiling: 1273ms
	BeginReloadAssembly (153ms)
		DisableScriptedObjects (6ms)
		CreateAndSetChildDomain (25ms)
	RebuildCommonClasses (31ms)
	RebuildNativeTypeToScriptingClass (9ms)
	initialDomainReloadingComplete (78ms)
	LoadAllAssembliesAndSetupDomain (440ms)
		LoadAssemblies (327ms)
		AnalyzeDomain (191ms)
			TypeCache.Refresh (127ms)
				TypeCache.ScanAssembly (112ms)
			BuildScriptInfoCaches (53ms)
			ResolveRequiredComponents (9ms)
	FinalizeReload (562ms)
		SetupLoadedEditorAssemblies (0ms)
			BeforeProcessingInitializeOnLoad (109ms)
			ProcessInitializeOnLoadAttributes (160ms)
			ProcessInitializeOnLoadMethodAttributes (97ms)
			AfterProcessingInitializeOnLoad (4ms)
		AwakeInstancesAfterBackupRestoration (5ms)
Launched and connected shader compiler UnityShaderCompiler.exe after 0.02 seconds
Unloading 25 Unused Serialized files (Serialized files now loaded: 0)
Unloading 6514 unused Assets / (4.9 MB). Loaded Objects now: 7376.
Memory consumption went from 166.9 MB to 161.9 MB.
Total: 8.920700 ms (FindLiveObjects: 1.548100 ms CreateObjectMapping: 0.376000 ms MarkObjects: 5.199700 ms  DeleteObjects: 1.794700 ms)

========================================================================
Received Import Request.
  Time since last request: 38304.819181 seconds.
  path: Assets/Project/Animation/Door_Open.anim
  importAddress: Guid(355ed5841cf50a24abb7b3410d846ee2) Importer(2089858483,b0f066a214c2f5e87bad3c948f4d605d)
Start importing Assets/Project/Animation/Door_Open.anim using Guid(355ed5841cf50a24abb7b3410d846ee2) Importer(2089858483,b0f066a214c2f5e87bad3c948f4d605d) (ScriptedImporter) -> (Import Result ID: '63d7d955b754be904991e337a50c0eb5') in 0.1136001 seconds [static and dynamic dependencies]. Details - ImportResultOutputID=b7d97887d3f37e6b7b4a38ed329bff80 DependenciesID=08d14df6989c778fe0fca9e86e9285f5 StaticDependenciesID=68ea53176188c90797fe1e99bd2da402 
Number of updated asset objects reloaded before import = 0Number of asset objects unloaded after import = 1

========================================================================
Received Import Request.
  Time since last request: 0.000030 seconds.
  path: Assets/Enviroment/enviroment/Office building/materials Building/Facade 2.mat
  importAddress: Guid(4c64c0fd4b4e2354889c2e5081ad695e) Importer(2089858483,b0f066a214c2f5e87bad3c948f4d605d)
Start importing Assets/Enviroment/enviroment/Office building/materials Building/Facade 2.mat using Guid(4c64c0fd4b4e2354889c2e5081ad695e) Importer(2089858483,b0f066a214c2f5e87bad3c948f4d605d) (ScriptedImporter) -> (Import Result ID: '229d649f44588768d7970b20d744db75') in 0.0246069 seconds [static and dynamic dependencies]. Details - ImportResultOutputID=4b6552b98ecd831624bcce1c4463c24c DependenciesID=b57385ec27146c8c4c44c7aefddce2a7 StaticDependenciesID=7903b97c0d6ee86c420489485b4f048c 
Number of updated asset objects reloaded before import = 0Number of asset objects unloaded after import = 2

========================================================================
Received Import Request.
  Time since last request: 0.000021 seconds.
  path: Assets/LoafbrrAssets/Interiors_A/prefabs/StairParts/Stair_Rail_C.prefab
  importAddress: Guid(0eb8e017ac053914ea8f143c2d5624cd) Importer(2089858483,b0f066a214c2f5e87bad3c948f4d605d)
Start importing Assets/LoafbrrAssets/Interiors_A/prefabs/StairParts/Stair_Rail_C.prefab using Guid(0eb8e017ac053914ea8f143c2d5624cd) Importer(2089858483,b0f066a214c2f5e87bad3c948f4d605d) (ScriptedImporter) -> (Import Result ID: '912017be21656cb1ef186d0f7ca40ee5') in 0.0315708 seconds [static and dynamic dependencies]. Details - ImportResultOutputID=6dad59229a70a4d44d580ad8ef5c75c0 DependenciesID=e8ea2cc872ab4e589e8b59ca450d37ca StaticDependenciesID=0e65d124ff5b5bf614ff77bdd78d9cc4 
Number of updated asset objects reloaded before import = 0Number of asset objects unloaded after import = 10

========================================================================
Received Import Request.
  Time since last request: 0.000083 seconds.
  path: Assets/LoafbrrAssets/Interiors_A/prefabs/StairSet/Stairs_3m_C_Grp_Flipped.prefab
  importAddress: Guid(a6066379950ad5348a224023f957139a) Importer(2089858483,b0f066a214c2f5e87bad3c948f4d605d)
Start importing Assets/LoafbrrAssets/Interiors_A/prefabs/StairSet/Stairs_3m_C_Grp_Flipped.prefab using Guid(a6066379950ad5348a224023f957139a) Importer(2089858483,b0f066a214c2f5e87bad3c948f4d605d) (ScriptedImporter) -> (Import Result ID: 'f3f75afeeeaa11ca8399a03d03b0dc73') in 0.0071412 seconds [static and dynamic dependencies]. Details - ImportResultOutputID=dbd120853b810d8d11b32957af4be521 DependenciesID=8ec76f876a6954f1563515d3f18f15b1 StaticDependenciesID=3a595bb5fb69221be69bddb515f6c1b4 
Number of updated asset objects reloaded before import = 0Number of asset objects unloaded after import = 40

========================================================================
Received Import Request.
  Time since last request: 0.000022 seconds.
  path: Assets/LoafbrrAssets/Interiors_A/materials/Surface_Ceiling_A 1.mat
  importAddress: Guid(1a59f929c391c2e42b377b6ee93ac33d) Importer(2089858483,b0f066a214c2f5e87bad3c948f4d605d)
Start importing Assets/LoafbrrAssets/Interiors_A/materials/Surface_Ceiling_A 1.mat using Guid(1a59f929c391c2e42b377b6ee93ac33d) Importer(2089858483,b0f066a214c2f5e87bad3c948f4d605d) (ScriptedImporter) -> (Import Result ID: 'bbcdd8385dc6d9dda6660d9e7bce6276') in 0.0266611 seconds [static and dynamic dependencies]. Details - ImportResultOutputID=f53469ff364c8ec546ae338da8e5eb1f DependenciesID=a22fad4486bf9f904c678958540fc9f9 StaticDependenciesID=3b2fd25dca82ad4679767a3f7d96b8e2 
Number of updated asset objects reloaded before import = 0Number of asset objects unloaded after import = 9

========================================================================
Received Import Request.
  Time since last request: 0.000023 seconds.
  path: Assets/Enviroment/enviroment/Office building/textures/Props/used/securety computer screen.png
  importAddress: Guid(5519c9b1174dc4745aa384b49eb716f0) Importer(2089858483,b0f066a214c2f5e87bad3c948f4d605d)
Start importing Assets/Enviroment/enviroment/Office building/textures/Props/used/securety computer screen.png using Guid(5519c9b1174dc4745aa384b49eb716f0) Importer(2089858483,b0f066a214c2f5e87bad3c948f4d605d) (ScriptedImporter) -> (Import Result ID: 'aa8c9b864b6a200fc932f6624d5189f0') in 0.031069 seconds [static and dynamic dependencies]. Details - ImportResultOutputID=94ba8c7a2a2f0fb34abefdde8cb2baee DependenciesID=f94d4343c99d570739ec808931f1496e StaticDependenciesID=b8cd3631599854e46437e6e98c1a883e 
Number of updated asset objects reloaded before import = 0Number of asset objects unloaded after import = 1

========================================================================
Received Import Request.
  Time since last request: 0.000020 seconds.
  path: Assets/Enviroment/enviroment/Office building/Materials/Elevator.mat
  importAddress: Guid(0423a2f41f69daa4daada600792effe9) Importer(2089858483,b0f066a214c2f5e87bad3c948f4d605d)
Start importing Assets/Enviroment/enviroment/Office building/Materials/Elevator.mat using Guid(0423a2f41f69daa4daada600792effe9) Importer(2089858483,b0f066a214c2f5e87bad3c948f4d605d) (ScriptedImporter) -> (Import Result ID: 'bccc1c4ccb86b9d666654c71ccda51c0') in 0.0119016 seconds [static and dynamic dependencies]. Details - ImportResultOutputID=3892b0c4da1a6d5398dfe6e81118eece DependenciesID=37f0636566b57879c352cb3ccc3e65b7 StaticDependenciesID=17155664105c90d24be8ae114a3a82f9 
Number of updated asset objects reloaded before import = 0Number of asset objects unloaded after import = 2

========================================================================
Received Import Request.
  Time since last request: 0.000017 seconds.
  path: Assets/LoafbrrAssets/Interiors_A/prefabs/StairParts/Stair_Wall_3m.prefab
  importAddress: Guid(d0f56040fb04a9640917f198098eec73) Importer(2089858483,b0f066a214c2f5e87bad3c948f4d605d)
Start importing Assets/LoafbrrAssets/Interiors_A/prefabs/StairParts/Stair_Wall_3m.prefab using Guid(d0f56040fb04a9640917f198098eec73) Importer(2089858483,b0f066a214c2f5e87bad3c948f4d605d) (ScriptedImporter) -> (Import Result ID: 'd42c890f49689608c0c6a6c5776ef2ab') in 0.0088726 seconds [static and dynamic dependencies]. Details - ImportResultOutputID=ef5946f359e0ab652e4ae186dc4cf67c DependenciesID=93bdd1675bc1627c71eac8b98181480c StaticDependenciesID=6348560c23419d6eed910badb74a7ea2 
Number of updated asset objects reloaded before import = 0Number of asset objects unloaded after import = 10

========================================================================
Received Import Request.
  Time since last request: 0.000020 seconds.
  path: Assets/LoafbrrAssets/Interiors_A/prefabs/Vent/Vent_Vent.prefab
  importAddress: Guid(cac1001e323719e4280d8225ec099e01) Importer(2089858483,b0f066a214c2f5e87bad3c948f4d605d)
Start importing Assets/LoafbrrAssets/Interiors_A/prefabs/Vent/Vent_Vent.prefab using Guid(cac1001e323719e4280d8225ec099e01) Importer(2089858483,b0f066a214c2f5e87bad3c948f4d605d) (ScriptedImporter) -> (Import Result ID: '668025abb8d5c23e4b7449d1de1603fb') in 0.0090571 seconds [static and dynamic dependencies]. Details - ImportResultOutputID=700657c8468ad3cb138f30fb60ddc9e1 DependenciesID=420bba718ff21b003b89ca80270d16a0 StaticDependenciesID=50f1455e046c6d2879ddca9be94651ef 
Number of updated asset objects reloaded before import = 0Number of asset objects unloaded after import = 10

========================================================================
Received Import Request.
  Time since last request: 0.000032 seconds.
  path: Assets/LoafbrrAssets/Interiors_A/texture/Surface_Ceiling_B/Surface_Ceiling_B_Diffuse_1K_B.png
  importAddress: Guid(c5c0ed618f5ca0041b062e9e40759f19) Importer(2089858483,b0f066a214c2f5e87bad3c948f4d605d)
Start importing Assets/LoafbrrAssets/Interiors_A/texture/Surface_Ceiling_B/Surface_Ceiling_B_Diffuse_1K_B.png using Guid(c5c0ed618f5ca0041b062e9e40759f19) Importer(2089858483,b0f066a214c2f5e87bad3c948f4d605d) (ScriptedImporter) -> (Import Result ID: 'bebce4175232aaa5c22c3142510d91b0') in 0.0070895 seconds [static and dynamic dependencies]. Details - ImportResultOutputID=8b8385d8ad1e00dc156b148d1a91627d DependenciesID=9544861758c983c24088711f32cbec6f StaticDependenciesID=ca7a1630112b8d6f18194944813370ec 
Number of updated asset objects reloaded before import = 0Number of asset objects unloaded after import = 1

========================================================================
Received Import Request.
  Time since last request: 0.000019 seconds.
  path: Assets/Enviroment/enviroment/Office building/meshes/carton.fbx
  importAddress: Guid(7c9ede95921539344a5ba620271ca562) Importer(2089858483,b0f066a214c2f5e87bad3c948f4d605d)
Start importing Assets/Enviroment/enviroment/Office building/meshes/carton.fbx using Guid(7c9ede95921539344a5ba620271ca562) Importer(2089858483,b0f066a214c2f5e87bad3c948f4d605d) (ScriptedImporter) -> (Import Result ID: '5f4c6e858933c4152084ec57149cf187') in 0.0259593 seconds [static and dynamic dependencies]. Details - ImportResultOutputID=813a3bdaab0f411575c49cab8f306acf DependenciesID=4c33bfd8b7db6fa4878feb6c0e5f2e5e StaticDependenciesID=a108cc655af2005bdbf496e8d8ca18f5 
Number of updated asset objects reloaded before import = 0Number of asset objects unloaded after import = 8

========================================================================
Received Import Request.
  Time since last request: 0.000024 seconds.
  path: Assets/LoafbrrAssets/Interiors_A/prefabs/wall/Wall_1m_1Side.prefab
  importAddress: Guid(ffe101f60d444c844b034c06117f97a8) Importer(2089858483,b0f066a214c2f5e87bad3c948f4d605d)
Start importing Assets/LoafbrrAssets/Interiors_A/prefabs/wall/Wall_1m_1Side.prefab using Guid(ffe101f60d444c844b034c06117f97a8) Importer(2089858483,b0f066a214c2f5e87bad3c948f4d605d) (ScriptedImporter) -> (Import Result ID: '6c82919f175c00fb57e9f756ff80a339') in 0.0102334 seconds [static and dynamic dependencies]. Details - ImportResultOutputID=b3c03a9b923c73ddf4e0e64b7e6a6d0e DependenciesID=9e5d706e09eecab84a683f21b92722e4 StaticDependenciesID=3a4e7c5d776f51c2858b6c456ad30e6e 
Number of updated asset objects reloaded before import = 0Number of asset objects unloaded after import = 10

========================================================================
Received Import Request.
  Time since last request: 0.000021 seconds.
  path: Assets/LoafbrrAssets/Interiors_A/prefabs
  importAddress: Guid(d3b93434ac7969f4dac8adbea150a552) Importer(2089858483,b0f066a214c2f5e87bad3c948f4d605d)
Start importing Assets/LoafbrrAssets/Interiors_A/prefabs using Guid(d3b93434ac7969f4dac8adbea150a552) Importer(2089858483,b0f066a214c2f5e87bad3c948f4d605d) (ScriptedImporter) -> (Import Result ID: '278d99721ba855a3d6c89d01776f5075') in 0.0044837 seconds [static and dynamic dependencies]. Details - ImportResultOutputID=b0a1addab3f2979e07ab7527b19d6371 DependenciesID=cb79d5e5a40e7275a954ddd9feec1f52 StaticDependenciesID=99d9cb74a3ad0259900a269d256fb89f 
Number of updated asset objects reloaded before import = 0Number of asset objects unloaded after import = 1

========================================================================
Received Import Request.
  Time since last request: 0.000024 seconds.
  path: Assets/Enviroment/enviroment/Office building/textures/Props/used/urinal.png
  importAddress: Guid(57a05ba9f20d09e4f9d785d63da0e166) Importer(2089858483,b0f066a214c2f5e87bad3c948f4d605d)
Start importing Assets/Enviroment/enviroment/Office building/textures/Props/used/urinal.png using Guid(57a05ba9f20d09e4f9d785d63da0e166) Importer(2089858483,b0f066a214c2f5e87bad3c948f4d605d) (ScriptedImporter) -> (Import Result ID: '75d81b9a200cee073dcfd40cafe9cae9') in 0.0072237 seconds [static and dynamic dependencies]. Details - ImportResultOutputID=65c706f79d3acb52446ae41a5c9af5c6 DependenciesID=faf7b70be620a355c5a65dadc99c5dcf StaticDependenciesID=3a88ae6979ca250094f679cd86a7023a 
Number of updated asset objects reloaded before import = 0Number of asset objects unloaded after import = 1

========================================================================
Received Import Request.
  Time since last request: 0.000021 seconds.
  path: Assets/Enviroment/enviroment/Office building/material props/folder red.mat
  importAddress: Guid(30bc0e930bc98a04d9f0ee7beb247bdb) Importer(2089858483,b0f066a214c2f5e87bad3c948f4d605d)
Start importing Assets/Enviroment/enviroment/Office building/material props/folder red.mat using Guid(30bc0e930bc98a04d9f0ee7beb247bdb) Importer(2089858483,b0f066a214c2f5e87bad3c948f4d605d) (ScriptedImporter) -> (Import Result ID: '32c5b88bad6e91a3f0a4fb9935550d70') in 0.0063861 seconds [static and dynamic dependencies]. Details - ImportResultOutputID=3609276206a28ea32923815e602f1f98 DependenciesID=323888d4edb008932314e4a30a67380c StaticDependenciesID=3c78d86c27be8893736041b561352a5c 
Number of updated asset objects reloaded before import = 0Number of asset objects unloaded after import = 2

========================================================================
Received Import Request.
  Time since last request: 0.000030 seconds.
  path: Assets/LoafbrrAssets/Interiors_A/prefabs/Decal/Decal_Grate_corner_C_Flipped.prefab
  importAddress: Guid(71d0fb2857092b34b800ad948bff4574) Importer(2089858483,b0f066a214c2f5e87bad3c948f4d605d)
Start importing Assets/LoafbrrAssets/Interiors_A/prefabs/Decal/Decal_Grate_corner_C_Flipped.prefab using Guid(71d0fb2857092b34b800ad948bff4574) Importer(2089858483,b0f066a214c2f5e87bad3c948f4d605d) (ScriptedImporter) -> (Import Result ID: '2f855671696caef7900f152b91e83c57') in 0.0115367 seconds [static and dynamic dependencies]. Details - ImportResultOutputID=b64423b58cf1d7c6a77ca0067669f10b DependenciesID=eda2cf6f522a92fbbd7fb3273a1ff8c9 StaticDependenciesID=0fdd46de7fb02d4bf2d7b6fef1e0534b 
Number of updated asset objects reloaded before import = 0Number of asset objects unloaded after import = 9

========================================================================
Received Import Request.
  Time since last request: 0.000015 seconds.
  path: Assets/LoafbrrAssets/Interiors_A/materials/Door_B_Mat.mat
  importAddress: Guid(724df4d5a1e0d2048a36aea788926e02) Importer(2089858483,b0f066a214c2f5e87bad3c948f4d605d)
Start importing Assets/LoafbrrAssets/Interiors_A/materials/Door_B_Mat.mat using Guid(724df4d5a1e0d2048a36aea788926e02) Importer(2089858483,b0f066a214c2f5e87bad3c948f4d605d) (ScriptedImporter) -> (Import Result ID: 'e62d5bb1c6285fd0f1da5174d133583c') in 0.0217074 seconds [static and dynamic dependencies]. Details - ImportResultOutputID=db0baf8f79985d5297ef4ea59153404a DependenciesID=6de3cd01d6e5ec153899b45c89293afa StaticDependenciesID=02cbb571c29a49f404ca046c9733c484 
Number of updated asset objects reloaded before import = 0Number of asset objects unloaded after import = 9

========================================================================
Received Import Request.
  Time since last request: 0.000027 seconds.
  path: Assets/LoafbrrAssets/Interiors_A/texture/Door/Door_Diffuse_1K_B.png
  importAddress: Guid(75c3abcb025df4f44a55f721defffb4b) Importer(2089858483,b0f066a214c2f5e87bad3c948f4d605d)
Start importing Assets/LoafbrrAssets/Interiors_A/texture/Door/Door_Diffuse_1K_B.png using Guid(75c3abcb025df4f44a55f721defffb4b) Importer(2089858483,b0f066a214c2f5e87bad3c948f4d605d) (ScriptedImporter) -> (Import Result ID: '610252b14e889d6ec29418ae8b1c8dbf') in 0.0078724 seconds [static and dynamic dependencies]. Details - ImportResultOutputID=b4a40295964ed7628a33e06e690db38b DependenciesID=97cc71c17fce0effa602c5912692db4d StaticDependenciesID=c6fd27396b63ff04e7931fa494997e09 
Number of updated asset objects reloaded before import = 0Number of asset objects unloaded after import = 1

========================================================================
Received Import Request.
  Time since last request: 0.000015 seconds.
  path: Assets/Enviroment/enviroment/Office building/textures/Props/used/Kindergarten cupboard B.png
  importAddress: Guid(e6deb10bf5be10344a7d22f7bdf52e9f) Importer(2089858483,b0f066a214c2f5e87bad3c948f4d605d)
Start importing Assets/Enviroment/enviroment/Office building/textures/Props/used/Kindergarten cupboard B.png using Guid(e6deb10bf5be10344a7d22f7bdf52e9f) Importer(2089858483,b0f066a214c2f5e87bad3c948f4d605d) (ScriptedImporter) -> (Import Result ID: '3e902b1d65039962ffbd60d7a2606461') in 0.0083621 seconds [static and dynamic dependencies]. Details - ImportResultOutputID=8135cc3c41e3c9cdb8e7f62db478a54c DependenciesID=ad269959e6f39fbbf306f8ad90c3841d StaticDependenciesID=75d3c33a57a75ddc6517c53164eafa24 
Number of updated asset objects reloaded before import = 0Number of asset objects unloaded after import = 1

========================================================================
Received Import Request.
  Time since last request: 0.000016 seconds.
  path: Assets/LoafbrrAssets/Interiors_A/texture/Surface_Floor_A/Surface_Floor_A_Diffuse_1K.png
  importAddress: Guid(792bf6be8c7f0a64d92059726845e040) Importer(2089858483,b0f066a214c2f5e87bad3c948f4d605d)
Start importing Assets/LoafbrrAssets/Interiors_A/texture/Surface_Floor_A/Surface_Floor_A_Diffuse_1K.png using Guid(792bf6be8c7f0a64d92059726845e040) Importer(2089858483,b0f066a214c2f5e87bad3c948f4d605d) (ScriptedImporter) -> (Import Result ID: 'd1d40b00854521b57de1bb3a7a7c1605') in 0.0100572 seconds [static and dynamic dependencies]. Details - ImportResultOutputID=c1ce54fde3aa163fbed4857d5fdd149a DependenciesID=5e94babdef710df6ba900426c4e969db StaticDependenciesID=fe25d55b006515b032e0f8a925c1abe6 
Number of updated asset objects reloaded before import = 0Number of asset objects unloaded after import = 1

========================================================================
Received Import Request.
  Time since last request: 0.000039 seconds.
  path: Assets/Enviroment/enviroment/Office building/Prefabs/computer screen Prefab.prefab
  importAddress: Guid(edf16aa46c0e0f24f8df62f74474f268) Importer(2089858483,b0f066a214c2f5e87bad3c948f4d605d)
Start importing Assets/Enviroment/enviroment/Office building/Prefabs/computer screen Prefab.prefab using Guid(edf16aa46c0e0f24f8df62f74474f268) Importer(2089858483,b0f066a214c2f5e87bad3c948f4d605d) (ScriptedImporter) -> (Import Result ID: 'f88bd07397eb7873ca06384f0c9a8cd6') in 0.0080124 seconds [static and dynamic dependencies]. Details - ImportResultOutputID=1590234990180cd5fea00fb40d2a30f5 DependenciesID=84b7842eaadeb6bbf67c0b9ed53576d8 StaticDependenciesID=fa1ff31b2e14cfdc4fbbaeb3947bbb1c 
Number of updated asset objects reloaded before import = 0Number of asset objects unloaded after import = 10

========================================================================
Received Import Request.
  Time since last request: 0.000034 seconds.
  path: Assets/LoafbrrAssets/Interiors_A/prefabs/StairParts/Wall_Stair_1m_Edge_B_Flipped.prefab
  importAddress: Guid(08f10a0a414d1284f942463f6db8b4cf) Importer(2089858483,b0f066a214c2f5e87bad3c948f4d605d)
Start importing Assets/LoafbrrAssets/Interiors_A/prefabs/StairParts/Wall_Stair_1m_Edge_B_Flipped.prefab using Guid(08f10a0a414d1284f942463f6db8b4cf) Importer(2089858483,b0f066a214c2f5e87bad3c948f4d605d) (ScriptedImporter) -> (Import Result ID: '0382eb5ccc5e8f3b1ac790eeb9cd27c6') in 0.0106025 seconds [static and dynamic dependencies]. Details - ImportResultOutputID=3d6900f19d1f7f5da68eb654296b679b DependenciesID=c526e6d73cf5425f910c5254ac9eb7ca StaticDependenciesID=2a9b175eb583631597b65a91b2ee2268 
Number of updated asset objects reloaded before import = 0Number of asset objects unloaded after import = 10

========================================================================
Received Import Request.
  Time since last request: 0.000024 seconds.
  path: Assets/LoafbrrAssets/Interiors_A/texture/Surface_Floor_A/Surface_Floor_A_Normal_2K.png
  importAddress: Guid(fb6d915295e5dcb4fb3e4ce33491272b) Importer(2089858483,b0f066a214c2f5e87bad3c948f4d605d)
Start importing Assets/LoafbrrAssets/Interiors_A/texture/Surface_Floor_A/Surface_Floor_A_Normal_2K.png using Guid(fb6d915295e5dcb4fb3e4ce33491272b) Importer(2089858483,b0f066a214c2f5e87bad3c948f4d605d) (ScriptedImporter) -> (Import Result ID: 'dc3d783674540b6a0ebbe6480b1b03ac') in 0.0166671 seconds [static and dynamic dependencies]. Details - ImportResultOutputID=9f07ab0fe5d68d2c989f5d9c58ac6a83 DependenciesID=d3ae3176cac6feb386d177927c3a9377 StaticDependenciesID=09d746511f67829ef96d2c5ec738af41 
Number of updated asset objects reloaded before import = 0Number of asset objects unloaded after import = 1

========================================================================
Received Import Request.
  Time since last request: 0.000018 seconds.
  path: Assets/Enviroment/enviroment/Office building/textures
  importAddress: Guid(0bc3b32fc25c77f4d9ce0ff31e0213ef) Importer(2089858483,b0f066a214c2f5e87bad3c948f4d605d)
Start importing Assets/Enviroment/enviroment/Office building/textures using Guid(0bc3b32fc25c77f4d9ce0ff31e0213ef) Importer(2089858483,b0f066a214c2f5e87bad3c948f4d605d) (ScriptedImporter) -> (Import Result ID: '51b2ae944045724c2487b0b8d7136a4a') in 0.0054003 seconds [static and dynamic dependencies]. Details - ImportResultOutputID=550a9c1924f75610cda3e1ec0638330e DependenciesID=af34ce6598a813c0bced03f0e8d53c93 StaticDependenciesID=927983cb88e32ea296e6fdd00ff7075c 
Number of updated asset objects reloaded before import = 0Number of asset objects unloaded after import = 1

========================================================================
Received Import Request.
  Time since last request: 0.000032 seconds.
  path: Assets/LoafbrrAssets/Interiors_A/prefabs/StairParts/Wall_Stair_2m_Corner_B.prefab
  importAddress: Guid(91c26cec8163fd54cb5a64266647d1c6) Importer(2089858483,b0f066a214c2f5e87bad3c948f4d605d)
Start importing Assets/LoafbrrAssets/Interiors_A/prefabs/StairParts/Wall_Stair_2m_Corner_B.prefab using Guid(91c26cec8163fd54cb5a64266647d1c6) Importer(2089858483,b0f066a214c2f5e87bad3c948f4d605d) (ScriptedImporter) -> (Import Result ID: 'a17ea4e1ce757b9fe3c8b0ea6fcd2419') in 0.013653 seconds [static and dynamic dependencies]. Details - ImportResultOutputID=92d85eeaaeec40dc6c2ccf09befa035a DependenciesID=2ad4865a8be5867d062fa80ef03ecc59 StaticDependenciesID=75a8d32c9cdb333924d712f0b8a46c5e 
Number of updated asset objects reloaded before import = 0Number of asset objects unloaded after import = 10

========================================================================
Received Import Request.
  Time since last request: 0.000024 seconds.
  path: Assets/LoafbrrAssets/Interiors_A/texture/Surface_Ceiling_A/Surface_Ceiling_A_Normal_2K.png
  importAddress: Guid(06d803f10172b1042b6b21aead1ad515) Importer(2089858483,b0f066a214c2f5e87bad3c948f4d605d)
Start importing Assets/LoafbrrAssets/Interiors_A/texture/Surface_Ceiling_A/Surface_Ceiling_A_Normal_2K.png using Guid(06d803f10172b1042b6b21aead1ad515) Importer(2089858483,b0f066a214c2f5e87bad3c948f4d605d) (ScriptedImporter) -> (Import Result ID: '42921c3d04ff2b13cfa1d410b5cd7fc0') in 0.0101218 seconds [static and dynamic dependencies]. Details - ImportResultOutputID=d428ba6cfa33ac1efc9350d53536e707 DependenciesID=f84d502532803e36a3dc16592f95540e StaticDependenciesID=cecfde11cd5c6e1bdb0b6b3f23e2b1a2 
Number of updated asset objects reloaded before import = 0Number of asset objects unloaded after import = 1

========================================================================
Received Import Request.
  Time since last request: 0.000021 seconds.
  path: Assets/Enviroment/enviroment/Office building/Prefabs/filing A prefab.prefab
  importAddress: Guid(9fce8288c1c16de43addab556737d0af) Importer(2089858483,b0f066a214c2f5e87bad3c948f4d605d)
Start importing Assets/Enviroment/enviroment/Office building/Prefabs/filing A prefab.prefab using Guid(9fce8288c1c16de43addab556737d0af) Importer(2089858483,b0f066a214c2f5e87bad3c948f4d605d) (ScriptedImporter) -> (Import Result ID: '379164452e13805329dce99bbdbab6a3') in 0.0047931 seconds [static and dynamic dependencies]. Details - ImportResultOutputID=83ffe962a6865c5c65f8648ef1b46b43 DependenciesID=3920e84cb2ea3edc8d11aa3279f50c97 StaticDependenciesID=eb989e1b744cf585d1aff52915a58ae9 
Number of updated asset objects reloaded before import = 0Number of asset objects unloaded after import = 10

========================================================================
Received Import Request.
  Time since last request: 0.000032 seconds.
  path: Assets/LoafbrrAssets/Interiors_A/prefabs/StairParts
  importAddress: Guid(a7bacfe1cd2242b4c8bb8974f8be1105) Importer(2089858483,b0f066a214c2f5e87bad3c948f4d605d)
Start importing Assets/LoafbrrAssets/Interiors_A/prefabs/StairParts using Guid(a7bacfe1cd2242b4c8bb8974f8be1105) Importer(2089858483,b0f066a214c2f5e87bad3c948f4d605d) (ScriptedImporter) -> (Import Result ID: '2232465a3ae6d9a7955701d2192a5295') in 0.0027881 seconds [static and dynamic dependencies]. Details - ImportResultOutputID=b940f81805a92baaf05d4fe9c5e085f5 DependenciesID=16c92bc95fe28727df7ca6f9c66e4495 StaticDependenciesID=b702d1b6b42d6194d2c2b8bac7ce431e 
Number of updated asset objects reloaded before import = 0Number of asset objects unloaded after import = 1

========================================================================
Received Import Request.
  Time since last request: 0.000016 seconds.
  path: Assets/LoafbrrAssets/Interiors_A/prefabs/StairParts/Stairs_Bottom_2m.prefab
  importAddress: Guid(67ff832b5107738429ebd5be8c2ea4a7) Importer(2089858483,b0f066a214c2f5e87bad3c948f4d605d)
Start importing Assets/LoafbrrAssets/Interiors_A/prefabs/StairParts/Stairs_Bottom_2m.prefab using Guid(67ff832b5107738429ebd5be8c2ea4a7) Importer(2089858483,b0f066a214c2f5e87bad3c948f4d605d) (ScriptedImporter) -> (Import Result ID: '405a8551cf3c44b964e659dabe8c69b5') in 0.0093568 seconds [static and dynamic dependencies]. Details - ImportResultOutputID=0c29d9f54937f6fd6d99abf5f13bfe7f DependenciesID=3fe67b605b82093b6f895cd10849470f StaticDependenciesID=1a49fece98951eaa7ff907c857dc56a0 
Number of updated asset objects reloaded before import = 0Number of asset objects unloaded after import = 11

========================================================================
Received Import Request.
  Time since last request: 0.000020 seconds.
  path: Assets/Enviroment/enviroment/Office building/materials Building/grey carpet.mat
  importAddress: Guid(178a8e4bcdb9efe43ac6494afba23b2d) Importer(2089858483,b0f066a214c2f5e87bad3c948f4d605d)
Start importing Assets/Enviroment/enviroment/Office building/materials Building/grey carpet.mat using Guid(178a8e4bcdb9efe43ac6494afba23b2d) Importer(2089858483,b0f066a214c2f5e87bad3c948f4d605d) (ScriptedImporter) -> (Import Result ID: 'c67167ed1a959df80f157457b333201b') in 0.0066223 seconds [static and dynamic dependencies]. Details - ImportResultOutputID=5e4c661acd1120928f2f61d5890f9202 DependenciesID=1ef44dbf8552b7a58ee2ea9679ba838e StaticDependenciesID=7f4aaa55f03041317d192f0106414133 
Number of updated asset objects reloaded before import = 0Number of asset objects unloaded after import = 2

========================================================================
Received Import Request.
  Time since last request: 0.000023 seconds.
  path: Assets/Enviroment/enviroment/Office building/Prefabs/Mirror bath Prefab 1.prefab
  importAddress: Guid(5c9c641e44b2ebe44814379a32f31e0f) Importer(2089858483,b0f066a214c2f5e87bad3c948f4d605d)
Start importing Assets/Enviroment/enviroment/Office building/Prefabs/Mirror bath Prefab 1.prefab using Guid(5c9c641e44b2ebe44814379a32f31e0f) Importer(2089858483,b0f066a214c2f5e87bad3c948f4d605d) (ScriptedImporter) -> (Import Result ID: 'b008dc592a9f56ebc1f937ac89a332f5') in 0.0090178 seconds [static and dynamic dependencies]. Details - ImportResultOutputID=818602c6d7d4d02790a8b1cf9fa74afd DependenciesID=da6072ac371b18cca0ea62d286921e33 StaticDependenciesID=62824b8976b8cc65ec2e35b738190a4d 
Number of updated asset objects reloaded before import = 0Number of asset objects unloaded after import = 11

========================================================================
Received Import Request.
  Time since last request: 0.000025 seconds.
  path: Assets/Enviroment/enviroment/Office building/Prefabs/Cupboard kitchen Prefab.prefab
  importAddress: Guid(10c5f9ea0e8facd4283453ecc16e0226) Importer(2089858483,b0f066a214c2f5e87bad3c948f4d605d)
Start importing Assets/Enviroment/enviroment/Office building/Prefabs/Cupboard kitchen Prefab.prefab using Guid(10c5f9ea0e8facd4283453ecc16e0226) Importer(2089858483,b0f066a214c2f5e87bad3c948f4d605d) (ScriptedImporter) -> (Import Result ID: 'e55a0e95399ec3864933e567e3b29fa9') in 0.0087675 seconds [static and dynamic dependencies]. Details - ImportResultOutputID=c7f349abde7d3811a4354a60e86a3f46 DependenciesID=ff00d442eea54c7f8c1fe9a935b7e9b8 StaticDependenciesID=311542fde9a7abaa2057e9897a4913a8 
Number of updated asset objects reloaded before import = 0Number of asset objects unloaded after import = 10

========================================================================
Received Import Request.
  Time since last request: 0.000019 seconds.
  path: Assets/LoafbrrAssets/Interiors_A/prefabs/Door/Door_F_Grp.prefab
  importAddress: Guid(c0ee31c2922382549829e04cb976bbf3) Importer(2089858483,b0f066a214c2f5e87bad3c948f4d605d)
Start importing Assets/LoafbrrAssets/Interiors_A/prefabs/Door/Door_F_Grp.prefab using Guid(c0ee31c2922382549829e04cb976bbf3) Importer(2089858483,b0f066a214c2f5e87bad3c948f4d605d) (ScriptedImporter) -> (Import Result ID: '49e8dc0730bffdbbb6d90832b7ed7d2a') in 0.0073588 seconds [static and dynamic dependencies]. Details - ImportResultOutputID=e27da048ea222464f2568b511b694d26 DependenciesID=14777187ef1a50c0a7d6f0ea30e729e1 StaticDependenciesID=f74cf579d28005afe319b506ed05083d 
Number of updated asset objects reloaded before import = 0Number of asset objects unloaded after import = 21

========================================================================
Received Import Request.
  Time since last request: 0.000024 seconds.
  path: Assets/Enviroment/enviroment/Office building/meshes/Plant 2.fbx
  importAddress: Guid(c657c26c391a08e4ea339e8b016fa339) Importer(2089858483,b0f066a214c2f5e87bad3c948f4d605d)
Start importing Assets/Enviroment/enviroment/Office building/meshes/Plant 2.fbx using Guid(c657c26c391a08e4ea339e8b016fa339) Importer(2089858483,b0f066a214c2f5e87bad3c948f4d605d) (ScriptedImporter) -> (Import Result ID: 'cd9f7d366ed160f20c285b4c2d69d81f') in 0.0100466 seconds [static and dynamic dependencies]. Details - ImportResultOutputID=c0a9e1820c6a2370ae2073f78bf93e59 DependenciesID=aca3e5b29415d435f0101f44a456fe2c StaticDependenciesID=8818269c7b0ca84db4a7a91287b93435 
Number of updated asset objects reloaded before import = 0Number of asset objects unloaded after import = 13

========================================================================
Received Import Request.
  Time since last request: 0.000047 seconds.
  path: Assets/Enviroment/enviroment/Office building/material props/Computer chair.mat
  importAddress: Guid(c91bef0412ad22a4793733160456d011) Importer(2089858483,b0f066a214c2f5e87bad3c948f4d605d)
Start importing Assets/Enviroment/enviroment/Office building/material props/Computer chair.mat using Guid(c91bef0412ad22a4793733160456d011) Importer(2089858483,b0f066a214c2f5e87bad3c948f4d605d) (ScriptedImporter) -> (Import Result ID: '709681de7dc046cc2f74097db70ad153') in 0.0313526 seconds [static and dynamic dependencies]. Details - ImportResultOutputID=5ccdad91f5200a3a82408812c6c899fa DependenciesID=01cfb5d79fec81b68ab712a285decd45 StaticDependenciesID=570f7eb14b214ddb716d0d88e0961967 
Number of updated asset objects reloaded before import = 0Number of asset objects unloaded after import = 2

========================================================================
Received Import Request.
  Time since last request: 0.000027 seconds.
  path: Assets/Enviroment/enviroment/Office building/materials Building/plank.mat
  importAddress: Guid(ac991f7a00441b44eacdf621a58d5470) Importer(2089858483,b0f066a214c2f5e87bad3c948f4d605d)
Start importing Assets/Enviroment/enviroment/Office building/materials Building/plank.mat using Guid(ac991f7a00441b44eacdf621a58d5470) Importer(2089858483,b0f066a214c2f5e87bad3c948f4d605d) (ScriptedImporter) -> (Import Result ID: '59e05c8f793ca0a4fa488077064d8439') in 0.0061079 seconds [static and dynamic dependencies]. Details - ImportResultOutputID=7bd0498ab737e476948c9afb3b037054 DependenciesID=ad101dd5a59bd8da177d9430f4229598 StaticDependenciesID=e44374b6e79dff97fc89839b3259ba1a 
Number of updated asset objects reloaded before import = 0Number of asset objects unloaded after import = 2

========================================================================
Received Import Request.
  Time since last request: 0.000023 seconds.
  path: Assets/Enviroment/enviroment/Office building/Prefabs/table B Prefab.prefab
  importAddress: Guid(54b07283592fc8e45a857de30c6fac3f) Importer(2089858483,b0f066a214c2f5e87bad3c948f4d605d)
Start importing Assets/Enviroment/enviroment/Office building/Prefabs/table B Prefab.prefab using Guid(54b07283592fc8e45a857de30c6fac3f) Importer(2089858483,b0f066a214c2f5e87bad3c948f4d605d) (ScriptedImporter) -> (Import Result ID: 'c498f49bb11cb460a486210fe6aa6317') in 0.0073766 seconds [static and dynamic dependencies]. Details - ImportResultOutputID=85a026038b33bde574ebc80e96ae01aa DependenciesID=cb9c3dfd8cd03bae758d66c99beb856b StaticDependenciesID=fe9b0f5221abf228b66293c6197789c5 
Number of updated asset objects reloaded before import = 0Number of asset objects unloaded after import = 10

========================================================================
Received Import Request.
  Time since last request: 0.000024 seconds.
  path: Assets/Enviroment/enviroment/Office building/Prefabs/Clock Prefab.prefab
  importAddress: Guid(f95eb02e4b4e8cc42938637d6ff3c02b) Importer(2089858483,b0f066a214c2f5e87bad3c948f4d605d)
Start importing Assets/Enviroment/enviroment/Office building/Prefabs/Clock Prefab.prefab using Guid(f95eb02e4b4e8cc42938637d6ff3c02b) Importer(2089858483,b0f066a214c2f5e87bad3c948f4d605d) (ScriptedImporter) -> (Import Result ID: '9edabf2f660dbdb0e4e3f30c9ceeb67a') in 0.0053848 seconds [static and dynamic dependencies]. Details - ImportResultOutputID=ba19579400de612c537521e4f4dec7ed DependenciesID=ded763bad8ee748d6f79a9d721ce07d9 StaticDependenciesID=e4cd0b031886ef491d56483ccc421a64 
Number of updated asset objects reloaded before import = 0Number of asset objects unloaded after import = 10

========================================================================
Received Import Request.
  Time since last request: 0.000018 seconds.
  path: Assets/LoafbrrAssets/Interiors_A/prefabs/StairParts/Stair_Wall_1m_B_Flipped.prefab
  importAddress: Guid(50716002e2b79c54b9706244e4cdef64) Importer(2089858483,b0f066a214c2f5e87bad3c948f4d605d)
Start importing Assets/LoafbrrAssets/Interiors_A/prefabs/StairParts/Stair_Wall_1m_B_Flipped.prefab using Guid(50716002e2b79c54b9706244e4cdef64) Importer(2089858483,b0f066a214c2f5e87bad3c948f4d605d) (ScriptedImporter) -> (Import Result ID: '9cc7b6159eeddd5e6eb10fbf6791a57a') in 0.0084058 seconds [static and dynamic dependencies]. Details - ImportResultOutputID=204899b4d1d6a34d018ede390415d1e4 DependenciesID=a69f23f67fd0294482f12e9fcf2c7404 StaticDependenciesID=1308c7d9a0fb2e4928788605804341ae 
Number of updated asset objects reloaded before import = 0Number of asset objects unloaded after import = 10

========================================================================
Received Import Request.
  Time since last request: 0.000029 seconds.
  path: Assets/LoafbrrAssets/Interiors_A/prefabs/StairParts/Stair_Wall_2m_A_Flipped.prefab
  importAddress: Guid(285c7b96222473d478d06205946a221b) Importer(2089858483,b0f066a214c2f5e87bad3c948f4d605d)
Start importing Assets/LoafbrrAssets/Interiors_A/prefabs/StairParts/Stair_Wall_2m_A_Flipped.prefab using Guid(285c7b96222473d478d06205946a221b) Importer(2089858483,b0f066a214c2f5e87bad3c948f4d605d) (ScriptedImporter) -> (Import Result ID: 'aaa95dd3da7092a5734d3deab5c479c9') in 0.0107273 seconds [static and dynamic dependencies]. Details - ImportResultOutputID=7e04cea18fce53ab4e4decf924798093 DependenciesID=6ff1d6baa6c83c3efc22d5347d269ca5 StaticDependenciesID=f5bd3126c5e52e2e8f7a58be6252b16e 
Number of updated asset objects reloaded before import = 0Number of asset objects unloaded after import = 10

========================================================================
Received Import Request.
  Time since last request: 0.000040 seconds.
  path: Assets/Enviroment/enviroment/Office building/Prefabs/Toilet cabine Prefab.prefab
  importAddress: Guid(14f4f8b01b4d437489dd51800622e198) Importer(2089858483,b0f066a214c2f5e87bad3c948f4d605d)
Start importing Assets/Enviroment/enviroment/Office building/Prefabs/Toilet cabine Prefab.prefab using Guid(14f4f8b01b4d437489dd51800622e198) Importer(2089858483,b0f066a214c2f5e87bad3c948f4d605d) (ScriptedImporter) -> (Import Result ID: 'b0b4bc50f8bbdc95e044e05b78af0191') in 0.0100898 seconds [static and dynamic dependencies]. Details - ImportResultOutputID=51f5dc9e89cff4e18a22c48141adb1a6 DependenciesID=bddfe6661d36834634294b50330819e2 StaticDependenciesID=94f0f8060c1c92d2e119c635362ef3f3 
Number of updated asset objects reloaded before import = 0Number of asset objects unloaded after import = 43

========================================================================
Received Import Request.
  Time since last request: 0.000035 seconds.
  path: Assets/Enviroment/enviroment/Office building/textures/lamps/emission/Lamp A OFF Emssion.png
  importAddress: Guid(dea9cac96a18bca418d3f75f23cb9d3d) Importer(2089858483,b0f066a214c2f5e87bad3c948f4d605d)
Start importing Assets/Enviroment/enviroment/Office building/textures/lamps/emission/Lamp A OFF Emssion.png using Guid(dea9cac96a18bca418d3f75f23cb9d3d) Importer(2089858483,b0f066a214c2f5e87bad3c948f4d605d) (ScriptedImporter) -> (Import Result ID: '049f79facff82227c0995cc642bdc434') in 0.0056719 seconds [static and dynamic dependencies]. Details - ImportResultOutputID=684b48a5e0d6215ce220b5d385a1bc82 DependenciesID=601d26cd0b62886a7f7ae69e87250197 StaticDependenciesID=18dd5f2320e1a0cf283592b922f78fae 
Number of updated asset objects reloaded before import = 0Number of asset objects unloaded after import = 1

========================================================================
Received Import Request.
  Time since last request: 0.000028 seconds.
  path: Assets/Enviroment/enviroment/Office building/textures/Props/used/filing A.png
  importAddress: Guid(be7154b2895a9fa428ae6de8d96b6bb2) Importer(2089858483,b0f066a214c2f5e87bad3c948f4d605d)
Start importing Assets/Enviroment/enviroment/Office building/textures/Props/used/filing A.png using Guid(be7154b2895a9fa428ae6de8d96b6bb2) Importer(2089858483,b0f066a214c2f5e87bad3c948f4d605d) (ScriptedImporter) -> (Import Result ID: '743d734d38c05606e64bcbb0498e9376') in 0.0066767 seconds [static and dynamic dependencies]. Details - ImportResultOutputID=09537c7bd6493e6c2e44a8f6edceaffd DependenciesID=18e48dbdbc4e96b19f2d1d7313c9fa59 StaticDependenciesID=40a34fbe47a950c7a44b6a365c60ceb3 
Number of updated asset objects reloaded before import = 0Number of asset objects unloaded after import = 1

========================================================================
Received Import Request.
  Time since last request: 0.000017 seconds.
  path: Assets/Enviroment/enviroment/Office building/materials Building/roof 1.mat
  importAddress: Guid(9e4e3b426c8b05446a6bcad5ddc9e3ba) Importer(2089858483,b0f066a214c2f5e87bad3c948f4d605d)
Start importing Assets/Enviroment/enviroment/Office building/materials Building/roof 1.mat using Guid(9e4e3b426c8b05446a6bcad5ddc9e3ba) Importer(2089858483,b0f066a214c2f5e87bad3c948f4d605d) (ScriptedImporter) -> (Import Result ID: 'fb41b68f78cd43d1c07f8c792efa497c') in 0.0057383 seconds [static and dynamic dependencies]. Details - ImportResultOutputID=5b030512df69bdca805db28dac4dbb53 DependenciesID=7827b80376832e6f71a4cda6d118f139 StaticDependenciesID=15031886a2ecdc6116969a3e3dcd9859 
Number of updated asset objects reloaded before import = 0Number of asset objects unloaded after import = 2

========================================================================
Received Import Request.
  Time since last request: 0.000016 seconds.
  path: Assets/Enviroment/enviroment/Office building/Prefabs/Action cube Prefab.prefab
  importAddress: Guid(c3e4184bfec602f46a373f765f6c95f0) Importer(2089858483,b0f066a214c2f5e87bad3c948f4d605d)
Start importing Assets/Enviroment/enviroment/Office building/Prefabs/Action cube Prefab.prefab using Guid(c3e4184bfec602f46a373f765f6c95f0) Importer(2089858483,b0f066a214c2f5e87bad3c948f4d605d) (ScriptedImporter) -> (Import Result ID: '0483bf006162eee1ac38b31608b55090') in 0.0126801 seconds [static and dynamic dependencies]. Details - ImportResultOutputID=c7d272107cf0bb586f1f3349acc6a2a3 DependenciesID=3026bd19d16f529bd4b8b6ed315e4bd3 StaticDependenciesID=437482cb5f264973297fb857262c8e48 
Number of updated asset objects reloaded before import = 0Number of asset objects unloaded after import = 8

========================================================================
Received Import Request.
  Time since last request: 0.000019 seconds.
  path: Assets/LoafbrrAssets/Interiors_A/texture/Surface_Wall_A/Surface_Wall_A_Normal_2K.png
  importAddress: Guid(de4d59fee1d4fa14fa5fe9667e5bbfbc) Importer(2089858483,b0f066a214c2f5e87bad3c948f4d605d)
Start importing Assets/LoafbrrAssets/Interiors_A/texture/Surface_Wall_A/Surface_Wall_A_Normal_2K.png using Guid(de4d59fee1d4fa14fa5fe9667e5bbfbc) Importer(2089858483,b0f066a214c2f5e87bad3c948f4d605d) (ScriptedImporter) -> (Import Result ID: 'dedb5fc62d99aad7fee56e0d7563104f') in 0.0140562 seconds [static and dynamic dependencies]. Details - ImportResultOutputID=231b9c527a12eca9775fab959c1a4a78 DependenciesID=32eff79ae01f6bbf1e8a310f05c0a40e StaticDependenciesID=4a17d59b198bbb2ad24534a4a56a88d3 
Number of updated asset objects reloaded before import = 0Number of asset objects unloaded after import = 1

========================================================================
Received Import Request.
  Time since last request: 0.000030 seconds.
  path: Assets/LoafbrrAssets/Interiors_A/prefabs/StairSet/Stairs_2m_E_Grp.prefab
  importAddress: Guid(9d717d51a0f81264ba8e3803642d9e22) Importer(2089858483,b0f066a214c2f5e87bad3c948f4d605d)
Start importing Assets/LoafbrrAssets/Interiors_A/prefabs/StairSet/Stairs_2m_E_Grp.prefab using Guid(9d717d51a0f81264ba8e3803642d9e22) Importer(2089858483,b0f066a214c2f5e87bad3c948f4d605d) (ScriptedImporter) -> (Import Result ID: '6495edc18b8d39ea5a887a850cb5fb29') in 0.0067607 seconds [static and dynamic dependencies]. Details - ImportResultOutputID=94537041e7a5ba97b4c6a04358663139 DependenciesID=6e8fc74e6e164048f06204f0c71c2d2d StaticDependenciesID=14d47ecfdb9b289032acb6b39c59229d 
Number of updated asset objects reloaded before import = 0Number of asset objects unloaded after import = 22

========================================================================
Received Import Request.
  Time since last request: 0.000018 seconds.
  path: Assets/Enviroment/enviroment/Office building/textures/Door.png
  importAddress: Guid(4fcfcd3925214b042953ae3ea84d0115) Importer(2089858483,b0f066a214c2f5e87bad3c948f4d605d)
Start importing Assets/Enviroment/enviroment/Office building/textures/Door.png using Guid(4fcfcd3925214b042953ae3ea84d0115) Importer(2089858483,b0f066a214c2f5e87bad3c948f4d605d) (ScriptedImporter) -> (Import Result ID: 'af12b0744f09d5d4b99e7fc154cb3ca1') in 0.0078354 seconds [static and dynamic dependencies]. Details - ImportResultOutputID=34efe8a849f78ea1904850e8a0dfb78f DependenciesID=71b67f451eea36042baf2bd2cccfdf0a StaticDependenciesID=34501fbedbe428df56707b3be20c055b 
Number of updated asset objects reloaded before import = 0Number of asset objects unloaded after import = 1

========================================================================
Received Import Request.
  Time since last request: 0.000016 seconds.
  path: Assets/Enviroment/enviroment/Office building/materials Building/Evelator numbers.mat
  importAddress: Guid(51919198c43813348910f357eb609e28) Importer(2089858483,b0f066a214c2f5e87bad3c948f4d605d)
Start importing Assets/Enviroment/enviroment/Office building/materials Building/Evelator numbers.mat using Guid(51919198c43813348910f357eb609e28) Importer(2089858483,b0f066a214c2f5e87bad3c948f4d605d) (ScriptedImporter) -> (Import Result ID: '5d22bc36a41a2e34c162b42651d33e14') in 0.0069666 seconds [static and dynamic dependencies]. Details - ImportResultOutputID=b2dc3d8a01e7cdc20cab514b51221ab9 DependenciesID=8c911501cd8c0de269b3693aa6d5f0d7 StaticDependenciesID=e5620594a80faa30c8c910f0cd1ae246 
Number of updated asset objects reloaded before import = 0Number of asset objects unloaded after import = 1

========================================================================
Received Import Request.
  Time since last request: 0.000016 seconds.
  path: Assets/Enviroment/enviroment/Office building/material props/computer mouse.mat
  importAddress: Guid(da62bc24cbf68f84abc423fc833ad31b) Importer(2089858483,b0f066a214c2f5e87bad3c948f4d605d)
Start importing Assets/Enviroment/enviroment/Office building/material props/computer mouse.mat using Guid(da62bc24cbf68f84abc423fc833ad31b) Importer(2089858483,b0f066a214c2f5e87bad3c948f4d605d) (ScriptedImporter) -> (Import Result ID: 'a36406bccb6dd89726ba819464bf7aa0') in 0.0064181 seconds [static and dynamic dependencies]. Details - ImportResultOutputID=ce5628a66d2551d5dfd96ba32dcb36df DependenciesID=ec9a61785bb33d72407dafbb65167928 StaticDependenciesID=0b4f2a0917dd52b171df32db480d5845 
Number of updated asset objects reloaded before import = 0Number of asset objects unloaded after import = 2

========================================================================
Received Import Request.
  Time since last request: 0.000018 seconds.
  path: Assets/LoafbrrAssets/Interiors_A/texture/Door/Door_Diffuse_1K_A.png
  importAddress: Guid(8b723e38f7dc8ff4ea37957c844dcac7) Importer(2089858483,b0f066a214c2f5e87bad3c948f4d605d)
Start importing Assets/LoafbrrAssets/Interiors_A/texture/Door/Door_Diffuse_1K_A.png using Guid(8b723e38f7dc8ff4ea37957c844dcac7) Importer(2089858483,b0f066a214c2f5e87bad3c948f4d605d) (ScriptedImporter) -> (Import Result ID: '5b4ed0e5fee07532255b072773b8c085') in 0.0097166 seconds [static and dynamic dependencies]. Details - ImportResultOutputID=0330f09348c8f16f34ee19f949241597 DependenciesID=8cd40ba900a41f9df6b30d4c09c7d8f5 StaticDependenciesID=463762e1ee8f2df49557f208e3771143 
Number of updated asset objects reloaded before import = 0Number of asset objects unloaded after import = 1

========================================================================
Received Import Request.
  Time since last request: 0.000017 seconds.
  path: Assets/LoafbrrAssets/Interiors_A/texture/Surface_Floor_A
  importAddress: Guid(16fbe424514be5d4c9c0ff8fc0235dac) Importer(2089858483,b0f066a214c2f5e87bad3c948f4d605d)
Start importing Assets/LoafbrrAssets/Interiors_A/texture/Surface_Floor_A using Guid(16fbe424514be5d4c9c0ff8fc0235dac) Importer(2089858483,b0f066a214c2f5e87bad3c948f4d605d) (ScriptedImporter) -> (Import Result ID: '62796c70d3cce9e6311d23a97f9fd45d') in 0.0043045 seconds [static and dynamic dependencies]. Details - ImportResultOutputID=380ca59d9b3af9ed393259a612409c39 DependenciesID=1cb7bd378662a8abd8a6e45784a6f489 StaticDependenciesID=23933e61277ca0b83845af90904f12e7 
Number of updated asset objects reloaded before import = 0Number of asset objects unloaded after import = 1

========================================================================
Received Import Request.
  Time since last request: 0.000020 seconds.
  path: Assets/Enviroment/enviroment/Office building/Prefabs/Phone B Prefab.prefab
  importAddress: Guid(8b26c8f91a9e9924198c42094bd268fb) Importer(2089858483,b0f066a214c2f5e87bad3c948f4d605d)
Start importing Assets/Enviroment/enviroment/Office building/Prefabs/Phone B Prefab.prefab using Guid(8b26c8f91a9e9924198c42094bd268fb) Importer(2089858483,b0f066a214c2f5e87bad3c948f4d605d) (ScriptedImporter) -> (Import Result ID: 'd7fb0ef5774a6a850cea83396a5d7b3c') in 0.0050172 seconds [static and dynamic dependencies]. Details - ImportResultOutputID=df29d9bbf15ef6a38bcaf05a645cc916 DependenciesID=ca5220fbebdd6729c4136394805dd103 StaticDependenciesID=2fdb209db1bf8e6120bc6486fc2b0c81 
Number of updated asset objects reloaded before import = 0Number of asset objects unloaded after import = 10

========================================================================
Received Import Request.
  Time since last request: 0.000044 seconds.
  path: Assets/LoafbrrAssets/Interiors_A/prefabs/Floor/Floor_3x1.prefab
  importAddress: Guid(be09d1532fdb6514eaa4f8a9d2a0f2e0) Importer(2089858483,b0f066a214c2f5e87bad3c948f4d605d)
Start importing Assets/LoafbrrAssets/Interiors_A/prefabs/Floor/Floor_3x1.prefab using Guid(be09d1532fdb6514eaa4f8a9d2a0f2e0) Importer(2089858483,b0f066a214c2f5e87bad3c948f4d605d) (ScriptedImporter) -> (Import Result ID: '737ba4934a497d17046f4de5c4645a71') in 0.0089161 seconds [static and dynamic dependencies]. Details - ImportResultOutputID=72a119e36b57ade31414945da641445e DependenciesID=f09a3747b780d892c5465761e207ccdd StaticDependenciesID=e72661fa0db401e2a7f258024c5c100c 
Number of updated asset objects reloaded before import = 0Number of asset objects unloaded after import = 11

========================================================================
Received Import Request.
  Time since last request: 0.000026 seconds.
  path: Assets/LoafbrrAssets/Interiors_A/texture/Surface_Floor_B/Surface_Floor_B_Normal_1K.png
  importAddress: Guid(7dee9b07d93072f40865a91e43129319) Importer(2089858483,b0f066a214c2f5e87bad3c948f4d605d)
Start importing Assets/LoafbrrAssets/Interiors_A/texture/Surface_Floor_B/Surface_Floor_B_Normal_1K.png using Guid(7dee9b07d93072f40865a91e43129319) Importer(2089858483,b0f066a214c2f5e87bad3c948f4d605d) (ScriptedImporter) -> (Import Result ID: '858c43438ebda2f3a6c9c0ecf901fd65') in 0.0086326 seconds [static and dynamic dependencies]. Details - ImportResultOutputID=18efdd4d7996949b3bd01c1c479bbb52 DependenciesID=5d06eeedd32c3b27a77cd9207fd50bb0 StaticDependenciesID=fa24c5badcb7bf6e23465267eac4e331 
Number of updated asset objects reloaded before import = 0Number of asset objects unloaded after import = 1

========================================================================
Received Import Request.
  Time since last request: 0.000019 seconds.
  path: Assets/Enviroment/enviroment/Office building/material props/conference table.mat
  importAddress: Guid(c122d69c16be56845bb380e32455cd50) Importer(2089858483,b0f066a214c2f5e87bad3c948f4d605d)
Start importing Assets/Enviroment/enviroment/Office building/material props/conference table.mat using Guid(c122d69c16be56845bb380e32455cd50) Importer(2089858483,b0f066a214c2f5e87bad3c948f4d605d) (ScriptedImporter) -> (Import Result ID: 'fd9054a601e7a3c86023b3f32fa98941') in 0.0054616 seconds [static and dynamic dependencies]. Details - ImportResultOutputID=52f2ce008f9bbeaec6ceec754bc72567 DependenciesID=3419f3e0bd3b647569cc14adb7288ff9 StaticDependenciesID=50033c52ab4754e0061871ea479cc57e 
Number of updated asset objects reloaded before import = 0Number of asset objects unloaded after import = 2

========================================================================
Received Import Request.
  Time since last request: 0.000017 seconds.
  path: Assets/LoafbrrAssets/Interiors_A/prefabs/StairParts/Wall_Stair_1m_Edge_C_Flipped.prefab
  importAddress: Guid(41a41d440ed1c0544842cde5f9d60ed7) Importer(2089858483,b0f066a214c2f5e87bad3c948f4d605d)
Start importing Assets/LoafbrrAssets/Interiors_A/prefabs/StairParts/Wall_Stair_1m_Edge_C_Flipped.prefab using Guid(41a41d440ed1c0544842cde5f9d60ed7) Importer(2089858483,b0f066a214c2f5e87bad3c948f4d605d) (ScriptedImporter) -> (Import Result ID: '92feec9bbfc4e1665d15f2fdb57062c0') in 0.0076913 seconds [static and dynamic dependencies]. Details - ImportResultOutputID=316cbee83611a1d24939970f5e7c7a0b DependenciesID=f2dfc72e2b7c3abf50e3cb39a3ff3f03 StaticDependenciesID=7298774a1661bd20f86cda45aad06157 
Number of updated asset objects reloaded before import = 0Number of asset objects unloaded after import = 10

========================================================================
Received Import Request.
  Time since last request: 0.000019 seconds.
  path: Assets/LoafbrrAssets/Interiors_A/prefabs/Decal/Decal_Grate_corner_B.prefab
  importAddress: Guid(6e40b253a9ae9a84c8b02fdde393e5d0) Importer(2089858483,b0f066a214c2f5e87bad3c948f4d605d)
Start importing Assets/LoafbrrAssets/Interiors_A/prefabs/Decal/Decal_Grate_corner_B.prefab using Guid(6e40b253a9ae9a84c8b02fdde393e5d0) Importer(2089858483,b0f066a214c2f5e87bad3c948f4d605d) (ScriptedImporter) -> (Import Result ID: 'fafd8831945d4fbdace6aa39a5f56ec1') in 0.0072043 seconds [static and dynamic dependencies]. Details - ImportResultOutputID=307cad7c78949afc69cb737ea36a35bd DependenciesID=f9eb634c18a39e70d749635e2045a6c5 StaticDependenciesID=6df6e428adc1944750c06ba8c7f19358 
Number of updated asset objects reloaded before import = 0Number of asset objects unloaded after import = 9

========================================================================
Received Import Request.
  Time since last request: 0.000018 seconds.
  path: Assets/LoafbrrAssets/Interiors_A/prefabs/StairParts/Wall_Stair_Corner.prefab
  importAddress: Guid(f1acca7170ad35c48ba7fca345c68d03) Importer(2089858483,b0f066a214c2f5e87bad3c948f4d605d)
Start importing Assets/LoafbrrAssets/Interiors_A/prefabs/StairParts/Wall_Stair_Corner.prefab using Guid(f1acca7170ad35c48ba7fca345c68d03) Importer(2089858483,b0f066a214c2f5e87bad3c948f4d605d) (ScriptedImporter) -> (Import Result ID: '87adc28d402726f58ceebca3097e71b8') in 0.0094254 seconds [static and dynamic dependencies]. Details - ImportResultOutputID=49d631a75aae40d8cb2ef91fda2e1419 DependenciesID=210102394d6b2d5ee7b2027615518160 StaticDependenciesID=2ffc9c07025f8e93c13527e6614f9dd5 
Number of updated asset objects reloaded before import = 0Number of asset objects unloaded after import = 10

========================================================================
Received Import Request.
  Time since last request: 0.000022 seconds.
  path: Assets/LoafbrrAssets/Interiors_A/prefabs/StairSet/Stairs_3m_B_Grp_Flipped.prefab
  importAddress: Guid(192f5b84b04dde141b1809a6f1324549) Importer(2089858483,b0f066a214c2f5e87bad3c948f4d605d)
Start importing Assets/LoafbrrAssets/Interiors_A/prefabs/StairSet/Stairs_3m_B_Grp_Flipped.prefab using Guid(192f5b84b04dde141b1809a6f1324549) Importer(2089858483,b0f066a214c2f5e87bad3c948f4d605d) (ScriptedImporter) -> (Import Result ID: 'b73d51cb1037b06a3f7611da7db37eb5') in 0.0073812 seconds [static and dynamic dependencies]. Details - ImportResultOutputID=83f6e4344a3d04acecb3899e2c546a0c DependenciesID=8d4dffb1c06115069d4a44ef40d3bd1a StaticDependenciesID=8803465a906be8093e3a20457b6c1e7a 
Number of updated asset objects reloaded before import = 0Number of asset objects unloaded after import = 40

========================================================================
Received Import Request.
  Time since last request: 0.000029 seconds.
  path: Assets/Enviroment/enviroment/Office building/meshes/Toilet sign.fbx
  importAddress: Guid(96a75ebfd11867e4ba6a4cb565f72404) Importer(2089858483,b0f066a214c2f5e87bad3c948f4d605d)
Start importing Assets/Enviroment/enviroment/Office building/meshes/Toilet sign.fbx using Guid(96a75ebfd11867e4ba6a4cb565f72404) Importer(2089858483,b0f066a214c2f5e87bad3c948f4d605d) (ScriptedImporter) -> (Import Result ID: '142de95d310288e7b891b47dfc439dc8') in 0.0126785 seconds [static and dynamic dependencies]. Details - ImportResultOutputID=2867afb4da06697655f2ced033f23cf5 DependenciesID=24d091fbe9234cd66970262c30346975 StaticDependenciesID=ca83c592dc8b46c5c1554448008bf56c 
Number of updated asset objects reloaded before import = 0Number of asset objects unloaded after import = 9

========================================================================
Received Import Request.
  Time since last request: 0.000030 seconds.
  path: Assets/LoafbrrAssets/Interiors_A/texture/Surface_Ceiling_A/Surface_Ceiling_A_Diffuse_1K_A.png
  importAddress: Guid(4e643150de5efbc4bb0eb6ffe1f904d6) Importer(2089858483,b0f066a214c2f5e87bad3c948f4d605d)
Start importing Assets/LoafbrrAssets/Interiors_A/texture/Surface_Ceiling_A/Surface_Ceiling_A_Diffuse_1K_A.png using Guid(4e643150de5efbc4bb0eb6ffe1f904d6) Importer(2089858483,b0f066a214c2f5e87bad3c948f4d605d) (ScriptedImporter) -> (Import Result ID: '88efa89f62f1fe6b7958446961667b65') in 0.007527 seconds [static and dynamic dependencies]. Details - ImportResultOutputID=4f8c7a20e8f2538dcb38d27f23697504 DependenciesID=df563acd9ebe9d7ead1defde2356d2b4 StaticDependenciesID=4b44e580e9fd94aadf9dc11a82ae22cb 
Number of updated asset objects reloaded before import = 0Number of asset objects unloaded after import = 1

========================================================================
Received Import Request.
  Time since last request: 0.000020 seconds.
  path: Assets/LoafbrrAssets/Interiors_A/prefabs/Vent/Vent_3m.prefab
  importAddress: Guid(f8bf86c0378c02442a04379e1d849aa9) Importer(2089858483,b0f066a214c2f5e87bad3c948f4d605d)
Start importing Assets/LoafbrrAssets/Interiors_A/prefabs/Vent/Vent_3m.prefab using Guid(f8bf86c0378c02442a04379e1d849aa9) Importer(2089858483,b0f066a214c2f5e87bad3c948f4d605d) (ScriptedImporter) -> (Import Result ID: 'adca2a407b3744fd8e3160edef1f7e75') in 0.0096519 seconds [static and dynamic dependencies]. Details - ImportResultOutputID=bcd5c6952902c211416eb39167c5de06 DependenciesID=61ba8f4f53e9e641d646a488c4a92663 StaticDependenciesID=2e05647b418204826c48bdd1f40da4f0 
Number of updated asset objects reloaded before import = 0Number of asset objects unloaded after import = 10

========================================================================
Received Import Request.
  Time since last request: 0.000020 seconds.
  path: Assets/Enviroment/enviroment/Office building/textures/Props/used/phone.png
  importAddress: Guid(d0e86912a8ef5e843ab4fd5bb045f231) Importer(2089858483,b0f066a214c2f5e87bad3c948f4d605d)
Start importing Assets/Enviroment/enviroment/Office building/textures/Props/used/phone.png using Guid(d0e86912a8ef5e843ab4fd5bb045f231) Importer(2089858483,b0f066a214c2f5e87bad3c948f4d605d) (ScriptedImporter) -> (Import Result ID: 'ad23bb26e189b732e16963f1f6bc0207') in 0.0056674 seconds [static and dynamic dependencies]. Details - ImportResultOutputID=98a473cc4e871d311a1b8995f2d7cfb3 DependenciesID=baec944f4184999d589c7906cf8ceb34 StaticDependenciesID=520704d568a8f04a195fe66c670ab91d 
Number of updated asset objects reloaded before import = 0Number of asset objects unloaded after import = 1

========================================================================
Received Import Request.
  Time since last request: 0.000036 seconds.
  path: Assets/Enviroment/enviroment/Office building/meshes/evelator floor number.fbx
  importAddress: Guid(a684bd23a208a8f4a94c79a3a943395c) Importer(2089858483,b0f066a214c2f5e87bad3c948f4d605d)
Start importing Assets/Enviroment/enviroment/Office building/meshes/evelator floor number.fbx using Guid(a684bd23a208a8f4a94c79a3a943395c) Importer(2089858483,b0f066a214c2f5e87bad3c948f4d605d) (ScriptedImporter) -> (Import Result ID: '4f16d1dc59d0c957c4db18f0a8f4aa11') in 0.0115045 seconds [static and dynamic dependencies]. Details - ImportResultOutputID=045d82b48cf0a9d5594e2ca97e57828c DependenciesID=1082184bdab923444af5a8f8c5f2ff58 StaticDependenciesID=9f1c52fe281e80e2fe2e28c88feae2f4 
Number of updated asset objects reloaded before import = 0Number of asset objects unloaded after import = 35

========================================================================
Received Import Request.
  Time since last request: 0.000028 seconds.
  path: Assets/Enviroment/enviroment/Office building/Prefabs
  importAddress: Guid(67b7972e9e22a2741bc2ca125a50f730) Importer(2089858483,b0f066a214c2f5e87bad3c948f4d605d)
Start importing Assets/Enviroment/enviroment/Office building/Prefabs using Guid(67b7972e9e22a2741bc2ca125a50f730) Importer(2089858483,b0f066a214c2f5e87bad3c948f4d605d) (ScriptedImporter) -> (Import Result ID: '671aae5dd875582a37ed16010f931bbf') in 0.0049309 seconds [static and dynamic dependencies]. Details - ImportResultOutputID=67819cd6614dcd63570ebc8fde3fcc4f DependenciesID=5625599aead45bf4cf799789d5b1bda0 StaticDependenciesID=d1a87ea5a8ccc1436c8d560e53f85c21 
Number of updated asset objects reloaded before import = 0Number of asset objects unloaded after import = 1

========================================================================
Received Import Request.
  Time since last request: 0.000023 seconds.
  path: Assets/Enviroment/enviroment/Office building/textures/metal 1.png
  importAddress: Guid(cd0110506b2cb9c48b4b607876a8d47a) Importer(2089858483,b0f066a214c2f5e87bad3c948f4d605d)
Start importing Assets/Enviroment/enviroment/Office building/textures/metal 1.png using Guid(cd0110506b2cb9c48b4b607876a8d47a) Importer(2089858483,b0f066a214c2f5e87bad3c948f4d605d) (ScriptedImporter) -> (Import Result ID: '0f99318665a9f183c39981912ced088b') in 0.0073488 seconds [static and dynamic dependencies]. Details - ImportResultOutputID=73fcdc721a6cb3fc023be47feb6a0f7b DependenciesID=8fd2e053539d0cce29af787467e93f0b StaticDependenciesID=be5e86fff8d765ad19fc2bf7542e2c5d 
Number of updated asset objects reloaded before import = 0Number of asset objects unloaded after import = 1

========================================================================
Received Import Request.
  Time since last request: 0.000030 seconds.
  path: Assets/Enviroment/enviroment/Office building/Prefabs/Coffee cup Prefab.prefab
  importAddress: Guid(a42b76a8ae68dad4fb4fea3eda1ed3d9) Importer(2089858483,b0f066a214c2f5e87bad3c948f4d605d)
Start importing Assets/Enviroment/enviroment/Office building/Prefabs/Coffee cup Prefab.prefab using Guid(a42b76a8ae68dad4fb4fea3eda1ed3d9) Importer(2089858483,b0f066a214c2f5e87bad3c948f4d605d) (ScriptedImporter) -> (Import Result ID: '3e391f1714a5032b98c6c2ce0fcfb636') in 0.0059981 seconds [static and dynamic dependencies]. Details - ImportResultOutputID=5ec6149d131fa40632cfea14e8e4d8ad DependenciesID=7ee54a0008ce2a6c4d0660af15ba914c StaticDependenciesID=86ab0be30fac24aab4ed699b62614dbb 
Number of updated asset objects reloaded before import = 0Number of asset objects unloaded after import = 10

========================================================================
Received Import Request.
  Time since last request: 0.000043 seconds.
  path: Assets/Enviroment/enviroment/Office building/material props/Urinal wall.mat
  importAddress: Guid(6cc788526cc255846bdf2e743045352c) Importer(2089858483,b0f066a214c2f5e87bad3c948f4d605d)
Start importing Assets/Enviroment/enviroment/Office building/material props/Urinal wall.mat using Guid(6cc788526cc255846bdf2e743045352c) Importer(2089858483,b0f066a214c2f5e87bad3c948f4d605d) (ScriptedImporter) -> (Import Result ID: 'f1e080ad96a93864be8bad76927a204e') in 0.0073819 seconds [static and dynamic dependencies]. Details - ImportResultOutputID=680e647f3cb85a539f0e51b78f36463c DependenciesID=3c10b0fb11bc206e5bd169709b85f748 StaticDependenciesID=b98abf4d6aa9b1414d38b1f076940f6d 
Number of updated asset objects reloaded before import = 0Number of asset objects unloaded after import = 2

========================================================================
Received Import Request.
  Time since last request: 0.000019 seconds.
  path: Assets/Enviroment/enviroment/Office building/material props/phone.mat
  importAddress: Guid(2f858ade282021d4eb6dabb49b21a1b9) Importer(2089858483,b0f066a214c2f5e87bad3c948f4d605d)
Start importing Assets/Enviroment/enviroment/Office building/material props/phone.mat using Guid(2f858ade282021d4eb6dabb49b21a1b9) Importer(2089858483,b0f066a214c2f5e87bad3c948f4d605d) (ScriptedImporter) -> (Import Result ID: '15c5b2ce11b6dfd3c9070859cc6f0656') in 0.0055481 seconds [static and dynamic dependencies]. Details - ImportResultOutputID=63cca5d470baf3ef4ee000a79087747f DependenciesID=d2054864d58705957028d58cc23cdf80 StaticDependenciesID=31067e579605fd88487a0ef12ab49fab 
Number of updated asset objects reloaded before import = 0Number of asset objects unloaded after import = 2

========================================================================
Received Import Request.
  Time since last request: 0.000019 seconds.
  path: Assets/Enviroment/enviroment/Office building/textures/Props/used/Plant 2.png
  importAddress: Guid(df37d3bceeff3ff4ea77fefd75742963) Importer(2089858483,b0f066a214c2f5e87bad3c948f4d605d)
Start importing Assets/Enviroment/enviroment/Office building/textures/Props/used/Plant 2.png using Guid(df37d3bceeff3ff4ea77fefd75742963) Importer(2089858483,b0f066a214c2f5e87bad3c948f4d605d) (ScriptedImporter) -> (Import Result ID: 'bea4736c73a1ed813acde7f484df3982') in 0.0093936 seconds [static and dynamic dependencies]. Details - ImportResultOutputID=b27916df1fc26b84eae9c81c7687b2f0 DependenciesID=a3ff2c5095d6f3f5bac8cf49fcaa452a StaticDependenciesID=1d0ad8e4add5eafb33d57e5cf2e796f4 
Number of updated asset objects reloaded before import = 0Number of asset objects unloaded after import = 1

========================================================================
Received Import Request.
  Time since last request: 0.000018 seconds.
  path: Assets/Enviroment/enviroment/Office building/material props/Toilet sign.mat
  importAddress: Guid(9c58bf8c75d53834fb1d0228e756d722) Importer(2089858483,b0f066a214c2f5e87bad3c948f4d605d)
Start importing Assets/Enviroment/enviroment/Office building/material props/Toilet sign.mat using Guid(9c58bf8c75d53834fb1d0228e756d722) Importer(2089858483,b0f066a214c2f5e87bad3c948f4d605d) (ScriptedImporter) -> (Import Result ID: 'aa3f41fd9a5c1f19563aab4a186bdec2') in 0.0055782 seconds [static and dynamic dependencies]. Details - ImportResultOutputID=6b1a5ec9c7cc564611c41ff870cb4131 DependenciesID=48cb69167d7fe100a0331a13b40b6a60 StaticDependenciesID=98b11a3ac14e59228f2009b16ddf342c 
Number of updated asset objects reloaded before import = 0Number of asset objects unloaded after import = 2

========================================================================
Received Import Request.
  Time since last request: 0.000021 seconds.
  path: Assets/LoafbrrAssets/Interiors_A/texture/Surface_Ceiling_A/Surface_Ceiling_A_ORM_2K.png
  importAddress: Guid(8fa79bb7a6593344b8ca2a8c54f480ee) Importer(2089858483,b0f066a214c2f5e87bad3c948f4d605d)
Start importing Assets/LoafbrrAssets/Interiors_A/texture/Surface_Ceiling_A/Surface_Ceiling_A_ORM_2K.png using Guid(8fa79bb7a6593344b8ca2a8c54f480ee) Importer(2089858483,b0f066a214c2f5e87bad3c948f4d605d) (ScriptedImporter) -> (Import Result ID: '948e07e5f79a3a0cbb61b77b97ab017c') in 0.0104101 seconds [static and dynamic dependencies]. Details - ImportResultOutputID=32035a6c7d1dea326afd372e038cd34a DependenciesID=3ba006260f4a397553bf963aa500d4c8 StaticDependenciesID=479be8de72391b0ee69185702cd47f43 
Number of updated asset objects reloaded before import = 0Number of asset objects unloaded after import = 1

========================================================================
Received Import Request.
  Time since last request: 0.000022 seconds.
  path: Assets/Enviroment/enviroment/Office building/textures/Marmor floor.jpg
  importAddress: Guid(2e49e02ecc3733842be61caab0fdd5e9) Importer(2089858483,b0f066a214c2f5e87bad3c948f4d605d)
Start importing Assets/Enviroment/enviroment/Office building/textures/Marmor floor.jpg using Guid(2e49e02ecc3733842be61caab0fdd5e9) Importer(2089858483,b0f066a214c2f5e87bad3c948f4d605d) (ScriptedImporter) -> (Import Result ID: 'c1a44aaea6bc1946f8bfb4c6b8bca446') in 0.0158845 seconds [static and dynamic dependencies]. Details - ImportResultOutputID=fb7d5d91c3af897dc9cb2144b76d93a0 DependenciesID=717ddeffd604841965cc6850dbfe3b37 StaticDependenciesID=9d7e9211e00ca77c6febc35ff877f593 
Number of updated asset objects reloaded before import = 0Number of asset objects unloaded after import = 1

========================================================================
Received Import Request.
  Time since last request: 0.000030 seconds.
  path: Assets/LoafbrrAssets/Interiors_A/prefabs/Door/Door_D_Grp.prefab
  importAddress: Guid(28842c385081a574693eea777d2d5fea) Importer(2089858483,b0f066a214c2f5e87bad3c948f4d605d)
Start importing Assets/LoafbrrAssets/Interiors_A/prefabs/Door/Door_D_Grp.prefab using Guid(28842c385081a574693eea777d2d5fea) Importer(2089858483,b0f066a214c2f5e87bad3c948f4d605d) (ScriptedImporter) -> (Import Result ID: 'e4972f15fb1cd7b98c07cedf00ce049a') in 0.0078764 seconds [static and dynamic dependencies]. Details - ImportResultOutputID=6983d2f8dc6d4d8ec07dcbd61b170e8a DependenciesID=17ad282e13a113520de905a34441eb82 StaticDependenciesID=a4c59b74b50ac171132e22f3af869c40 
Number of updated asset objects reloaded before import = 0Number of asset objects unloaded after import = 21

========================================================================
Received Import Request.
  Time since last request: 0.000021 seconds.
  path: Assets/LoafbrrAssets/Interiors_A/prefabs/Floor/FloorCeiling_1x2.prefab
  importAddress: Guid(9f8b2a54069b2714ebe7bdd1b0307f8f) Importer(2089858483,b0f066a214c2f5e87bad3c948f4d605d)
Start importing Assets/LoafbrrAssets/Interiors_A/prefabs/Floor/FloorCeiling_1x2.prefab using Guid(9f8b2a54069b2714ebe7bdd1b0307f8f) Importer(2089858483,b0f066a214c2f5e87bad3c948f4d605d) (ScriptedImporter) -> (Import Result ID: 'e8215fb92f1e9a8ca876405aca521f4f') in 0.0082946 seconds [static and dynamic dependencies]. Details - ImportResultOutputID=14ee5af8fd4bdf7e2bd475136fece9c9 DependenciesID=cc67633ee0ccc632f74b933c752dda65 StaticDependenciesID=a48338175d92843f865184b0f7276bb6 
Number of updated asset objects reloaded before import = 0Number of asset objects unloaded after import = 11

========================================================================
Received Import Request.
  Time since last request: 0.000021 seconds.
  path: Assets/Enviroment/enviroment/Office building/materials Building/Toilet wall.mat
  importAddress: Guid(5b1b7d47a42011b42a7b37725464a3ce) Importer(2089858483,b0f066a214c2f5e87bad3c948f4d605d)
Start importing Assets/Enviroment/enviroment/Office building/materials Building/Toilet wall.mat using Guid(5b1b7d47a42011b42a7b37725464a3ce) Importer(2089858483,b0f066a214c2f5e87bad3c948f4d605d) (ScriptedImporter) -> (Import Result ID: '472fc00dd8de0e96ff3ac4cc5d25fa6a') in 0.0055315 seconds [static and dynamic dependencies]. Details - ImportResultOutputID=a1156474ebbd2dc01105c5ea753c8226 DependenciesID=758b32f53785ea69c4699b64e430133e StaticDependenciesID=b4e6e41bdc67a734d0cc8d267715e2a3 
Number of updated asset objects reloaded before import = 0Number of asset objects unloaded after import = 2

========================================================================
Received Import Request.
  Time since last request: 0.000020 seconds.
  path: Assets/LoafbrrAssets/Interiors_A/texture/Door/Door_Mask_1K.png
  importAddress: Guid(0c889050383abda45a2e405da9f75d04) Importer(2089858483,b0f066a214c2f5e87bad3c948f4d605d)
Start importing Assets/LoafbrrAssets/Interiors_A/texture/Door/Door_Mask_1K.png using Guid(0c889050383abda45a2e405da9f75d04) Importer(2089858483,b0f066a214c2f5e87bad3c948f4d605d) (ScriptedImporter) -> (Import Result ID: 'a854688e46514e005249bb5f417f407d') in 0.0082942 seconds [static and dynamic dependencies]. Details - ImportResultOutputID=6041ce308810a18589bea9e5578cd0f7 DependenciesID=a3a64a7c67fe0fa1335547a80838a2a4 StaticDependenciesID=55ad4cb7a93f06579da39b64e00fe1a6 
Number of updated asset objects reloaded before import = 0Number of asset objects unloaded after import = 1

========================================================================
Received Import Request.
  Time since last request: 0.000029 seconds.
  path: Assets/Enviroment/enviroment/Office building/material props/Office table.mat
  importAddress: Guid(bb4a93112c422ac4b936f6faae1712ee) Importer(2089858483,b0f066a214c2f5e87bad3c948f4d605d)
Start importing Assets/Enviroment/enviroment/Office building/material props/Office table.mat using Guid(bb4a93112c422ac4b936f6faae1712ee) Importer(2089858483,b0f066a214c2f5e87bad3c948f4d605d) (ScriptedImporter) -> (Import Result ID: 'bcd9f026ce50e22092c72ad9a8e45eb3') in 0.0054693 seconds [static and dynamic dependencies]. Details - ImportResultOutputID=463b9b7f7889c8f30c4782eff1f8405e DependenciesID=ab9f47449f8be90b9a0a7b07b1321644 StaticDependenciesID=2d68f4c410bf9fed57d22aa6ac798ab0 
Number of updated asset objects reloaded before import = 0Number of asset objects unloaded after import = 2

========================================================================
Received Import Request.
  Time since last request: 0.000018 seconds.
  path: Assets/Enviroment/enviroment/Office building/Prefabs/Kitchen Table A Prefab.prefab
  importAddress: Guid(b608e409deb58b64ab5822eb261da609) Importer(2089858483,b0f066a214c2f5e87bad3c948f4d605d)
Start importing Assets/Enviroment/enviroment/Office building/Prefabs/Kitchen Table A Prefab.prefab using Guid(b608e409deb58b64ab5822eb261da609) Importer(2089858483,b0f066a214c2f5e87bad3c948f4d605d) (ScriptedImporter) -> (Import Result ID: '5d8add1af674e2f983a0bba4d9815a24') in 0.0055625 seconds [static and dynamic dependencies]. Details - ImportResultOutputID=e0492a4ace5fae4e1580870c08634f02 DependenciesID=4e6b50455f6d9fc8c6ba118cb825a22e StaticDependenciesID=98df0899f017d8740315609597bfc91e 
Number of updated asset objects reloaded before import = 0Number of asset objects unloaded after import = 10

========================================================================
Received Import Request.
  Time since last request: 0.000023 seconds.
  path: Assets/Enviroment/enviroment/Office building/material props/note block.mat
  importAddress: Guid(148fd7ab45f6c8149b760f7312ba059a) Importer(2089858483,b0f066a214c2f5e87bad3c948f4d605d)
Start importing Assets/Enviroment/enviroment/Office building/material props/note block.mat using Guid(148fd7ab45f6c8149b760f7312ba059a) Importer(2089858483,b0f066a214c2f5e87bad3c948f4d605d) (ScriptedImporter) -> (Import Result ID: 'd3bb3f5e9b12a9ff07d261f0ae67f967') in 0.0049176 seconds [static and dynamic dependencies]. Details - ImportResultOutputID=70697997adc9d5fcb1752e1043d228f3 DependenciesID=d6af6657b0d028642518945ab3a8c763 StaticDependenciesID=9293ad057daeaad6036dda0ff60b3705 
Number of updated asset objects reloaded before import = 0Number of asset objects unloaded after import = 2

========================================================================
Received Import Request.
  Time since last request: 0.000031 seconds.
  path: Assets/LoafbrrAssets/Interiors_A/texture/Surface_Floor_A/Surface_Floor_A_Diffuse_2K.png
  importAddress: Guid(0823afaf936363e45a253a6acffdcc1b) Importer(2089858483,b0f066a214c2f5e87bad3c948f4d605d)
Start importing Assets/LoafbrrAssets/Interiors_A/texture/Surface_Floor_A/Surface_Floor_A_Diffuse_2K.png using Guid(0823afaf936363e45a253a6acffdcc1b) Importer(2089858483,b0f066a214c2f5e87bad3c948f4d605d) (ScriptedImporter) -> (Import Result ID: 'ad660320697e141b8237e6c8e65a1ac5') in 0.0107103 seconds [static and dynamic dependencies]. Details - ImportResultOutputID=7fba62e97229afb2fe69c9340018d8d2 DependenciesID=f9d52456f2aa0dacab422acf7407830d StaticDependenciesID=bb73584b1cbd133d815423ca4d0abe3b 
Number of updated asset objects reloaded before import = 0Number of asset objects unloaded after import = 1

========================================================================
Received Import Request.
  Time since last request: 0.000021 seconds.
  path: Assets/LoafbrrAssets/Interiors_A/prefabs/Vent/Vent_Corner_E.prefab
  importAddress: Guid(ca5c930f8671b5842bbd1114042fd8dc) Importer(2089858483,b0f066a214c2f5e87bad3c948f4d605d)
Start importing Assets/LoafbrrAssets/Interiors_A/prefabs/Vent/Vent_Corner_E.prefab using Guid(ca5c930f8671b5842bbd1114042fd8dc) Importer(2089858483,b0f066a214c2f5e87bad3c948f4d605d) (ScriptedImporter) -> (Import Result ID: '956d773ca0226b38f3233027cf08b8f2') in 0.0087144 seconds [static and dynamic dependencies]. Details - ImportResultOutputID=27bfb93c30d90eb636fdbd2c65251555 DependenciesID=2fad96e923e8ce2fd6b731a5761bf3b7 StaticDependenciesID=0188cf4601da880ad15ef516b931f6c7 
Number of updated asset objects reloaded before import = 0Number of asset objects unloaded after import = 10

========================================================================
Received Import Request.
  Time since last request: 0.000020 seconds.
  path: Assets/LoafbrrAssets/Interiors_A/prefabs/Vent/Vent_Corner_F.prefab
  importAddress: Guid(68bb1040a0b93cb4e999c394db4b3cc0) Importer(2089858483,b0f066a214c2f5e87bad3c948f4d605d)
Start importing Assets/LoafbrrAssets/Interiors_A/prefabs/Vent/Vent_Corner_F.prefab using Guid(68bb1040a0b93cb4e999c394db4b3cc0) Importer(2089858483,b0f066a214c2f5e87bad3c948f4d605d) (ScriptedImporter) -> (Import Result ID: '632e5dd77b9b0cca54be68eb5c0ac693') in 0.009282 seconds [static and dynamic dependencies]. Details - ImportResultOutputID=9e3eac41193d32c167d26675c93f1b7e DependenciesID=ef830d6ee03bd1d07159171abfb6ebe1 StaticDependenciesID=736eb2c378ca00655739fa167f629bd4 
Number of updated asset objects reloaded before import = 0Number of asset objects unloaded after import = 10

========================================================================
Received Import Request.
  Time since last request: 0.000028 seconds.
  path: Assets/Enviroment/enviroment/Office building/Prefabs/File box grey Prefab.prefab
  importAddress: Guid(b4a91fe9e339e2f46bdad1200352f491) Importer(2089858483,b0f066a214c2f5e87bad3c948f4d605d)
Start importing Assets/Enviroment/enviroment/Office building/Prefabs/File box grey Prefab.prefab using Guid(b4a91fe9e339e2f46bdad1200352f491) Importer(2089858483,b0f066a214c2f5e87bad3c948f4d605d) (ScriptedImporter) -> (Import Result ID: '858af673e8cc0511ed8f8835691c50c8') in 0.0056675 seconds [static and dynamic dependencies]. Details - ImportResultOutputID=be40f5774f5ad914cb3da244a5d59370 DependenciesID=3aa4bb08bad9300cf599c9b0f867b598 StaticDependenciesID=42e53d22eac61809acf95f213f3d8736 
Number of updated asset objects reloaded before import = 0Number of asset objects unloaded after import = 10

========================================================================
Received Import Request.
  Time since last request: 0.000019 seconds.
  path: Assets/LoafbrrAssets/Interiors_A/prefabs/StairParts/Stairs_B_1x2.prefab
  importAddress: Guid(621e997040009914b9a3ca1d63feda88) Importer(2089858483,b0f066a214c2f5e87bad3c948f4d605d)
Start importing Assets/LoafbrrAssets/Interiors_A/prefabs/StairParts/Stairs_B_1x2.prefab using Guid(621e997040009914b9a3ca1d63feda88) Importer(2089858483,b0f066a214c2f5e87bad3c948f4d605d) (ScriptedImporter) -> (Import Result ID: 'fff75acc0e7381379018e71c3336a7bf') in 0.0092509 seconds [static and dynamic dependencies]. Details - ImportResultOutputID=f121ab316bab6a4c540c53b8179c55b5 DependenciesID=64afce32c63d7633eb5fe7425d763471 StaticDependenciesID=a0c615b7cbc21c8e7c704d29d450314f 
Number of updated asset objects reloaded before import = 0Number of asset objects unloaded after import = 12

========================================================================
Received Import Request.
  Time since last request: 0.000021 seconds.
  path: Assets/Enviroment/enviroment/Office building/materials Building/metal.mat
  importAddress: Guid(d880ccb515409bf49a3530d33b979c98) Importer(2089858483,b0f066a214c2f5e87bad3c948f4d605d)
Start importing Assets/Enviroment/enviroment/Office building/materials Building/metal.mat using Guid(d880ccb515409bf49a3530d33b979c98) Importer(2089858483,b0f066a214c2f5e87bad3c948f4d605d) (ScriptedImporter) -> (Import Result ID: 'df511de2efa20ee9c4346fece8b8eee9') in 0.0052662 seconds [static and dynamic dependencies]. Details - ImportResultOutputID=c92cb234873ec7a093717d5938e76dd0 DependenciesID=80248ff6b91f78789566c592f73b3856 StaticDependenciesID=f4fc2c1449f835981bb88e71407c116c 
Number of updated asset objects reloaded before import = 0Number of asset objects unloaded after import = 2

========================================================================
Received Import Request.
  Time since last request: 0.000019 seconds.
  path: Assets/LoafbrrAssets/Interiors_A/prefabs/StairSet/Stairs_2m_A_Grp_Flipped.prefab
  importAddress: Guid(47fcdd731ddfb784884b220ccbd39858) Importer(2089858483,b0f066a214c2f5e87bad3c948f4d605d)
Start importing Assets/LoafbrrAssets/Interiors_A/prefabs/StairSet/Stairs_2m_A_Grp_Flipped.prefab using Guid(47fcdd731ddfb784884b220ccbd39858) Importer(2089858483,b0f066a214c2f5e87bad3c948f4d605d) (ScriptedImporter) -> (Import Result ID: 'ada7de5024a980ba56d87a7bdc09761d') in 0.0058752 seconds [static and dynamic dependencies]. Details - ImportResultOutputID=6c93a8be80ca03651ae116749033b819 DependenciesID=e3a157adcd5919e5a1946ee03c4722cb StaticDependenciesID=4c43ceb98ad329e5cb10beb6d8041c9a 
Number of updated asset objects reloaded before import = 0Number of asset objects unloaded after import = 28

========================================================================
Received Import Request.
  Time since last request: 0.000041 seconds.
  path: Assets/LoafbrrAssets/Interiors_A/materials/Surface_Floor_B.mat
  importAddress: Guid(fa6b36bb7caf20146884e259d78d0c59) Importer(2089858483,b0f066a214c2f5e87bad3c948f4d605d)
Start importing Assets/LoafbrrAssets/Interiors_A/materials/Surface_Floor_B.mat using Guid(fa6b36bb7caf20146884e259d78d0c59) Importer(2089858483,b0f066a214c2f5e87bad3c948f4d605d) (ScriptedImporter) -> (Import Result ID: '8d89a5f5ce9d6c9206087e10644679b0') in 0.0189938 seconds [static and dynamic dependencies]. Details - ImportResultOutputID=2db0006dc0421c5a82c0aba8abb43108 DependenciesID=390f1dd65302b4ada6c293d6d63a776b StaticDependenciesID=59d8f6b4b440b78b3bd0368cb4c4013f 
Number of updated asset objects reloaded before import = 0Number of asset objects unloaded after import = 9

========================================================================
Received Import Request.
  Time since last request: 0.000018 seconds.
  path: Assets/Enviroment/enviroment/Office building/Prefabs/Table Prefab.prefab
  importAddress: Guid(522b38699cfba0647824ba6d7d12884a) Importer(2089858483,b0f066a214c2f5e87bad3c948f4d605d)
Start importing Assets/Enviroment/enviroment/Office building/Prefabs/Table Prefab.prefab using Guid(522b38699cfba0647824ba6d7d12884a) Importer(2089858483,b0f066a214c2f5e87bad3c948f4d605d) (ScriptedImporter) -> (Import Result ID: '13e772ebbb79a222392002a4e8dd22f1') in 0.0042173 seconds [static and dynamic dependencies]. Details - ImportResultOutputID=329e1ae6a7afaea63de4ace27a8882c8 DependenciesID=5727a0d3fd6e8eae9ee7809e9f743fac StaticDependenciesID=09a16638f435677e86cb25ba3b32e9d4 
Number of updated asset objects reloaded before import = 0Number of asset objects unloaded after import = 10

========================================================================
Received Import Request.
  Time since last request: 0.000016 seconds.
  path: Assets/LoafbrrAssets/Interiors_A/prefabs/StairParts/Wall_Stair_2m_Edge_B_Flipped.prefab
  importAddress: Guid(f5e27fa877a20d241b7ec811bc12c802) Importer(2089858483,b0f066a214c2f5e87bad3c948f4d605d)
Start importing Assets/LoafbrrAssets/Interiors_A/prefabs/StairParts/Wall_Stair_2m_Edge_B_Flipped.prefab using Guid(f5e27fa877a20d241b7ec811bc12c802) Importer(2089858483,b0f066a214c2f5e87bad3c948f4d605d) (ScriptedImporter) -> (Import Result ID: '7a0879ff7645409eaa10c912e36d8097') in 0.0118529 seconds [static and dynamic dependencies]. Details - ImportResultOutputID=8d882cf13c21b3a3f9f9a60bbb682f1a DependenciesID=a70a846e4c525818e3038125bbb9c6b0 StaticDependenciesID=2bec59aaf623003a0f34dc67d2f28f9c 
Number of updated asset objects reloaded before import = 0Number of asset objects unloaded after import = 10

========================================================================
Received Import Request.
  Time since last request: 0.000025 seconds.
  path: Assets/LoafbrrAssets/Interiors_A/prefabs/Door/Door_H_Grp.prefab
  importAddress: Guid(bcdb76ce2ba032a4c9867b3eb0a01faf) Importer(2089858483,b0f066a214c2f5e87bad3c948f4d605d)
Start importing Assets/LoafbrrAssets/Interiors_A/prefabs/Door/Door_H_Grp.prefab using Guid(bcdb76ce2ba032a4c9867b3eb0a01faf) Importer(2089858483,b0f066a214c2f5e87bad3c948f4d605d) (ScriptedImporter) -> (Import Result ID: '1b080312d57214912933408deceb5a88') in 0.0059813 seconds [static and dynamic dependencies]. Details - ImportResultOutputID=f5a01603424840468843eaaa39260a9a DependenciesID=a861595b5642fddac92c095320821c9c StaticDependenciesID=0e458f9cbd7c72378538bfc794556fc5 
Number of updated asset objects reloaded before import = 0Number of asset objects unloaded after import = 16

========================================================================
Received Import Request.
  Time since last request: 0.000025 seconds.
  path: Assets/LoafbrrAssets/Interiors_A/prefabs/Vent/Vent_Corner_A.prefab
  importAddress: Guid(181b516cd4d56f84a96176d46d67e34f) Importer(2089858483,b0f066a214c2f5e87bad3c948f4d605d)
Start importing Assets/LoafbrrAssets/Interiors_A/prefabs/Vent/Vent_Corner_A.prefab using Guid(181b516cd4d56f84a96176d46d67e34f) Importer(2089858483,b0f066a214c2f5e87bad3c948f4d605d) (ScriptedImporter) -> (Import Result ID: '774b4603c1b56cf8aa982d1e8a4b251d') in 0.0095993 seconds [static and dynamic dependencies]. Details - ImportResultOutputID=1f84ce240e192fd7c4ab14104152f983 DependenciesID=f0487c3b50e4e502ff312af16bc6b59b StaticDependenciesID=6a9c57a5a19f13a44cd358e5420a3bf5 
Number of updated asset objects reloaded before import = 0Number of asset objects unloaded after import = 10

========================================================================
Received Import Request.
  Time since last request: 0.000024 seconds.
  path: Assets/LoafbrrAssets/Interiors_A/prefabs/wall/Wall_3m_Window_E.prefab
  importAddress: Guid(816a7d2c223977543a39037b1f3bbe04) Importer(2089858483,b0f066a214c2f5e87bad3c948f4d605d)
Start importing Assets/LoafbrrAssets/Interiors_A/prefabs/wall/Wall_3m_Window_E.prefab using Guid(816a7d2c223977543a39037b1f3bbe04) Importer(2089858483,b0f066a214c2f5e87bad3c948f4d605d) (ScriptedImporter) -> (Import Result ID: '6100ccf8bcb91f2954c30ed9b0152ce1') in 0.0080857 seconds [static and dynamic dependencies]. Details - ImportResultOutputID=4103d16c6ba083c11a29af88b746d530 DependenciesID=0f004e248c96c3dcd25b82c1c5d85c65 StaticDependenciesID=2650a491a9c55a22f608ef3c1ec4dd54 
Number of updated asset objects reloaded before import = 0Number of asset objects unloaded after import = 12

========================================================================
Received Import Request.
  Time since last request: 0.000021 seconds.
  path: Assets/Enviroment/enviroment/Office building/textures/Props/used/Kindergarten Cupboard A.png
  importAddress: Guid(8b8ced213b7e9194eae137107b19d008) Importer(2089858483,b0f066a214c2f5e87bad3c948f4d605d)
Start importing Assets/Enviroment/enviroment/Office building/textures/Props/used/Kindergarten Cupboard A.png using Guid(8b8ced213b7e9194eae137107b19d008) Importer(2089858483,b0f066a214c2f5e87bad3c948f4d605d) (ScriptedImporter) -> (Import Result ID: '3002f9917c4f271cd19736f8e3386c06') in 0.0067959 seconds [static and dynamic dependencies]. Details - ImportResultOutputID=a02a45e984be2ec17b7becdaefeb7f09 DependenciesID=fbe867fdb178c21d68bcc57b2db6cc08 StaticDependenciesID=98f7fca3655b07289c5e022c781ecad7 
Number of updated asset objects reloaded before import = 0Number of asset objects unloaded after import = 1

========================================================================
Received Import Request.
  Time since last request: 0.000082 seconds.
  path: Assets/Enviroment/enviroment/Office building/materials Building/concrete.mat
  importAddress: Guid(fdef9fc465e6bb2499064052e6209ecd) Importer(2089858483,b0f066a214c2f5e87bad3c948f4d605d)
Start importing Assets/Enviroment/enviroment/Office building/materials Building/concrete.mat using Guid(fdef9fc465e6bb2499064052e6209ecd) Importer(2089858483,b0f066a214c2f5e87bad3c948f4d605d) (ScriptedImporter) -> (Import Result ID: 'c929edad9d03bd751173484081bf781e') in 0.005414 seconds [static and dynamic dependencies]. Details - ImportResultOutputID=36a05ecb001b7ec7b50fa0e6bb6d02a1 DependenciesID=7cd102aa073477ee68de07d245ce5458 StaticDependenciesID=215035aa02e9eff710a10d0c10917483 
Number of updated asset objects reloaded before import = 0Number of asset objects unloaded after import = 2

========================================================================
Received Import Request.
  Time since last request: 0.000020 seconds.
  path: Assets/Enviroment/enviroment/Office building/textures/Props/used/Locker.png
  importAddress: Guid(cc746a43ebc79a545b13a642f2aaafcd) Importer(2089858483,b0f066a214c2f5e87bad3c948f4d605d)
Start importing Assets/Enviroment/enviroment/Office building/textures/Props/used/Locker.png using Guid(cc746a43ebc79a545b13a642f2aaafcd) Importer(2089858483,b0f066a214c2f5e87bad3c948f4d605d) (ScriptedImporter) -> (Import Result ID: 'eb51450285f8b5f0015206fef1bef702') in 0.0074926 seconds [static and dynamic dependencies]. Details - ImportResultOutputID=04868792703e2eb5979ed7963caaa7db DependenciesID=52f48e4708456bac4af0b95df9fe40c7 StaticDependenciesID=225621dcc468606d59ee0d2b64f6f39d 
Number of updated asset objects reloaded before import = 0Number of asset objects unloaded after import = 1

========================================================================
Received Import Request.
  Time since last request: 0.000033 seconds.
  path: Assets/Enviroment/enviroment/Office building/textures/lamps/emission/Lamp C ON emission.png
  importAddress: Guid(5499add7a88882342899c26608e094af) Importer(2089858483,b0f066a214c2f5e87bad3c948f4d605d)
Start importing Assets/Enviroment/enviroment/Office building/textures/lamps/emission/Lamp C ON emission.png using Guid(5499add7a88882342899c26608e094af) Importer(2089858483,b0f066a214c2f5e87bad3c948f4d605d) (ScriptedImporter) -> (Import Result ID: '0a8ba8a89c6917017bc289eda9b4c0d9') in 0.0066373 seconds [static and dynamic dependencies]. Details - ImportResultOutputID=5870351d08ea6359ec0c6d972eaf83a5 DependenciesID=a091b67fe751cd3f37a4196587fa09b5 StaticDependenciesID=1aa3afb995bae5be2037052ca49bdb98 
Number of updated asset objects reloaded before import = 0Number of asset objects unloaded after import = 1

========================================================================
Received Import Request.
  Time since last request: 0.000017 seconds.
  path: Assets/LoafbrrAssets/Interiors_A/prefabs/Decal/Decal_Grate_corner_C.prefab
  importAddress: Guid(a569d588e5335bc46bd764a62bb7830f) Importer(2089858483,b0f066a214c2f5e87bad3c948f4d605d)
Start importing Assets/LoafbrrAssets/Interiors_A/prefabs/Decal/Decal_Grate_corner_C.prefab using Guid(a569d588e5335bc46bd764a62bb7830f) Importer(2089858483,b0f066a214c2f5e87bad3c948f4d605d) (ScriptedImporter) -> (Import Result ID: '86c5eb345c5a25e691cc0a0d18e94176') in 0.0090814 seconds [static and dynamic dependencies]. Details - ImportResultOutputID=850971c9e74504779621f5ca05c11299 DependenciesID=0c1cca3b0dc27bf8f080b1db2c154e6e StaticDependenciesID=8393af527f30c9e15bbdf0319626d0a7 
Number of updated asset objects reloaded before import = 0Number of asset objects unloaded after import = 9

========================================================================
Received Import Request.
  Time since last request: 0.000027 seconds.
  path: Assets/LoafbrrAssets/Interiors_A/prefabs/StairParts/Stairs_B_1x1.prefab
  importAddress: Guid(a48dfde3f74123548a836497636d28da) Importer(2089858483,b0f066a214c2f5e87bad3c948f4d605d)
Start importing Assets/LoafbrrAssets/Interiors_A/prefabs/StairParts/Stairs_B_1x1.prefab using Guid(a48dfde3f74123548a836497636d28da) Importer(2089858483,b0f066a214c2f5e87bad3c948f4d605d) (ScriptedImporter) -> (Import Result ID: '612c8e52cbdfd04bbcfc7b0ac3f53a20') in 0.0091504 seconds [static and dynamic dependencies]. Details - ImportResultOutputID=a91a37b8466beedbe1741e5284a5cccf DependenciesID=0717e09e7cc6043aab70a65d9c90596d StaticDependenciesID=3d6cb25c9009f2b3e9546db207deff87 
Number of updated asset objects reloaded before import = 0Number of asset objects unloaded after import = 12

========================================================================
Received Import Request.
  Time since last request: 0.000024 seconds.
  path: Assets/Enviroment/enviroment/Office building/textures/Props/used/Securety desk EMISSION ON.png
  importAddress: Guid(092f6e5348000fd4583619d4d5195473) Importer(2089858483,b0f066a214c2f5e87bad3c948f4d605d)
Start importing Assets/Enviroment/enviroment/Office building/textures/Props/used/Securety desk EMISSION ON.png using Guid(092f6e5348000fd4583619d4d5195473) Importer(2089858483,b0f066a214c2f5e87bad3c948f4d605d) (ScriptedImporter) -> (Import Result ID: '84718fd469cf73cba286ce36b01767c4') in 0.0073356 seconds [static and dynamic dependencies]. Details - ImportResultOutputID=27d17aea7357550fec5c62e4b069d70f DependenciesID=9f82a72f2a477f116d631b897aeaf75f StaticDependenciesID=80ebc9bebe75fe7b25b28aaf2b6d3e1a 
Number of updated asset objects reloaded before import = 0Number of asset objects unloaded after import = 1

========================================================================
Received Import Request.
  Time since last request: 0.000022 seconds.
  path: Assets/Enviroment/enviroment/Office building/textures/Props/used/Kitchen Sink.png
  importAddress: Guid(54620ac06dd104e4da15be8d2c79791d) Importer(2089858483,b0f066a214c2f5e87bad3c948f4d605d)
Start importing Assets/Enviroment/enviroment/Office building/textures/Props/used/Kitchen Sink.png using Guid(54620ac06dd104e4da15be8d2c79791d) Importer(2089858483,b0f066a214c2f5e87bad3c948f4d605d) (ScriptedImporter) -> (Import Result ID: '44aa6501b9f27cce6693cca37eae17a5') in 0.0065333 seconds [static and dynamic dependencies]. Details - ImportResultOutputID=1fe6140d732524d747c40bab772618a4 DependenciesID=1be6ee6a6a8e79d5e86ca115396a841f StaticDependenciesID=2a54ac0e5e3ee9ba53a45b33d112f722 
Number of updated asset objects reloaded before import = 0Number of asset objects unloaded after import = 1

========================================================================
Received Import Request.
  Time since last request: 0.000041 seconds.
  path: Assets/LoafbrrAssets/Interiors_A/prefabs/StairParts/Wall_Stair_2m_Edge_A_Flipped.prefab
  importAddress: Guid(81d9b247683450c4db35a83aa72cf65b) Importer(2089858483,b0f066a214c2f5e87bad3c948f4d605d)
Start importing Assets/LoafbrrAssets/Interiors_A/prefabs/StairParts/Wall_Stair_2m_Edge_A_Flipped.prefab using Guid(81d9b247683450c4db35a83aa72cf65b) Importer(2089858483,b0f066a214c2f5e87bad3c948f4d605d) (ScriptedImporter) -> (Import Result ID: '9f3d4cc1095ca8d61752cbc3fe344680') in 0.0096796 seconds [static and dynamic dependencies]. Details - ImportResultOutputID=1f33a61e710135a439895c74b117f271 DependenciesID=c5baf26883ad3e43ae3d239658e1e76c StaticDependenciesID=6a65fed86784b3a66967ad20a10d4807 
Number of updated asset objects reloaded before import = 0Number of asset objects unloaded after import = 10

========================================================================
Received Import Request.
  Time since last request: 0.000022 seconds.
  path: Assets/Enviroment/enviroment/Office building/textures/Props/used/computer mouse.png
  importAddress: Guid(8631276f6e9ca7a429a66383bf1a3700) Importer(2089858483,b0f066a214c2f5e87bad3c948f4d605d)
Start importing Assets/Enviroment/enviroment/Office building/textures/Props/used/computer mouse.png using Guid(8631276f6e9ca7a429a66383bf1a3700) Importer(2089858483,b0f066a214c2f5e87bad3c948f4d605d) (ScriptedImporter) -> (Import Result ID: 'd0b5f4d4005774f399f4e8e65da06b02') in 0.0064401 seconds [static and dynamic dependencies]. Details - ImportResultOutputID=cd3291a9568ed5b5abdbad18f5616cfd DependenciesID=07550a22004cabbfe4b433b51ca8b84f StaticDependenciesID=901bfae9037e79521fdc958e0e42fa35 
Number of updated asset objects reloaded before import = 0Number of asset objects unloaded after import = 1

========================================================================
Received Import Request.
  Time since last request: 0.000016 seconds.
  path: Assets/Enviroment/enviroment/Office building/material props/Securety desk.mat
  importAddress: Guid(cdb79dbec356af54e9b8208a88f45010) Importer(2089858483,b0f066a214c2f5e87bad3c948f4d605d)
Start importing Assets/Enviroment/enviroment/Office building/material props/Securety desk.mat using Guid(cdb79dbec356af54e9b8208a88f45010) Importer(2089858483,b0f066a214c2f5e87bad3c948f4d605d) (ScriptedImporter) -> (Import Result ID: 'f227469e3ce2a2e414126a1a9350fe96') in 0.0060094 seconds [static and dynamic dependencies]. Details - ImportResultOutputID=229cbe6c01b7e78fbe671f23efe425c5 DependenciesID=1f3f7a84159fc505488d60f320c16c7b StaticDependenciesID=2d1e8f90f72a803088f1ffe720b12ad7 
Number of updated asset objects reloaded before import = 0Number of asset objects unloaded after import = 3

========================================================================
Received Import Request.
  Time since last request: 0.000019 seconds.
  path: Assets/LoafbrrAssets/Interiors_A/materials/Surface_Wall_A.mat
  importAddress: Guid(eab569f38658eb1458ccc8da23a4c6b2) Importer(2089858483,b0f066a214c2f5e87bad3c948f4d605d)
Start importing Assets/LoafbrrAssets/Interiors_A/materials/Surface_Wall_A.mat using Guid(eab569f38658eb1458ccc8da23a4c6b2) Importer(2089858483,b0f066a214c2f5e87bad3c948f4d605d) (ScriptedImporter) -> (Import Result ID: 'd6ee9e2467ebbbc0af972a49f7c14144') in 0.019454 seconds [static and dynamic dependencies]. Details - ImportResultOutputID=2a514da6584081f96b6256b7521303ab DependenciesID=79953fc780a9bd65077b29b3fa2f124e StaticDependenciesID=65d007d3aaf286c08d86337ce87aace1 
Number of updated asset objects reloaded before import = 0Number of asset objects unloaded after import = 9

========================================================================
Received Import Request.
  Time since last request: 0.000027 seconds.
  path: Assets/Enviroment/enviroment/Office building/Prefabs/Kindergarten picture wall Prefab.prefab
  importAddress: Guid(dc8d908c039573d4f989fc0931f5616f) Importer(2089858483,b0f066a214c2f5e87bad3c948f4d605d)
Start importing Assets/Enviroment/enviroment/Office building/Prefabs/Kindergarten picture wall Prefab.prefab using Guid(dc8d908c039573d4f989fc0931f5616f) Importer(2089858483,b0f066a214c2f5e87bad3c948f4d605d) (ScriptedImporter) -> (Import Result ID: 'c66a99fae39f3b1347a2578b93b05ff5') in 0.0073867 seconds [static and dynamic dependencies]. Details - ImportResultOutputID=58d8af846ea7fffffe2720e8427e69a6 DependenciesID=88d7476a24289b8d91c1f5978fe922d3 StaticDependenciesID=875e00bdcdfd401492b3ebad78760d68 
Number of updated asset objects reloaded before import = 0Number of asset objects unloaded after import = 10

========================================================================
Received Import Request.
  Time since last request: 0.000020 seconds.
  path: Assets/Enviroment/enviroment/Office building/Prefabs/Little cactus 1 Prefab.prefab
  importAddress: Guid(2ff73ca776b2c2241834c15caef9521d) Importer(2089858483,b0f066a214c2f5e87bad3c948f4d605d)
Start importing Assets/Enviroment/enviroment/Office building/Prefabs/Little cactus 1 Prefab.prefab using Guid(2ff73ca776b2c2241834c15caef9521d) Importer(2089858483,b0f066a214c2f5e87bad3c948f4d605d) (ScriptedImporter) -> (Import Result ID: '0314e88b4f80822c07ee37ad69cf73db') in 0.0048276 seconds [static and dynamic dependencies]. Details - ImportResultOutputID=307e15fc195059f3e5d8b0290f6a4365 DependenciesID=b713b4292fa7624cbf6c6d3c9e6643aa StaticDependenciesID=5d31a3730a6730f53e3ba8ef2d8a4590 
Number of updated asset objects reloaded before import = 0Number of asset objects unloaded after import = 10

========================================================================
Received Import Request.
  Time since last request: 0.000032 seconds.
  path: Assets/LoafbrrAssets/Interiors_A/prefabs/StairParts/Stairs_B_3x1.prefab
  importAddress: Guid(adf8054fa4a085548880bda57acc90d4) Importer(2089858483,b0f066a214c2f5e87bad3c948f4d605d)
Start importing Assets/LoafbrrAssets/Interiors_A/prefabs/StairParts/Stairs_B_3x1.prefab using Guid(adf8054fa4a085548880bda57acc90d4) Importer(2089858483,b0f066a214c2f5e87bad3c948f4d605d) (ScriptedImporter) -> (Import Result ID: '1136746a1522a14636aaccdf7a3cb019') in 0.012707 seconds [static and dynamic dependencies]. Details - ImportResultOutputID=7abfb370bccfd6c3d4400522be87dd6a DependenciesID=e3d9d92cbd25067f602697bebf21ad55 StaticDependenciesID=dd52e67050f6ff7a97c0ecbbc2ba00b5 
Number of updated asset objects reloaded before import = 0Number of asset objects unloaded after import = 12

========================================================================
Received Import Request.
  Time since last request: 0.000016 seconds.
  path: Assets/LoafbrrAssets/Interiors_A/materials/Surface_Floor_A.mat
  importAddress: Guid(ebfc695cc01406c42b6c356c1577fb6f) Importer(2089858483,b0f066a214c2f5e87bad3c948f4d605d)
Start importing Assets/LoafbrrAssets/Interiors_A/materials/Surface_Floor_A.mat using Guid(ebfc695cc01406c42b6c356c1577fb6f) Importer(2089858483,b0f066a214c2f5e87bad3c948f4d605d) (ScriptedImporter) -> (Import Result ID: 'b46e6c15edca68a4ec3128ef46fdb0fb') in 0.01806 seconds [static and dynamic dependencies]. Details - ImportResultOutputID=f52522206d7e7f0569d03169a97f0b81 DependenciesID=d72b8ec7d400a4e4eca58c896b38170d StaticDependenciesID=9b6a323d39d8f445fd981d1fe232ec66 
Number of updated asset objects reloaded before import = 0Number of asset objects unloaded after import = 9

========================================================================
Received Import Request.
  Time since last request: 0.000025 seconds.
  path: Assets/LoafbrrAssets/Interiors_A/prefabs/StairParts/Wall_Stair_2m_Corner_A.prefab
  importAddress: Guid(778d1ca1a1189bf499bde6aae1295a90) Importer(2089858483,b0f066a214c2f5e87bad3c948f4d605d)
Start importing Assets/LoafbrrAssets/Interiors_A/prefabs/StairParts/Wall_Stair_2m_Corner_A.prefab using Guid(778d1ca1a1189bf499bde6aae1295a90) Importer(2089858483,b0f066a214c2f5e87bad3c948f4d605d) (ScriptedImporter) -> (Import Result ID: '15b7c5ff8e485ccfaa95f6ae33fb1234') in 0.0088288 seconds [static and dynamic dependencies]. Details - ImportResultOutputID=e5bc2469c6437dd5688b4f9c399e7741 DependenciesID=69354332fb2ef3f865b16fa6a409b0df StaticDependenciesID=8f1bf2b3137b7aa69572f561de286523 
Number of updated asset objects reloaded before import = 0Number of asset objects unloaded after import = 10

========================================================================
Received Import Request.
  Time since last request: 0.000020 seconds.
  path: Assets/LoafbrrAssets/Interiors_A/prefabs/Floor/Floor_3x3_1Side.prefab
  importAddress: Guid(3a99db2f014de2a4890bd81fa9575e46) Importer(2089858483,b0f066a214c2f5e87bad3c948f4d605d)
Start importing Assets/LoafbrrAssets/Interiors_A/prefabs/Floor/Floor_3x3_1Side.prefab using Guid(3a99db2f014de2a4890bd81fa9575e46) Importer(2089858483,b0f066a214c2f5e87bad3c948f4d605d) (ScriptedImporter) -> (Import Result ID: 'a26a957bb2d53b91c400d035be2481fb') in 0.0075822 seconds [static and dynamic dependencies]. Details - ImportResultOutputID=742e8ca15155cbcc78b55d251c8b2b5e DependenciesID=5ddc00571a558afea1c829d79f5b193f StaticDependenciesID=2079cb416bcd896dcfcd15d8cb8c57e5 
Number of updated asset objects reloaded before import = 0Number of asset objects unloaded after import = 10

========================================================================
Received Import Request.
  Time since last request: 0.000015 seconds.
  path: Assets/Enviroment/enviroment/Office building/textures/Floor 2.png
  importAddress: Guid(bd810b13649cc634bbaa153693ac7d65) Importer(2089858483,b0f066a214c2f5e87bad3c948f4d605d)
Start importing Assets/Enviroment/enviroment/Office building/textures/Floor 2.png using Guid(bd810b13649cc634bbaa153693ac7d65) Importer(2089858483,b0f066a214c2f5e87bad3c948f4d605d) (ScriptedImporter) -> (Import Result ID: '826039d809ec6a2efa2febb3b0a8e760') in 0.0062422 seconds [static and dynamic dependencies]. Details - ImportResultOutputID=53b79fb1d647dbee279d0dacab081984 DependenciesID=546ea8b92fd3c7c68e790fc9948d59fd StaticDependenciesID=54410b249f855c127fb28f552772d978 
Number of updated asset objects reloaded before import = 0Number of asset objects unloaded after import = 1

========================================================================
Received Import Request.
  Time since last request: 0.000015 seconds.
  path: Assets/Enviroment/enviroment/Office building/materials Building/white wall.mat
  importAddress: Guid(686385f4ce019e542a85ed556dc1f0f7) Importer(2089858483,b0f066a214c2f5e87bad3c948f4d605d)
Start importing Assets/Enviroment/enviroment/Office building/materials Building/white wall.mat using Guid(686385f4ce019e542a85ed556dc1f0f7) Importer(2089858483,b0f066a214c2f5e87bad3c948f4d605d) (ScriptedImporter) -> (Import Result ID: '14a0d37154995770d0871bec3986555b') in 0.0049341 seconds [static and dynamic dependencies]. Details - ImportResultOutputID=362233f4da8e2896be7c692617945d54 DependenciesID=01f8fc2d1e69234442f9c9b716b3778c StaticDependenciesID=0d31f8cfca4c8ff3b0f0c1d5ad688535 
Number of updated asset objects reloaded before import = 0Number of asset objects unloaded after import = 2

========================================================================
Received Import Request.
  Time since last request: 0.000018 seconds.
  path: Assets/LoafbrrAssets/Interiors_A/prefabs/StairParts/Stairs_B_3x2.prefab
  importAddress: Guid(83dd4c4f7112ca741bc000cd5d7eaff5) Importer(2089858483,b0f066a214c2f5e87bad3c948f4d605d)
Start importing Assets/LoafbrrAssets/Interiors_A/prefabs/StairParts/Stairs_B_3x2.prefab using Guid(83dd4c4f7112ca741bc000cd5d7eaff5) Importer(2089858483,b0f066a214c2f5e87bad3c948f4d605d) (ScriptedImporter) -> (Import Result ID: '5ee49b58572c13945a4bd941e4252d4d') in 0.0091394 seconds [static and dynamic dependencies]. Details - ImportResultOutputID=2c978c03f21c8ae35e6c7e523e3aecd0 DependenciesID=5da885caf77c71b9e0f232dd530871b5 StaticDependenciesID=714252975bf71c5af97cfd3bacf16a38 
Number of updated asset objects reloaded before import = 0Number of asset objects unloaded after import = 12

========================================================================
Received Import Request.
  Time since last request: 0.000031 seconds.
  path: Assets/Enviroment/enviroment/Office building/textures/roof 2.jpg
  importAddress: Guid(d06f968159e858745a1f4c2165c87ba1) Importer(2089858483,b0f066a214c2f5e87bad3c948f4d605d)
Start importing Assets/Enviroment/enviroment/Office building/textures/roof 2.jpg using Guid(d06f968159e858745a1f4c2165c87ba1) Importer(2089858483,b0f066a214c2f5e87bad3c948f4d605d) (ScriptedImporter) -> (Import Result ID: '66b10b7b6c9bae59cb8cf75c7d9c1340') in 0.005667 seconds [static and dynamic dependencies]. Details - ImportResultOutputID=5c044cb5e29bf44149c7289d92525e44 DependenciesID=4c2a2d814737c9142a72b8a9e374fee4 StaticDependenciesID=98d6cee8174abc56ae19c80d7986e5bd 
Number of updated asset objects reloaded before import = 0Number of asset objects unloaded after import = 1

========================================================================
Received Import Request.
  Time since last request: 0.000038 seconds.
  path: Assets/Enviroment/enviroment/Office building/textures/Props/used/Table.png
  importAddress: Guid(45f6df27474ed5f48b8d0662c213a485) Importer(2089858483,b0f066a214c2f5e87bad3c948f4d605d)
Start importing Assets/Enviroment/enviroment/Office building/textures/Props/used/Table.png using Guid(45f6df27474ed5f48b8d0662c213a485) Importer(2089858483,b0f066a214c2f5e87bad3c948f4d605d) (ScriptedImporter) -> (Import Result ID: '08ca86aa870836e8b07e3e9f2a8a2b11') in 0.0064449 seconds [static and dynamic dependencies]. Details - ImportResultOutputID=165950287807f1190c36187943493c88 DependenciesID=908cb931a2f551fa10209ef5c6d94ab4 StaticDependenciesID=5b7a27bb9e1da169c815f698c8844a60 
Number of updated asset objects reloaded before import = 0Number of asset objects unloaded after import = 1

========================================================================
Received Import Request.
  Time since last request: 0.000020 seconds.
  path: Assets/Enviroment/enviroment/Office building/materials Building/Ventilation.mat
  importAddress: Guid(c60a67fce5ec2144f823d9c5c7a9bba5) Importer(2089858483,b0f066a214c2f5e87bad3c948f4d605d)
Start importing Assets/Enviroment/enviroment/Office building/materials Building/Ventilation.mat using Guid(c60a67fce5ec2144f823d9c5c7a9bba5) Importer(2089858483,b0f066a214c2f5e87bad3c948f4d605d) (ScriptedImporter) -> (Import Result ID: '9a80cd90bbc257902489b115322c07f6') in 0.0048188 seconds [static and dynamic dependencies]. Details - ImportResultOutputID=8b341c16da4c114d983c027083ed848f DependenciesID=5b40d6b87612f24b31b93b8c35e6727b StaticDependenciesID=b6db99fa9d37ea2b5ceca9030dca002b 
Number of updated asset objects reloaded before import = 0Number of asset objects unloaded after import = 2

========================================================================
Received Import Request.
  Time since last request: 0.000025 seconds.
  path: Assets/Enviroment/enviroment/Office building/Prefabs/lobby table Prefab.prefab
  importAddress: Guid(fa09ba391c7201c49b534ca1e0e4a7c1) Importer(2089858483,b0f066a214c2f5e87bad3c948f4d605d)
Start importing Assets/Enviroment/enviroment/Office building/Prefabs/lobby table Prefab.prefab using Guid(fa09ba391c7201c49b534ca1e0e4a7c1) Importer(2089858483,b0f066a214c2f5e87bad3c948f4d605d) (ScriptedImporter) -> (Import Result ID: '1bc7a0044da5c6098628a7f052048434') in 0.0055379 seconds [static and dynamic dependencies]. Details - ImportResultOutputID=34f37f25aa12aa07bd8dd646ba8bcb1a DependenciesID=1aa33f0ec623d9b9aab0923e8217cbb8 StaticDependenciesID=8fe28a49445f9e7cef0d82b2048836d0 
Number of updated asset objects reloaded before import = 0Number of asset objects unloaded after import = 16

========================================================================
Received Import Request.
  Time since last request: 0.000021 seconds.
  path: Assets/LoafbrrAssets/Interiors_A/prefabs/Floor/Floor_Edge_Corner_B.prefab
  importAddress: Guid(318d21effe89a1345945a6f74c4405e3) Importer(2089858483,b0f066a214c2f5e87bad3c948f4d605d)
Start importing Assets/LoafbrrAssets/Interiors_A/prefabs/Floor/Floor_Edge_Corner_B.prefab using Guid(318d21effe89a1345945a6f74c4405e3) Importer(2089858483,b0f066a214c2f5e87bad3c948f4d605d) (ScriptedImporter) -> (Import Result ID: 'ce25e004d300159bf9a1a3ffb5b5caaa') in 0.0082826 seconds [static and dynamic dependencies]. Details - ImportResultOutputID=051b3838b7692f1b2b2181816c858c00 DependenciesID=e3ee49396bffc756ae08cc8570a827bf StaticDependenciesID=8c6b26f28639f2898e180086031b1c1b 
Number of updated asset objects reloaded before import = 0Number of asset objects unloaded after import = 11

========================================================================
Received Import Request.
  Time since last request: 0.000019 seconds.
  path: Assets/Enviroment/enviroment/Office building/material props/securety computer screen.mat
  importAddress: Guid(1aaf7bed95fa7aa46baa6af6a4b7f9b7) Importer(2089858483,b0f066a214c2f5e87bad3c948f4d605d)
Start importing Assets/Enviroment/enviroment/Office building/material props/securety computer screen.mat using Guid(1aaf7bed95fa7aa46baa6af6a4b7f9b7) Importer(2089858483,b0f066a214c2f5e87bad3c948f4d605d) (ScriptedImporter) -> (Import Result ID: '7e74c81c7644e40daf93c7ae56b2bb7b') in 0.0040318 seconds [static and dynamic dependencies]. Details - ImportResultOutputID=4f3f1979bf77fa42e47ea2cdc2123b09 DependenciesID=df8f9a4d7529ce3221d0c33cfda8c70b StaticDependenciesID=89c98062f44d2a6c2c4aca9026f4ab6c 
Number of updated asset objects reloaded before import = 0Number of asset objects unloaded after import = 2

========================================================================
Received Import Request.
  Time since last request: 0.000023 seconds.
  path: Assets/Enviroment/enviroment/Office building/materials Building/cement.mat
  importAddress: Guid(237828388ad788949962d73149783283) Importer(2089858483,b0f066a214c2f5e87bad3c948f4d605d)
Start importing Assets/Enviroment/enviroment/Office building/materials Building/cement.mat using Guid(237828388ad788949962d73149783283) Importer(2089858483,b0f066a214c2f5e87bad3c948f4d605d) (ScriptedImporter) -> (Import Result ID: '485221e2651708b9306fab1cd9a28cf1') in 0.004185 seconds [static and dynamic dependencies]. Details - ImportResultOutputID=5e221fd86823c1ea1673ac29710458da DependenciesID=e7a35bbd7fe2dc7d714d04a0c0a41b86 StaticDependenciesID=f9e5c5f1f7736b7bb1e194ccdb7b3c64 
Number of updated asset objects reloaded before import = 0Number of asset objects unloaded after import = 2

========================================================================
Received Import Request.
  Time since last request: 0.000032 seconds.
  path: Assets/Enviroment/enviroment/Office building/material props/Phone B.mat
  importAddress: Guid(5db4fb9f8381fab4eaf2114d4ef8e629) Importer(2089858483,b0f066a214c2f5e87bad3c948f4d605d)
Start importing Assets/Enviroment/enviroment/Office building/material props/Phone B.mat using Guid(5db4fb9f8381fab4eaf2114d4ef8e629) Importer(2089858483,b0f066a214c2f5e87bad3c948f4d605d) (ScriptedImporter) -> (Import Result ID: '5b257acc2972e4c9cd422bb2d9fc213f') in 0.0067113 seconds [static and dynamic dependencies]. Details - ImportResultOutputID=68a13d1883bf0bd0667389e9f0a1467b DependenciesID=737377dfb870b9018d5922e6f8f23c0b StaticDependenciesID=6cc814772fe428773fec2d1aa557af59 
Number of updated asset objects reloaded before import = 0Number of asset objects unloaded after import = 2

========================================================================
Received Import Request.
  Time since last request: 0.000017 seconds.
  path: Assets/LoafbrrAssets/Interiors_A/prefabs/wall/Wall_2m.prefab
  importAddress: Guid(8dba0b0de48a878449984c0aaede9cea) Importer(2089858483,b0f066a214c2f5e87bad3c948f4d605d)
Start importing Assets/LoafbrrAssets/Interiors_A/prefabs/wall/Wall_2m.prefab using Guid(8dba0b0de48a878449984c0aaede9cea) Importer(2089858483,b0f066a214c2f5e87bad3c948f4d605d) (ScriptedImporter) -> (Import Result ID: 'f1216e006352ba5d7f940c91eab33c74') in 0.0074515 seconds [static and dynamic dependencies]. Details - ImportResultOutputID=55252e0b08003794f6ccd81ee40fc3f9 DependenciesID=042ccce7f776e6b22d0db88e56fa61cf StaticDependenciesID=00b2d7092693c61d9a3060182502eed0 
Number of updated asset objects reloaded before import = 0Number of asset objects unloaded after import = 10

========================================================================
Received Import Request.
  Time since last request: 0.000021 seconds.
  path: Assets/Enviroment/enviroment/Office building/Prefabs/Noteblock Prefab.prefab
  importAddress: Guid(ff8234404b4936646a8c285cafb4e648) Importer(2089858483,b0f066a214c2f5e87bad3c948f4d605d)
Start importing Assets/Enviroment/enviroment/Office building/Prefabs/Noteblock Prefab.prefab using Guid(ff8234404b4936646a8c285cafb4e648) Importer(2089858483,b0f066a214c2f5e87bad3c948f4d605d) (ScriptedImporter) -> (Import Result ID: '7b72589f87999178528057a9e0ab7605') in 0.0046835 seconds [static and dynamic dependencies]. Details - ImportResultOutputID=884904a5876a3a82765bde60e41f8554 DependenciesID=be4a547c31a365d76ce056e78d941ec6 StaticDependenciesID=5a4120d7e7b8efbf72ed86101466cefe 
Number of updated asset objects reloaded before import = 0Number of asset objects unloaded after import = 10

========================================================================
Received Import Request.
  Time since last request: 0.000028 seconds.
  path: Assets/Enviroment/enviroment/Office building/Prefabs/Office table Prefab.prefab
  importAddress: Guid(003f91c8f9aa7d84fa7a00b552f9144a) Importer(2089858483,b0f066a214c2f5e87bad3c948f4d605d)
Start importing Assets/Enviroment/enviroment/Office building/Prefabs/Office table Prefab.prefab using Guid(003f91c8f9aa7d84fa7a00b552f9144a) Importer(2089858483,b0f066a214c2f5e87bad3c948f4d605d) (ScriptedImporter) -> (Import Result ID: '295632592abe80bc85e16a80c23ca674') in 0.0060872 seconds [static and dynamic dependencies]. Details - ImportResultOutputID=607bcd3cab85d63ebef294bfca335a9c DependenciesID=d556a628ad3d2120531e97a18d227adf StaticDependenciesID=80d3664cee1d41cc4e47221d0c1587fe 
Number of updated asset objects reloaded before import = 0Number of asset objects unloaded after import = 10

========================================================================
Received Import Request.
  Time since last request: 0.000020 seconds.
  path: Assets/Enviroment/enviroment/Office building/meshes/office building.fbx
  importAddress: Guid(18cd780e6948a554a850b2d047ebf8fb) Importer(2089858483,b0f066a214c2f5e87bad3c948f4d605d)
Start importing Assets/Enviroment/enviroment/Office building/meshes/office building.fbx using Guid(18cd780e6948a554a850b2d047ebf8fb) Importer(2089858483,b0f066a214c2f5e87bad3c948f4d605d) (ScriptedImporter) -> (Import Result ID: '36d4ce3237be714af2e146754ca247e6') in 0.2653539 seconds [static and dynamic dependencies]. Details - ImportResultOutputID=58fd8bb2e23d6d456354daecb5f300c7 DependenciesID=760d232f7898e2b010b2601bffee5ea9 StaticDependenciesID=2a10d897bbb8f3e00fd3e1fb1ab83586 
Number of updated asset objects reloaded before import = 0Number of asset objects unloaded after import = 1010

========================================================================
Received Import Request.
  Time since last request: 0.000032 seconds.
  path: Assets/LoafbrrAssets/Interiors_A/prefabs/StairParts/Wall_Stair_3m_Edge_A_Flipped.prefab
  importAddress: Guid(528c0d7bf50340740bd955e65fc4713a) Importer(2089858483,b0f066a214c2f5e87bad3c948f4d605d)
Start importing Assets/LoafbrrAssets/Interiors_A/prefabs/StairParts/Wall_Stair_3m_Edge_A_Flipped.prefab using Guid(528c0d7bf50340740bd955e65fc4713a) Importer(2089858483,b0f066a214c2f5e87bad3c948f4d605d) (ScriptedImporter) -> (Import Result ID: '3bbeca1a408a5ee10c2e1e267f544b32') in 0.0085001 seconds [static and dynamic dependencies]. Details - ImportResultOutputID=3a9b6d55a6f81b73b4789fdfd4a13237 DependenciesID=10db2c0de21d29e04f939f48eacc5f7e StaticDependenciesID=a6a35b7e1569a72b53b790f9047fcd29 
Number of updated asset objects reloaded before import = 0Number of asset objects unloaded after import = 10

========================================================================
Received Import Request.
  Time since last request: 0.000026 seconds.
  path: Assets/Enviroment/enviroment/Office building/textures/Props/used/PaperBox.png
  importAddress: Guid(4338569fba861c142909fb3d67385031) Importer(2089858483,b0f066a214c2f5e87bad3c948f4d605d)
Start importing Assets/Enviroment/enviroment/Office building/textures/Props/used/PaperBox.png using Guid(4338569fba861c142909fb3d67385031) Importer(2089858483,b0f066a214c2f5e87bad3c948f4d605d) (ScriptedImporter) -> (Import Result ID: '293bf9a51a8601ea426d70fed53aebac') in 0.0067841 seconds [static and dynamic dependencies]. Details - ImportResultOutputID=6d25df1dfe39117f64fca8017c294aa6 DependenciesID=8097d69ac5b0487ca93e937db5843bc0 StaticDependenciesID=b262dd362beeac3c9c3940f773d11be0 
Number of updated asset objects reloaded before import = 0Number of asset objects unloaded after import = 1

========================================================================
Received Import Request.
  Time since last request: 0.000017 seconds.
  path: Assets/Enviroment/enviroment/Office building/scripts/DoorAction.cs
  importAddress: Guid(91c6af13e15ffb34080c24119b7f76d2) Importer(2089858483,b0f066a214c2f5e87bad3c948f4d605d)
Start importing Assets/Enviroment/enviroment/Office building/scripts/DoorAction.cs using Guid(91c6af13e15ffb34080c24119b7f76d2) Importer(2089858483,b0f066a214c2f5e87bad3c948f4d605d) (ScriptedImporter) -> (Import Result ID: 'b94814c43a2b7cef6f28288706f92bf1') in 0.0053888 seconds [static and dynamic dependencies]. Details - ImportResultOutputID=0290a7914606493a181448cccc13cd5d DependenciesID=6e84360850bd85d90fa82f27b6ca9a0b StaticDependenciesID=e636df395ebf1f58d7d725575f68342f 
Number of updated asset objects reloaded before import = 0Number of asset objects unloaded after import = 0

========================================================================
Received Import Request.
  Time since last request: 0.000027 seconds.
  path: Assets/LoafbrrAssets/Interiors_A/prefabs/StairParts/Stair_Wall_1m_A_Flipped.prefab
  importAddress: Guid(696a3a99193afa14584196e81b78c654) Importer(2089858483,b0f066a214c2f5e87bad3c948f4d605d)
Start importing Assets/LoafbrrAssets/Interiors_A/prefabs/StairParts/Stair_Wall_1m_A_Flipped.prefab using Guid(696a3a99193afa14584196e81b78c654) Importer(2089858483,b0f066a214c2f5e87bad3c948f4d605d) (ScriptedImporter) -> (Import Result ID: 'c26563299e82809aef8ac4a427df646d') in 0.0093671 seconds [static and dynamic dependencies]. Details - ImportResultOutputID=796201b64b1962086dd4588357efa97c DependenciesID=eb1c7d92ecab4a7c2ae09415c1ea7a8e StaticDependenciesID=090c246f82fb859d2817a624d2633809 
Number of updated asset objects reloaded before import = 0Number of asset objects unloaded after import = 10

========================================================================
Received Import Request.
  Time since last request: 0.000029 seconds.
  path: Assets/Enviroment/enviroment/Office building/Prefabs/Kitchen Chair Prefab.prefab
  importAddress: Guid(aa7a4ca48de4e4f4f816f5592dbbca1d) Importer(2089858483,b0f066a214c2f5e87bad3c948f4d605d)
Start importing Assets/Enviroment/enviroment/Office building/Prefabs/Kitchen Chair Prefab.prefab using Guid(aa7a4ca48de4e4f4f816f5592dbbca1d) Importer(2089858483,b0f066a214c2f5e87bad3c948f4d605d) (ScriptedImporter) -> (Import Result ID: 'ddb991ee0afd16b85ce43101ed997180') in 0.0059354 seconds [static and dynamic dependencies]. Details - ImportResultOutputID=379552798921f0955c03c9ba51b615be DependenciesID=529e1033873de3d87571509d212dfb4e StaticDependenciesID=c4623a493f1e565672cc7dcd05c91ab8 
Number of updated asset objects reloaded before import = 0Number of asset objects unloaded after import = 10

========================================================================
Received Import Request.
  Time since last request: 0.000034 seconds.
  path: Assets/LoafbrrAssets/Interiors_A/prefabs/wall/Wall_Edge_2m.prefab
  importAddress: Guid(1926298bd6a964046afbe25f9d2de3e8) Importer(2089858483,b0f066a214c2f5e87bad3c948f4d605d)
Start importing Assets/LoafbrrAssets/Interiors_A/prefabs/wall/Wall_Edge_2m.prefab using Guid(1926298bd6a964046afbe25f9d2de3e8) Importer(2089858483,b0f066a214c2f5e87bad3c948f4d605d) (ScriptedImporter) -> (Import Result ID: '46711d04c32d232808d24b03324741d7') in 0.0078307 seconds [static and dynamic dependencies]. Details - ImportResultOutputID=8e679c21a05e66471af10bc7a3aaa6a3 DependenciesID=937b4a0bcf20621ae16074b66195dcd8 StaticDependenciesID=8d89e61c1fe81fcd67ae5d7d16733201 
Number of updated asset objects reloaded before import = 0Number of asset objects unloaded after import = 10

========================================================================
Received Import Request.
  Time since last request: 0.000023 seconds.
  path: Assets/Enviroment/enviroment/Office building/textures/Props/used/Keyboard.png
  importAddress: Guid(6c2e398ca0d388144947ce94db3a6c5c) Importer(2089858483,b0f066a214c2f5e87bad3c948f4d605d)
Start importing Assets/Enviroment/enviroment/Office building/textures/Props/used/Keyboard.png using Guid(6c2e398ca0d388144947ce94db3a6c5c) Importer(2089858483,b0f066a214c2f5e87bad3c948f4d605d) (ScriptedImporter) -> (Import Result ID: '2d5dcb8e8b1788e2de500bfff09053d5') in 0.007227 seconds [static and dynamic dependencies]. Details - ImportResultOutputID=11cf45debcc4e094d7353439aa0d33f6 DependenciesID=0139f0c0658aae0267e1d8b7d6e684b2 StaticDependenciesID=1c25bdc87860c3709b5c6a90ecc1c949 
Number of updated asset objects reloaded before import = 0Number of asset objects unloaded after import = 1

========================================================================
Received Import Request.
  Time since last request: 0.000021 seconds.
  path: Assets/LoafbrrAssets/Interiors_A/prefabs/StairParts/Stairs_A_2x1.prefab
  importAddress: Guid(e7cf29855c3e22d43903a695cd7a9deb) Importer(2089858483,b0f066a214c2f5e87bad3c948f4d605d)
Start importing Assets/LoafbrrAssets/Interiors_A/prefabs/StairParts/Stairs_A_2x1.prefab using Guid(e7cf29855c3e22d43903a695cd7a9deb) Importer(2089858483,b0f066a214c2f5e87bad3c948f4d605d) (ScriptedImporter) -> (Import Result ID: 'ac46fcd7eabaf4ddd9a60cb33a1288fd') in 0.010752 seconds [static and dynamic dependencies]. Details - ImportResultOutputID=1db6bd992d4bb4abacde930639e0abb4 DependenciesID=ba889c97c8c913ffa33c18a583637b8c StaticDependenciesID=75960907f2e61026021182db17b106f1 
Number of updated asset objects reloaded before import = 0Number of asset objects unloaded after import = 12

========================================================================
Received Import Request.
  Time since last request: 0.000026 seconds.
  path: Assets/Enviroment/enviroment/Office building/Prefabs/Couch office 2 Prefab.prefab
  importAddress: Guid(c928f883aa7cdcf41a6faa362ed971bc) Importer(2089858483,b0f066a214c2f5e87bad3c948f4d605d)
Start importing Assets/Enviroment/enviroment/Office building/Prefabs/Couch office 2 Prefab.prefab using Guid(c928f883aa7cdcf41a6faa362ed971bc) Importer(2089858483,b0f066a214c2f5e87bad3c948f4d605d) (ScriptedImporter) -> (Import Result ID: '26a35408b5a16143fe0a7c63323fb265') in 0.0052564 seconds [static and dynamic dependencies]. Details - ImportResultOutputID=a5a9fa5bbb3f29e34bbde5466b3c0b11 DependenciesID=18bba2673d439eb5bea07f3b303f9932 StaticDependenciesID=6929e797fa9b57b96d630be784184869 
Number of updated asset objects reloaded before import = 0Number of asset objects unloaded after import = 10

========================================================================
Received Import Request.
  Time since last request: 0.000013 seconds.
  path: Assets/Enviroment/enviroment/Office building/Prefabs/Couch office 1 Prefab.prefab
  importAddress: Guid(91444dc871111a940989750e692b239f) Importer(2089858483,b0f066a214c2f5e87bad3c948f4d605d)
Start importing Assets/Enviroment/enviroment/Office building/Prefabs/Couch office 1 Prefab.prefab using Guid(91444dc871111a940989750e692b239f) Importer(2089858483,b0f066a214c2f5e87bad3c948f4d605d) (ScriptedImporter) -> (Import Result ID: '84b8c8b7921441d4a1f9524855b603a2') in 0.0045871 seconds [static and dynamic dependencies]. Details - ImportResultOutputID=3b3390f89e6e672e6dd2eae48434121d DependenciesID=bd1e210815511457aaad9309b25777b7 StaticDependenciesID=261b8ecd7b756e8cf45b9adea086734f 
Number of updated asset objects reloaded before import = 0Number of asset objects unloaded after import = 10

========================================================================
Received Import Request.
  Time since last request: 0.000017 seconds.
  path: Assets/Enviroment/enviroment/Office building/textures/showfloor.png
  importAddress: Guid(a98791086d67a014bb8224ba7171fbaa) Importer(2089858483,b0f066a214c2f5e87bad3c948f4d605d)
Start importing Assets/Enviroment/enviroment/Office building/textures/showfloor.png using Guid(a98791086d67a014bb8224ba7171fbaa) Importer(2089858483,b0f066a214c2f5e87bad3c948f4d605d) (ScriptedImporter) -> (Import Result ID: '2c403c3eedf0853898e8d1878ffef9de') in 0.0076026 seconds [static and dynamic dependencies]. Details - ImportResultOutputID=5145da40a7a22fe39d81aa0b9e070113 DependenciesID=d5bc4659d2d8fbf1f2235f967b710c0b StaticDependenciesID=e576ea069ee5855ebb379e473e9775c3 
Number of updated asset objects reloaded before import = 0Number of asset objects unloaded after import = 1

========================================================================
Received Import Request.
  Time since last request: 0.000013 seconds.
  path: Assets/LoafbrrAssets/Interiors_A/prefabs/StairParts/Wall_Stair_2m.prefab
  importAddress: Guid(80ae7c749f8a2cc47980b200f8981af6) Importer(2089858483,b0f066a214c2f5e87bad3c948f4d605d)
Start importing Assets/LoafbrrAssets/Interiors_A/prefabs/StairParts/Wall_Stair_2m.prefab using Guid(80ae7c749f8a2cc47980b200f8981af6) Importer(2089858483,b0f066a214c2f5e87bad3c948f4d605d) (ScriptedImporter) -> (Import Result ID: '4b5cb4d042438aeaa04b630d2424f95e') in 0.0097187 seconds [static and dynamic dependencies]. Details - ImportResultOutputID=0deea8e45c65d6cab3a98407fa6999fa DependenciesID=26f15a0f63bbad0f42d1308aa921d43f StaticDependenciesID=6942519416eef1ce96ea5da9e4d84913 
Number of updated asset objects reloaded before import = 0Number of asset objects unloaded after import = 10

========================================================================
Received Import Request.
  Time since last request: 0.000018 seconds.
  path: Assets/LoafbrrAssets/Interiors_A/prefabs/Decal/Decal_Tape_Caution_2m.prefab
  importAddress: Guid(939e9a10dcc966d4caae88bbfb7f6e64) Importer(2089858483,b0f066a214c2f5e87bad3c948f4d605d)
Start importing Assets/LoafbrrAssets/Interiors_A/prefabs/Decal/Decal_Tape_Caution_2m.prefab using Guid(939e9a10dcc966d4caae88bbfb7f6e64) Importer(2089858483,b0f066a214c2f5e87bad3c948f4d605d) (ScriptedImporter) -> (Import Result ID: '757fe3c0559fdf6bfe6159a51a8e7eb5') in 0.0098374 seconds [static and dynamic dependencies]. Details - ImportResultOutputID=7c81ae12cc3852fc9144330e7340ae86 DependenciesID=9f2e2918e08275a9bee59bdb6ea92078 StaticDependenciesID=ff4bbee9749aa2fa6f83c71face98475 
Number of updated asset objects reloaded before import = 0Number of asset objects unloaded after import = 9

========================================================================
Received Import Request.
  Time since last request: 0.000025 seconds.
  path: Assets/LoafbrrAssets/Interiors_A/prefabs/Decal/Decal_Grate_2m.prefab
  importAddress: Guid(f5132158cec574347a53ae6e64bb95ee) Importer(2089858483,b0f066a214c2f5e87bad3c948f4d605d)
Start importing Assets/LoafbrrAssets/Interiors_A/prefabs/Decal/Decal_Grate_2m.prefab using Guid(f5132158cec574347a53ae6e64bb95ee) Importer(2089858483,b0f066a214c2f5e87bad3c948f4d605d) (ScriptedImporter) -> (Import Result ID: '7344e0c7becd6453c3f53afd3382a03e') in 0.0092308 seconds [static and dynamic dependencies]. Details - ImportResultOutputID=ad82821e393e52dba6651a5d0f5f3e91 DependenciesID=c071bfb8696543396a50b0a84703c6c2 StaticDependenciesID=892cb6dc996ace28a345f3af1a9394ea 
Number of updated asset objects reloaded before import = 0Number of asset objects unloaded after import = 9

========================================================================
Received Import Request.
  Time since last request: 0.000020 seconds.
  path: Assets/Enviroment/enviroment/Office building/Prefabs/Computer Prefab.prefab
  importAddress: Guid(aa8c32ebce8c36744ba55c97b8513148) Importer(2089858483,b0f066a214c2f5e87bad3c948f4d605d)
Start importing Assets/Enviroment/enviroment/Office building/Prefabs/Computer Prefab.prefab using Guid(aa8c32ebce8c36744ba55c97b8513148) Importer(2089858483,b0f066a214c2f5e87bad3c948f4d605d) (ScriptedImporter) -> (Import Result ID: '393175d533f18d58d8795df29b6c1364') in 0.0086032 seconds [static and dynamic dependencies]. Details - ImportResultOutputID=29bf2e37ae083c15b9f28a598dd68770 DependenciesID=70afe3eb2ac28485c9631816ea89b573 StaticDependenciesID=ec6f5e003e63f8b21ce98a438db2f7bf 
Number of updated asset objects reloaded before import = 0Number of asset objects unloaded after import = 10

========================================================================
Received Import Request.
  Time since last request: 0.000027 seconds.
  path: Assets/LoafbrrAssets/Interiors_A/texture/Surface_Wall_A
  importAddress: Guid(015c7acb70a223d4082dea2227a375e4) Importer(2089858483,b0f066a214c2f5e87bad3c948f4d605d)
Start importing Assets/LoafbrrAssets/Interiors_A/texture/Surface_Wall_A using Guid(015c7acb70a223d4082dea2227a375e4) Importer(2089858483,b0f066a214c2f5e87bad3c948f4d605d) (ScriptedImporter) -> (Import Result ID: 'cd2f07507bda02c44b6cd12b8133730e') in 0.0026954 seconds [static and dynamic dependencies]. Details - ImportResultOutputID=ce6d1c167cb8c793cae0931879eb891c DependenciesID=033727fe3e920a4f1c58b19d631adb36 StaticDependenciesID=5280a49598340965fbb4325375dd95d3 
Number of updated asset objects reloaded before import = 0Number of asset objects unloaded after import = 1

========================================================================
Received Import Request.
  Time since last request: 0.000015 seconds.
  path: Assets/Enviroment/enviroment/Office building/Prefabs/Trash bin Prefab.prefab
  importAddress: Guid(4e0bc8274a648084d99f2c41d46f9a52) Importer(2089858483,b0f066a214c2f5e87bad3c948f4d605d)
Start importing Assets/Enviroment/enviroment/Office building/Prefabs/Trash bin Prefab.prefab using Guid(4e0bc8274a648084d99f2c41d46f9a52) Importer(2089858483,b0f066a214c2f5e87bad3c948f4d605d) (ScriptedImporter) -> (Import Result ID: '9d9d5388035a424082dd220b143e96f8') in 0.0050873 seconds [static and dynamic dependencies]. Details - ImportResultOutputID=ba8e25d9e4ea0e2c4d2bd0fad17f22b4 DependenciesID=2525d82013f73a9b498b926e58d8df83 StaticDependenciesID=9b3408a2afc2edb27644bb3e8956f801 
Number of updated asset objects reloaded before import = 0Number of asset objects unloaded after import = 10

========================================================================
Received Import Request.
  Time since last request: 0.000017 seconds.
  path: Assets/Enviroment/enviroment/Office building/material props
  importAddress: Guid(9a617c32baca9194ea7308642de6ccbf) Importer(2089858483,b0f066a214c2f5e87bad3c948f4d605d)
Start importing Assets/Enviroment/enviroment/Office building/material props using Guid(9a617c32baca9194ea7308642de6ccbf) Importer(2089858483,b0f066a214c2f5e87bad3c948f4d605d) (ScriptedImporter) -> (Import Result ID: 'bc5b6b183a37c93982ef7e48f2887e81') in 0.0029855 seconds [static and dynamic dependencies]. Details - ImportResultOutputID=d02eafcd3bca37fdc05dee7afc72ef92 DependenciesID=068f55cab90fa7129d30b9d5c1a26152 StaticDependenciesID=19eb1b912e348b30a6c46ecd4aa05217 
Number of updated asset objects reloaded before import = 0Number of asset objects unloaded after import = 1

========================================================================
Received Import Request.
  Time since last request: 0.000017 seconds.
  path: Assets/Enviroment/enviroment/Office building/Prefabs/Securety desk Prefab.prefab
  importAddress: Guid(4d201199ac968b44084b76f5fa59d1fb) Importer(2089858483,b0f066a214c2f5e87bad3c948f4d605d)
Start importing Assets/Enviroment/enviroment/Office building/Prefabs/Securety desk Prefab.prefab using Guid(4d201199ac968b44084b76f5fa59d1fb) Importer(2089858483,b0f066a214c2f5e87bad3c948f4d605d) (ScriptedImporter) -> (Import Result ID: 'dfe9f2c23cdf54fa502bf7ca6dcb7f93') in 0.0055097 seconds [static and dynamic dependencies]. Details - ImportResultOutputID=e8b3cf6d6e64d1cd0ab847e15e87bb2b DependenciesID=6d48726fffc72e618c35560215c63685 StaticDependenciesID=da137b7db2ff538777c2b1f2641f4deb 
Number of updated asset objects reloaded before import = 0Number of asset objects unloaded after import = 10

========================================================================
Received Import Request.
  Time since last request: 0.000017 seconds.
  path: Assets/Enviroment/enviroment/Office building/textures/Props/used/File box grey.png
  importAddress: Guid(a5304997630cebe43abbbab919a35962) Importer(2089858483,b0f066a214c2f5e87bad3c948f4d605d)
Start importing Assets/Enviroment/enviroment/Office building/textures/Props/used/File box grey.png using Guid(a5304997630cebe43abbbab919a35962) Importer(2089858483,b0f066a214c2f5e87bad3c948f4d605d) (ScriptedImporter) -> (Import Result ID: '74ca713570bf3332eac134fd2b615bbc') in 0.0075972 seconds [static and dynamic dependencies]. Details - ImportResultOutputID=ba75d6a467d34f652d43b03aed93107b DependenciesID=84527220fa1e2dfae41dd33f236339ca StaticDependenciesID=62946200380fb061caf4921867064862 
Number of updated asset objects reloaded before import = 0Number of asset objects unloaded after import = 1

========================================================================
Received Import Request.
  Time since last request: 0.000017 seconds.
  path: Assets/Enviroment/enviroment/Office building/textures/Props/used/Kindergarten chair.png
  importAddress: Guid(1c63191c37a24df47ad81341320bcfc6) Importer(2089858483,b0f066a214c2f5e87bad3c948f4d605d)
Start importing Assets/Enviroment/enviroment/Office building/textures/Props/used/Kindergarten chair.png using Guid(1c63191c37a24df47ad81341320bcfc6) Importer(2089858483,b0f066a214c2f5e87bad3c948f4d605d) (ScriptedImporter) -> (Import Result ID: '7fd8164848073c34a538a4196ab28d4a') in 0.0068822 seconds [static and dynamic dependencies]. Details - ImportResultOutputID=f14e5f7305e5a6036b42124dea67dfb8 DependenciesID=123db0c639415020e4f7db89f40b113d StaticDependenciesID=6003ace43743c127c71a540ca539ae2e 
Number of updated asset objects reloaded before import = 0Number of asset objects unloaded after import = 1

========================================================================
Received Import Request.
  Time since last request: 0.000016 seconds.
  path: Assets/LoafbrrAssets/Interiors_A/prefabs/Floor/FloorCeiling_3x1.prefab
  importAddress: Guid(c55b5b5fc67675d44a6a414c23f127cb) Importer(2089858483,b0f066a214c2f5e87bad3c948f4d605d)
Start importing Assets/LoafbrrAssets/Interiors_A/prefabs/Floor/FloorCeiling_3x1.prefab using Guid(c55b5b5fc67675d44a6a414c23f127cb) Importer(2089858483,b0f066a214c2f5e87bad3c948f4d605d) (ScriptedImporter) -> (Import Result ID: '3440ca7026b266ebd22a842b5003dcea') in 0.0119757 seconds [static and dynamic dependencies]. Details - ImportResultOutputID=c2721aabaa590432d73247572dc84bb4 DependenciesID=d4927234f2878624c7764c099443df19 StaticDependenciesID=ac6460b33b204e1920b9f7416b2884f8 
Number of updated asset objects reloaded before import = 0Number of asset objects unloaded after import = 11

========================================================================
Received Import Request.
  Time since last request: 0.000017 seconds.
  path: Assets/LoafbrrAssets/Interiors_A/prefabs/wall/Wall_Bottom_Corner_B.prefab
  importAddress: Guid(7faa5e653c52666458f02e943ae44d54) Importer(2089858483,b0f066a214c2f5e87bad3c948f4d605d)
Start importing Assets/LoafbrrAssets/Interiors_A/prefabs/wall/Wall_Bottom_Corner_B.prefab using Guid(7faa5e653c52666458f02e943ae44d54) Importer(2089858483,b0f066a214c2f5e87bad3c948f4d605d) (ScriptedImporter) -> (Import Result ID: 'd0223cf7f955cae178c35c41540bf7bd') in 0.0080925 seconds [static and dynamic dependencies]. Details - ImportResultOutputID=c1977ca9ccd782e084be6b76b4484282 DependenciesID=c7e84381871ea38807e2f261a8ddd19a StaticDependenciesID=de23ac1dbdb7d2a3d29fbae7444662f2 
Number of updated asset objects reloaded before import = 0Number of asset objects unloaded after import = 11

========================================================================
Received Import Request.
  Time since last request: 0.000029 seconds.
  path: Assets/Enviroment/enviroment/Office building/material props/carton.mat
  importAddress: Guid(ebb6120b736e62840bb1deccf023bfc1) Importer(2089858483,b0f066a214c2f5e87bad3c948f4d605d)
Start importing Assets/Enviroment/enviroment/Office building/material props/carton.mat using Guid(ebb6120b736e62840bb1deccf023bfc1) Importer(2089858483,b0f066a214c2f5e87bad3c948f4d605d) (ScriptedImporter) -> (Import Result ID: 'dcdc18d12274b12846de3bf60204baa4') in 0.0049456 seconds [static and dynamic dependencies]. Details - ImportResultOutputID=6b3ca7e147ac8282c0a5ca9462e96952 DependenciesID=c2cee0638c1e02f94216cd40af98b93f StaticDependenciesID=1eaa27218a45b45829d0f27fc3789f8b 
Number of updated asset objects reloaded before import = 0Number of asset objects unloaded after import = 2

========================================================================
Received Import Request.
  Time since last request: 0.000017 seconds.
  path: Assets/LoafbrrAssets/Interiors_A/materials/Door_C_Mat.mat
  importAddress: Guid(dbe4b29cb94063d4f831a4f592ab8362) Importer(2089858483,b0f066a214c2f5e87bad3c948f4d605d)
Start importing Assets/LoafbrrAssets/Interiors_A/materials/Door_C_Mat.mat using Guid(dbe4b29cb94063d4f831a4f592ab8362) Importer(2089858483,b0f066a214c2f5e87bad3c948f4d605d) (ScriptedImporter) -> (Import Result ID: 'd6a641e9c7c877866367a9395750cb44') in 0.0147573 seconds [static and dynamic dependencies]. Details - ImportResultOutputID=487f0e693611fb1e20185198befaa2ff DependenciesID=d1ce33ea2a361591af0b4dd23733d13a StaticDependenciesID=77347d6f47af15c24e59037fc8889475 
Number of updated asset objects reloaded before import = 0Number of asset objects unloaded after import = 9

========================================================================
Received Import Request.
  Time since last request: 0.000019 seconds.
  path: Assets/LoafbrrAssets/Interiors_A/prefabs/StairSet/Stairs_1m_A_Grp.prefab
  importAddress: Guid(4aa560aa2bc95114680b09665233918d) Importer(2089858483,b0f066a214c2f5e87bad3c948f4d605d)
Start importing Assets/LoafbrrAssets/Interiors_A/prefabs/StairSet/Stairs_1m_A_Grp.prefab using Guid(4aa560aa2bc95114680b09665233918d) Importer(2089858483,b0f066a214c2f5e87bad3c948f4d605d) (ScriptedImporter) -> (Import Result ID: '9e3f569e79afe7c2a1ce287d75a39f62') in 0.0068906 seconds [static and dynamic dependencies]. Details - ImportResultOutputID=73640d4d074240c024c5277e2f00b368 DependenciesID=aec23e3e4454e9d4a1424b30e752b8ca StaticDependenciesID=9d24cb113fdec62bdf34636c9d451b42 
Number of updated asset objects reloaded before import = 0Number of asset objects unloaded after import = 28

========================================================================
Received Import Request.
  Time since last request: 0.000019 seconds.
  path: Assets/LoafbrrAssets/Interiors_A/prefabs/Floor/Floor_2x3.prefab
  importAddress: Guid(389cb56cc1b21fa469ab06670aac54b9) Importer(2089858483,b0f066a214c2f5e87bad3c948f4d605d)
Start importing Assets/LoafbrrAssets/Interiors_A/prefabs/Floor/Floor_2x3.prefab using Guid(389cb56cc1b21fa469ab06670aac54b9) Importer(2089858483,b0f066a214c2f5e87bad3c948f4d605d) (ScriptedImporter) -> (Import Result ID: 'ed899f92e7f48620c76a4b577a032834') in 0.0086381 seconds [static and dynamic dependencies]. Details - ImportResultOutputID=217525a3e303d2ef851f68dea9b987e5 DependenciesID=bd6282dd3689c3e53dd1c48fb7b72845 StaticDependenciesID=64ff0f98c52eff7dcc9bb888a4d71776 
Number of updated asset objects reloaded before import = 0Number of asset objects unloaded after import = 11

========================================================================
Received Import Request.
  Time since last request: 0.000023 seconds.
  path: Assets/LoafbrrAssets/Interiors_A/prefabs/wall/Wall_3m_Vent_A.prefab
  importAddress: Guid(0744c0311d3549e4082b941318a41a10) Importer(2089858483,b0f066a214c2f5e87bad3c948f4d605d)
Start importing Assets/LoafbrrAssets/Interiors_A/prefabs/wall/Wall_3m_Vent_A.prefab using Guid(0744c0311d3549e4082b941318a41a10) Importer(2089858483,b0f066a214c2f5e87bad3c948f4d605d) (ScriptedImporter) -> (Import Result ID: '2ade405292d911d4014a7fcb81c44070') in 0.0077383 seconds [static and dynamic dependencies]. Details - ImportResultOutputID=02237c92baa30f4b83d44356f97739fb DependenciesID=1e4bd73a7d4b2cc5234526afae98ce39 StaticDependenciesID=56508353401a1b1efc05e31fdbb9a49d 
Number of updated asset objects reloaded before import = 0Number of asset objects unloaded after import = 11

========================================================================
Received Import Request.
  Time since last request: 0.000019 seconds.
  path: Assets/LoafbrrAssets/Interiors_A/prefabs/StairParts/Wall_Trim_3m.prefab
  importAddress: Guid(b8a4e8a7be699554593048a46f7a7b35) Importer(2089858483,b0f066a214c2f5e87bad3c948f4d605d)
Start importing Assets/LoafbrrAssets/Interiors_A/prefabs/StairParts/Wall_Trim_3m.prefab using Guid(b8a4e8a7be699554593048a46f7a7b35) Importer(2089858483,b0f066a214c2f5e87bad3c948f4d605d) (ScriptedImporter) -> (Import Result ID: '73979e08b8bfcfd3993cf3f7e9bfc457') in 0.0074395 seconds [static and dynamic dependencies]. Details - ImportResultOutputID=5e1fa2ca211db8827020981734a22c6f DependenciesID=eaa4b84993eec49582bc1300cb4893cc StaticDependenciesID=1ba9b86a359e3185e25257be5ddb5808 
Number of updated asset objects reloaded before import = 0Number of asset objects unloaded after import = 10

========================================================================
Received Import Request.
  Time since last request: 0.000022 seconds.
  path: Assets/Enviroment/enviroment/Office building/material props/Storage box Blue.mat
  importAddress: Guid(37f67d993e8ac444b93225e81fb0389c) Importer(2089858483,b0f066a214c2f5e87bad3c948f4d605d)
Start importing Assets/Enviroment/enviroment/Office building/material props/Storage box Blue.mat using Guid(37f67d993e8ac444b93225e81fb0389c) Importer(2089858483,b0f066a214c2f5e87bad3c948f4d605d) (ScriptedImporter) -> (Import Result ID: '69028e254605c593fc0ba33ca8ea2abc') in 0.0054147 seconds [static and dynamic dependencies]. Details - ImportResultOutputID=a7263a0be888fb76fc89b35f5db5aa36 DependenciesID=dc479bf32269552ac7283a9ca1d156f9 StaticDependenciesID=ca0328552c2597bb7ea32155d74351ca 
Number of updated asset objects reloaded before import = 0Number of asset objects unloaded after import = 2

========================================================================
Received Import Request.
  Time since last request: 0.000032 seconds.
  path: Assets/Enviroment/enviroment/Office building/textures/Elevator.png
  importAddress: Guid(ede6dc15f339a324d969c5d5aa4f56d8) Importer(2089858483,b0f066a214c2f5e87bad3c948f4d605d)
Start importing Assets/Enviroment/enviroment/Office building/textures/Elevator.png using Guid(ede6dc15f339a324d969c5d5aa4f56d8) Importer(2089858483,b0f066a214c2f5e87bad3c948f4d605d) (ScriptedImporter) -> (Import Result ID: '30ead579e589cd79c0f64f532072795f') in 0.0067106 seconds [static and dynamic dependencies]. Details - ImportResultOutputID=8919d12371a63c2096ba187a7bad7a1e DependenciesID=27def75a2e5048f1f47bdff84c45b8dd StaticDependenciesID=a416df723ef2bbd02854b87414ccefbd 
Number of updated asset objects reloaded before import = 0Number of asset objects unloaded after import = 1

========================================================================
Received Import Request.
  Time since last request: 0.000018 seconds.
  path: Assets/Enviroment/enviroment/Office building/Prefabs/Kitchen Table B Prefab.prefab
  importAddress: Guid(089237fd08f11db42ab1767dcdf3b0b8) Importer(2089858483,b0f066a214c2f5e87bad3c948f4d605d)
Start importing Assets/Enviroment/enviroment/Office building/Prefabs/Kitchen Table B Prefab.prefab using Guid(089237fd08f11db42ab1767dcdf3b0b8) Importer(2089858483,b0f066a214c2f5e87bad3c948f4d605d) (ScriptedImporter) -> (Import Result ID: '0298d3dbca6e52381ffb205b073e8331') in 0.0059697 seconds [static and dynamic dependencies]. Details - ImportResultOutputID=ae0e52e03efe7d5d44a3a6d5226cd904 DependenciesID=c2f2dd5af853eedddcbe6e28dfdf01c8 StaticDependenciesID=c7d6d43f6cc576bd4c5e9c08ec0c9729 
Number of updated asset objects reloaded before import = 0Number of asset objects unloaded after import = 10

========================================================================
Received Import Request.
  Time since last request: 0.000028 seconds.
  path: Assets/LoafbrrAssets/Interiors_A/prefabs/StairSet/Stairs_2m_A_Grp.prefab
  importAddress: Guid(9c64dcd86411811498522992216dd28f) Importer(2089858483,b0f066a214c2f5e87bad3c948f4d605d)
Start importing Assets/LoafbrrAssets/Interiors_A/prefabs/StairSet/Stairs_2m_A_Grp.prefab using Guid(9c64dcd86411811498522992216dd28f) Importer(2089858483,b0f066a214c2f5e87bad3c948f4d605d) (ScriptedImporter) -> (Import Result ID: 'ea20c51eefe872a8654914670b01d18c') in 0.0059894 seconds [static and dynamic dependencies]. Details - ImportResultOutputID=3c776b6fd0ccf6dbaf0ad180843a0f8a DependenciesID=52f214decf64850d96aa929c50ee5772 StaticDependenciesID=324e7f3a3d6205e0e55a57b0d2a913ef 
Number of updated asset objects reloaded before import = 0Number of asset objects unloaded after import = 28

========================================================================
Received Import Request.
  Time since last request: 0.000020 seconds.
  path: Assets/Enviroment/enviroment/Office building/material props/bottle.mat
  importAddress: Guid(5effc01ee34487f43a31b4dbc24256fc) Importer(2089858483,b0f066a214c2f5e87bad3c948f4d605d)
Start importing Assets/Enviroment/enviroment/Office building/material props/bottle.mat using Guid(5effc01ee34487f43a31b4dbc24256fc) Importer(2089858483,b0f066a214c2f5e87bad3c948f4d605d) (ScriptedImporter) -> (Import Result ID: '1064b11d87954802544d59f470f83dfc') in 0.0046947 seconds [static and dynamic dependencies]. Details - ImportResultOutputID=35640bb7757244c404dda1103ce9712a DependenciesID=26dc1881a7ade64c3ea892735acdcabe StaticDependenciesID=2ff9dcef9aa1de132615e8a190e19bf3 
Number of updated asset objects reloaded before import = 0Number of asset objects unloaded after import = 2

========================================================================
Received Import Request.
  Time since last request: 0.000013 seconds.
  path: Assets/Enviroment/enviroment/Office building/textures/white wall.png
  importAddress: Guid(b2d4baa240bf2d748adf7b5fb286ec05) Importer(2089858483,b0f066a214c2f5e87bad3c948f4d605d)
Start importing Assets/Enviroment/enviroment/Office building/textures/white wall.png using Guid(b2d4baa240bf2d748adf7b5fb286ec05) Importer(2089858483,b0f066a214c2f5e87bad3c948f4d605d) (ScriptedImporter) -> (Import Result ID: 'af9e191533e27051a3854474e5549079') in 0.0073965 seconds [static and dynamic dependencies]. Details - ImportResultOutputID=733f65c26bb62d50a477932682b34106 DependenciesID=34e02057910a8f4b39824720c9b6449d StaticDependenciesID=95a1ad387e2bd81b295ccb300a513de4 
Number of updated asset objects reloaded before import = 0Number of asset objects unloaded after import = 1

========================================================================
Received Import Request.
  Time since last request: 0.000016 seconds.
  path: Assets/LoafbrrAssets/Interiors_A/prefabs/Door/Door_B_Grp.prefab
  importAddress: Guid(ee88be6b8798f7149a72f257fdc25c4f) Importer(2089858483,b0f066a214c2f5e87bad3c948f4d605d)
Start importing Assets/LoafbrrAssets/Interiors_A/prefabs/Door/Door_B_Grp.prefab using Guid(ee88be6b8798f7149a72f257fdc25c4f) Importer(2089858483,b0f066a214c2f5e87bad3c948f4d605d) (ScriptedImporter) -> (Import Result ID: '2ca43d3d108f3062b8ca5f90e7f53097') in 0.005293 seconds [static and dynamic dependencies]. Details - ImportResultOutputID=165ab8b81305fd828074230b1a02750f DependenciesID=10cb95361d9ddd16ebbd6f1e3ce07165 StaticDependenciesID=940cf099ab24f71314430bb58e4405b8 
Number of updated asset objects reloaded before import = 0Number of asset objects unloaded after import = 21

========================================================================
Received Import Request.
  Time since last request: 0.000022 seconds.
  path: Assets/Enviroment/enviroment/Office building/Prefabs/filing B prefab.prefab
  importAddress: Guid(fac4ae714c286054c82c1f4e68a3e641) Importer(2089858483,b0f066a214c2f5e87bad3c948f4d605d)
Start importing Assets/Enviroment/enviroment/Office building/Prefabs/filing B prefab.prefab using Guid(fac4ae714c286054c82c1f4e68a3e641) Importer(2089858483,b0f066a214c2f5e87bad3c948f4d605d) (ScriptedImporter) -> (Import Result ID: '201eb3ea8c25e923dc5cd304ec9611ca') in 0.0058747 seconds [static and dynamic dependencies]. Details - ImportResultOutputID=dd4859331b2929b3a802b3b5f30599a6 DependenciesID=e9b62536cf8f0fd47c8152594db90614 StaticDependenciesID=9fc53caed8233395fbbd00806315ac34 
Number of updated asset objects reloaded before import = 0Number of asset objects unloaded after import = 10

========================================================================
Received Import Request.
  Time since last request: 0.000027 seconds.
  path: Assets/LoafbrrAssets/Interiors_A/prefabs/Floor/FloorCeiling_2x1.prefab
  importAddress: Guid(53954fe3eb1f7314b8c334a62e84f85b) Importer(2089858483,b0f066a214c2f5e87bad3c948f4d605d)
Start importing Assets/LoafbrrAssets/Interiors_A/prefabs/Floor/FloorCeiling_2x1.prefab using Guid(53954fe3eb1f7314b8c334a62e84f85b) Importer(2089858483,b0f066a214c2f5e87bad3c948f4d605d) (ScriptedImporter) -> (Import Result ID: '1800b9455584ae8fbcd07072a599fe94') in 0.0098352 seconds [static and dynamic dependencies]. Details - ImportResultOutputID=2227a2abfa125ad01efb3a7884fdc05f DependenciesID=253fcbdbbf1bed390d468736f47631a1 StaticDependenciesID=f210e5ade2ea8db536323b54e3c1de93 
Number of updated asset objects reloaded before import = 0Number of asset objects unloaded after import = 11

========================================================================
Received Import Request.
  Time since last request: 0.000019 seconds.
  path: Assets/LoafbrrAssets/Interiors_A/prefabs/Floor/Floor_3x2.prefab
  importAddress: Guid(49234545d7e78534e9a4d4b2846e43e3) Importer(2089858483,b0f066a214c2f5e87bad3c948f4d605d)
Start importing Assets/LoafbrrAssets/Interiors_A/prefabs/Floor/Floor_3x2.prefab using Guid(49234545d7e78534e9a4d4b2846e43e3) Importer(2089858483,b0f066a214c2f5e87bad3c948f4d605d) (ScriptedImporter) -> (Import Result ID: '5db9e84c29c34f6ea36a9d54c206126c') in 0.0097505 seconds [static and dynamic dependencies]. Details - ImportResultOutputID=573d823e80577788e94e7ed436a0b49b DependenciesID=23d34dd63b64b1729546b4d413a82278 StaticDependenciesID=9c66c6d243b4d338c5225378963a9024 
Number of updated asset objects reloaded before import = 0Number of asset objects unloaded after import = 11

========================================================================
Received Import Request.
  Time since last request: 0.000016 seconds.
  path: Assets/LoafbrrAssets/Interiors_A/texture/Surface_Ceiling_B/Surface_Ceiling_B_Diffuse_1K_A.png
  importAddress: Guid(bb4dfcee741421b4f94de3251be57d0c) Importer(2089858483,b0f066a214c2f5e87bad3c948f4d605d)
Start importing Assets/LoafbrrAssets/Interiors_A/texture/Surface_Ceiling_B/Surface_Ceiling_B_Diffuse_1K_A.png using Guid(bb4dfcee741421b4f94de3251be57d0c) Importer(2089858483,b0f066a214c2f5e87bad3c948f4d605d) (ScriptedImporter) -> (Import Result ID: '0eeb647be1f73bcaf734495e5d0411f2') in 0.0066608 seconds [static and dynamic dependencies]. Details - ImportResultOutputID=3f6715802a25ca1ecdfe8241a875502f DependenciesID=0844772a4e84aa32cf1cabeb5fdd8e56 StaticDependenciesID=2e9b4517afc66e72c5835172a7790a5b 
Number of updated asset objects reloaded before import = 0Number of asset objects unloaded after import = 1

========================================================================
Received Import Request.
  Time since last request: 0.000013 seconds.
  path: Assets/LoafbrrAssets/Interiors_A/prefabs/StairParts/Wall_Stair_2m_Edge_A.prefab
  importAddress: Guid(a56d6d3cbf211ea42aaf27fda29d951f) Importer(2089858483,b0f066a214c2f5e87bad3c948f4d605d)
Start importing Assets/LoafbrrAssets/Interiors_A/prefabs/StairParts/Wall_Stair_2m_Edge_A.prefab using Guid(a56d6d3cbf211ea42aaf27fda29d951f) Importer(2089858483,b0f066a214c2f5e87bad3c948f4d605d) (ScriptedImporter) -> (Import Result ID: 'b68e5dbb6dad5cc1229ccf67f82f7d72') in 0.0101556 seconds [static and dynamic dependencies]. Details - ImportResultOutputID=f1d570653fcb4a5588a126645302938f DependenciesID=e718a56a46edc805cc9eca72d540f2db StaticDependenciesID=ce1485ae9f46510cabef08e6ac118a2e 
Number of updated asset objects reloaded before import = 0Number of asset objects unloaded after import = 10

========================================================================
Received Import Request.
  Time since last request: 0.000014 seconds.
  path: Assets/LoafbrrAssets/Interiors_A/prefabs/Floor/Floor_1x1_1Side.prefab
  importAddress: Guid(7a7b30e3dcf20894e89bd4d8530a70fb) Importer(2089858483,b0f066a214c2f5e87bad3c948f4d605d)
Start importing Assets/LoafbrrAssets/Interiors_A/prefabs/Floor/Floor_1x1_1Side.prefab using Guid(7a7b30e3dcf20894e89bd4d8530a70fb) Importer(2089858483,b0f066a214c2f5e87bad3c948f4d605d) (ScriptedImporter) -> (Import Result ID: '7e4a037a8b2b14826524b5d106e24616') in 0.0092533 seconds [static and dynamic dependencies]. Details - ImportResultOutputID=83a1d3caadd9747e30b4d82e664467c0 DependenciesID=555dc2c6a81e3159a64bb4dfbc6c7e5b StaticDependenciesID=e9fc49fca8757a1fe8bd0f04b97f1ae8 
Number of updated asset objects reloaded before import = 0Number of asset objects unloaded after import = 10

========================================================================
Received Import Request.
  Time since last request: 0.000015 seconds.
  path: Assets/LoafbrrAssets/Interiors_A/texture/Surface_Wall_A/Surface_Wall_A_ORM_2K.png
  importAddress: Guid(f24cea78a5a47674ebd0b113226156f6) Importer(2089858483,b0f066a214c2f5e87bad3c948f4d605d)
Start importing Assets/LoafbrrAssets/Interiors_A/texture/Surface_Wall_A/Surface_Wall_A_ORM_2K.png using Guid(f24cea78a5a47674ebd0b113226156f6) Importer(2089858483,b0f066a214c2f5e87bad3c948f4d605d) (ScriptedImporter) -> (Import Result ID: 'bc91ff6bf8cd24ad1076edc673907dce') in 0.0083988 seconds [static and dynamic dependencies]. Details - ImportResultOutputID=b1c0628723939ac0a764d19aec072724 DependenciesID=317110fd7d725ec51bae3796c1e46838 StaticDependenciesID=d71d7fc60b964f109dc59b1b12368fca 
Number of updated asset objects reloaded before import = 0Number of asset objects unloaded after import = 1

========================================================================
Received Import Request.
  Time since last request: 0.000021 seconds.
  path: Assets/LoafbrrAssets/Interiors_A/prefabs/Floor/Floor_3x3.prefab
  importAddress: Guid(ccecd4e399220ea42b2ecbcc28696122) Importer(2089858483,b0f066a214c2f5e87bad3c948f4d605d)
Start importing Assets/LoafbrrAssets/Interiors_A/prefabs/Floor/Floor_3x3.prefab using Guid(ccecd4e399220ea42b2ecbcc28696122) Importer(2089858483,b0f066a214c2f5e87bad3c948f4d605d) (ScriptedImporter) -> (Import Result ID: '13c5ef4ce165ee3b9bf1cebe23943767') in 0.0119896 seconds [static and dynamic dependencies]. Details - ImportResultOutputID=1036e279c4bad9c565c086e8464e2d49 DependenciesID=22cd88368060a011de08b477969ec47f StaticDependenciesID=4ca6997234369fc75f090068c5eb3b3a 
Number of updated asset objects reloaded before import = 0Number of asset objects unloaded after import = 11

========================================================================
Received Import Request.
  Time since last request: 0.000024 seconds.
  path: Assets/LoafbrrAssets/Interiors_A/prefabs/StairParts/Wall_Stair_3m_Edge_A.prefab
  importAddress: Guid(9a4bfa9f684c18249b01ec8b94b56f77) Importer(2089858483,b0f066a214c2f5e87bad3c948f4d605d)
Start importing Assets/LoafbrrAssets/Interiors_A/prefabs/StairParts/Wall_Stair_3m_Edge_A.prefab using Guid(9a4bfa9f684c18249b01ec8b94b56f77) Importer(2089858483,b0f066a214c2f5e87bad3c948f4d605d) (ScriptedImporter) -> (Import Result ID: '7fed78a856adc4db8669babc07fb119f') in 0.0092435 seconds [static and dynamic dependencies]. Details - ImportResultOutputID=d65a7360acbf352fcea787cc4ded35df DependenciesID=92bf059007fd9690e089bd38dacfb68c StaticDependenciesID=7fc96dc78113d6ae65c051ffceba9247 
Number of updated asset objects reloaded before import = 0Number of asset objects unloaded after import = 10

========================================================================
Received Import Request.
  Time since last request: 0.000022 seconds.
  path: Assets/Enviroment/enviroment/Office building/textures/roof 1.png
  importAddress: Guid(1b8cc4e0f14302c49b4fe6e996771c97) Importer(2089858483,b0f066a214c2f5e87bad3c948f4d605d)
Start importing Assets/Enviroment/enviroment/Office building/textures/roof 1.png using Guid(1b8cc4e0f14302c49b4fe6e996771c97) Importer(2089858483,b0f066a214c2f5e87bad3c948f4d605d) (ScriptedImporter) -> (Import Result ID: '49920df8416bff4a71dd4ae82ff0dc7a') in 0.0073966 seconds [static and dynamic dependencies]. Details - ImportResultOutputID=83a873587b170ef72a03d5cefe33ac67 DependenciesID=10d50ce4c2063a79dc1eb9be783a5133 StaticDependenciesID=f168d6a4c881ea2b72819d566a581a61 
Number of updated asset objects reloaded before import = 0Number of asset objects unloaded after import = 1

========================================================================
Received Import Request.
  Time since last request: 0.000016 seconds.
  path: Assets/Enviroment/enviroment/Office building/textures/Props/used/Urinal wall.png
  importAddress: Guid(a952e1e365e91f840accfc1d3f7a5c0b) Importer(2089858483,b0f066a214c2f5e87bad3c948f4d605d)
Start importing Assets/Enviroment/enviroment/Office building/textures/Props/used/Urinal wall.png using Guid(a952e1e365e91f840accfc1d3f7a5c0b) Importer(2089858483,b0f066a214c2f5e87bad3c948f4d605d) (ScriptedImporter) -> (Import Result ID: '7f0327f20a0d38d6b751aa089c410859') in 0.0076122 seconds [static and dynamic dependencies]. Details - ImportResultOutputID=1f1261bcc2ebc857ecb082650687ad63 DependenciesID=e20cbe48900714ff96e3bd3fc9a17164 StaticDependenciesID=92fd14c10bbb4ff09f3c45d88af270e9 
Number of updated asset objects reloaded before import = 0Number of asset objects unloaded after import = 1

========================================================================
Received Import Request.
  Time since last request: 0.000016 seconds.
  path: Assets/Enviroment/enviroment/Office building/textures/lamps/Lamp B.png
  importAddress: Guid(0dc35d03f76fbb1438c8f7c7adfd8c08) Importer(2089858483,b0f066a214c2f5e87bad3c948f4d605d)
Start importing Assets/Enviroment/enviroment/Office building/textures/lamps/Lamp B.png using Guid(0dc35d03f76fbb1438c8f7c7adfd8c08) Importer(2089858483,b0f066a214c2f5e87bad3c948f4d605d) (ScriptedImporter) -> (Import Result ID: 'e4d152400474b2a36ae8ddca20b733c6') in 0.0066315 seconds [static and dynamic dependencies]. Details - ImportResultOutputID=0a3a6e7aedadaadf9c54e7b5f7342bc8 DependenciesID=a6e4f87b76d63e05f23928a0e2e970ca StaticDependenciesID=15b0fa20198975cd4f975aa4ada06fd3 
Number of updated asset objects reloaded before import = 0Number of asset objects unloaded after import = 1

========================================================================
Received Import Request.
  Time since last request: 0.000015 seconds.
  path: Assets/Enviroment/enviroment/Office building/Prefabs/mattress Prefab.prefab
  importAddress: Guid(7a91100f34a8ab84aaa1a2fb0014324d) Importer(2089858483,b0f066a214c2f5e87bad3c948f4d605d)
Start importing Assets/Enviroment/enviroment/Office building/Prefabs/mattress Prefab.prefab using Guid(7a91100f34a8ab84aaa1a2fb0014324d) Importer(2089858483,b0f066a214c2f5e87bad3c948f4d605d) (ScriptedImporter) -> (Import Result ID: 'eaa8bcdcf3c58c41b8628c3f1bdf0c3b') in 0.0064411 seconds [static and dynamic dependencies]. Details - ImportResultOutputID=283554893aaf8881f8d95fb834f6a2d1 DependenciesID=cb043af0c851a63f5d8be04471184853 StaticDependenciesID=62dc3d82bc38a352674179a22d68637c 
Number of updated asset objects reloaded before import = 0Number of asset objects unloaded after import = 10

========================================================================
Received Import Request.
  Time since last request: 0.000017 seconds.
  path: Assets/Enviroment/enviroment/Office building/material props/filing A.mat
  importAddress: Guid(513febeccc7902548b4b27339e6318b6) Importer(2089858483,b0f066a214c2f5e87bad3c948f4d605d)
Start importing Assets/Enviroment/enviroment/Office building/material props/filing A.mat using Guid(513febeccc7902548b4b27339e6318b6) Importer(2089858483,b0f066a214c2f5e87bad3c948f4d605d) (ScriptedImporter) -> (Import Result ID: 'e22bcbdd70333ad1ecad07bac7560639') in 0.0055464 seconds [static and dynamic dependencies]. Details - ImportResultOutputID=50c1a0da44ac78310991a96b3388c383 DependenciesID=200d0f6370ebdbb9a4d2d952b83a38ed StaticDependenciesID=cbbe0ec7337dc3cbe251e833ff6acd16 
Number of updated asset objects reloaded before import = 0Number of asset objects unloaded after import = 2

========================================================================
Received Import Request.
  Time since last request: 0.000021 seconds.
  path: Assets/Enviroment/enviroment/Office building/Prefabs/computer mouse Prefab.prefab
  importAddress: Guid(3ef7c60670bb53a4eb1d53dce37111c0) Importer(2089858483,b0f066a214c2f5e87bad3c948f4d605d)
Start importing Assets/Enviroment/enviroment/Office building/Prefabs/computer mouse Prefab.prefab using Guid(3ef7c60670bb53a4eb1d53dce37111c0) Importer(2089858483,b0f066a214c2f5e87bad3c948f4d605d) (ScriptedImporter) -> (Import Result ID: 'db23321a448f5543f7a9ae32db5091ac') in 0.0059053 seconds [static and dynamic dependencies]. Details - ImportResultOutputID=7fa3dca407e366c841647c99f0634008 DependenciesID=a72940698caf417d5ee2e5650d20030a StaticDependenciesID=7a83a364330c353e16b4fe3df05551d3 
Number of updated asset objects reloaded before import = 0Number of asset objects unloaded after import = 10

========================================================================
Received Import Request.
  Time since last request: 0.000028 seconds.
  path: Assets/Enviroment/enviroment/Office building/textures/Props/used/lobby table.png
  importAddress: Guid(bbdeaf413f98ad34d889316ba0d8ab4b) Importer(2089858483,b0f066a214c2f5e87bad3c948f4d605d)
Start importing Assets/Enviroment/enviroment/Office building/textures/Props/used/lobby table.png using Guid(bbdeaf413f98ad34d889316ba0d8ab4b) Importer(2089858483,b0f066a214c2f5e87bad3c948f4d605d) (ScriptedImporter) -> (Import Result ID: '1919f63467775d33eb92e4b8e8078151') in 0.0068699 seconds [static and dynamic dependencies]. Details - ImportResultOutputID=2020af325c00a503ad5d6a0a53883ab1 DependenciesID=6ba9d8b179476009d30f74bde984f9ae StaticDependenciesID=9fa72024280ca007d7caeabba210b8bf 
Number of updated asset objects reloaded before import = 0Number of asset objects unloaded after import = 1

========================================================================
Received Import Request.
  Time since last request: 0.000018 seconds.
  path: Assets/Enviroment/enviroment/Office building/Prefabs/paper box prefab.prefab
  importAddress: Guid(d7f6436fd43ddf442bf1f97390eb70a5) Importer(2089858483,b0f066a214c2f5e87bad3c948f4d605d)
Start importing Assets/Enviroment/enviroment/Office building/Prefabs/paper box prefab.prefab using Guid(d7f6436fd43ddf442bf1f97390eb70a5) Importer(2089858483,b0f066a214c2f5e87bad3c948f4d605d) (ScriptedImporter) -> (Import Result ID: '693d025f438bb7fa3f939bccdb6eb78d') in 0.0052933 seconds [static and dynamic dependencies]. Details - ImportResultOutputID=5c2a82d1047aa2e37806227c83242489 DependenciesID=2acd08ecc11dbedb258438ae3c7348d2 StaticDependenciesID=f131e11cb8bc005bc4c1c838ec14fcf8 
Number of updated asset objects reloaded before import = 0Number of asset objects unloaded after import = 10

========================================================================
Received Import Request.
  Time since last request: 0.000016 seconds.
  path: Assets/Enviroment/enviroment/Office building/materials Building/cement 2.mat
  importAddress: Guid(35ebf0db1761c9844afe649907fff8bd) Importer(2089858483,b0f066a214c2f5e87bad3c948f4d605d)
Start importing Assets/Enviroment/enviroment/Office building/materials Building/cement 2.mat using Guid(35ebf0db1761c9844afe649907fff8bd) Importer(2089858483,b0f066a214c2f5e87bad3c948f4d605d) (ScriptedImporter) -> (Import Result ID: '653dce7fa78e9bb60efaf6bea084bb01') in 0.0053272 seconds [static and dynamic dependencies]. Details - ImportResultOutputID=062b66bd0de6599c4da3db65414831a0 DependenciesID=699430122d116a405783dd35721d5d72 StaticDependenciesID=622b437fe98a3b9ea62bcdeee4e98756 
Number of updated asset objects reloaded before import = 0Number of asset objects unloaded after import = 2

========================================================================
Received Import Request.
  Time since last request: 0.000016 seconds.
  path: Assets/Enviroment/enviroment/Office building/textures/Props/used/toilet cabine.png
  importAddress: Guid(8f6cf7eb9e48449438ceff3cfe213908) Importer(2089858483,b0f066a214c2f5e87bad3c948f4d605d)
Start importing Assets/Enviroment/enviroment/Office building/textures/Props/used/toilet cabine.png using Guid(8f6cf7eb9e48449438ceff3cfe213908) Importer(2089858483,b0f066a214c2f5e87bad3c948f4d605d) (ScriptedImporter) -> (Import Result ID: '659cd52d7c0385adffe433750d4a4e3d') in 0.0058803 seconds [static and dynamic dependencies]. Details - ImportResultOutputID=57435eb81f1394a626608a218f792903 DependenciesID=931b1ce54b2de40db9fd49d8d374eda5 StaticDependenciesID=254d4ac90ed5175f5d985fa6662d49db 
Number of updated asset objects reloaded before import = 0Number of asset objects unloaded after import = 1

========================================================================
Received Import Request.
  Time since last request: 0.000015 seconds.
  path: Assets/Enviroment/enviroment/Office building/textures/Props/used/Kindergarten picture wall.png
  importAddress: Guid(4019180cfa5b8e34d8a9d02022733f6d) Importer(2089858483,b0f066a214c2f5e87bad3c948f4d605d)
Start importing Assets/Enviroment/enviroment/Office building/textures/Props/used/Kindergarten picture wall.png using Guid(4019180cfa5b8e34d8a9d02022733f6d) Importer(2089858483,b0f066a214c2f5e87bad3c948f4d605d) (ScriptedImporter) -> (Import Result ID: 'ff311310c37b25e4f2dfdd15b29f48a5') in 0.0057189 seconds [static and dynamic dependencies]. Details - ImportResultOutputID=d05dcb9e60c27cdab81a64d24d401ee4 DependenciesID=1e129260094c79223854da584e1d83b7 StaticDependenciesID=2e1923777b098a944744e9ac04b34ac8 
Number of updated asset objects reloaded before import = 0Number of asset objects unloaded after import = 1

========================================================================
Received Import Request.
  Time since last request: 0.000013 seconds.
  path: Assets/Enviroment/enviroment/Office building/Prefabs/Office chair.001 Prefab.prefab
  importAddress: Guid(4b4f09798bc92114e8a7b2feb68396fa) Importer(2089858483,b0f066a214c2f5e87bad3c948f4d605d)
Start importing Assets/Enviroment/enviroment/Office building/Prefabs/Office chair.001 Prefab.prefab using Guid(4b4f09798bc92114e8a7b2feb68396fa) Importer(2089858483,b0f066a214c2f5e87bad3c948f4d605d) (ScriptedImporter) -> (Import Result ID: '7a5d9f19cc26bf5aee625d25f8277ae8') in 0.0094237 seconds [static and dynamic dependencies]. Details - ImportResultOutputID=9bace054e93088e227ee0a4ff52ff8a4 DependenciesID=7a7aaddc25e996294d36c0f4bf9160f9 StaticDependenciesID=e24eed44c35b3b3ec49a905c6e09ac7f 
Number of updated asset objects reloaded before import = 0Number of asset objects unloaded after import = 10

========================================================================
Received Import Request.
  Time since last request: 0.000018 seconds.
  path: Assets/LoafbrrAssets/Interiors_A/texture/Surface_Floor_B/Surface_Floor_B_Normal_2K.png
  importAddress: Guid(2831fbd4d7170944587a7cce444a3a3d) Importer(2089858483,b0f066a214c2f5e87bad3c948f4d605d)
Start importing Assets/LoafbrrAssets/Interiors_A/texture/Surface_Floor_B/Surface_Floor_B_Normal_2K.png using Guid(2831fbd4d7170944587a7cce444a3a3d) Importer(2089858483,b0f066a214c2f5e87bad3c948f4d605d) (ScriptedImporter) -> (Import Result ID: '56defe1c2243a4b3de35bba85874ac6f') in 0.0085453 seconds [static and dynamic dependencies]. Details - ImportResultOutputID=728c3b2e22a153cec94bac0379d231b7 DependenciesID=56213433ebf1c39b471ed842aa4636c1 StaticDependenciesID=ceec9ad4a7a610ad9ded5086ee969eff 
Number of updated asset objects reloaded before import = 0Number of asset objects unloaded after import = 1

========================================================================
Received Import Request.
  Time since last request: 0.000027 seconds.
  path: Assets/LoafbrrAssets/Interiors_A/materials/ORM_Shader 1.shadergraph
  importAddress: Guid(6f1fd57abd2445e4c9041373dd0431b7) Importer(2089858483,b0f066a214c2f5e87bad3c948f4d605d)
Start importing Assets/LoafbrrAssets/Interiors_A/materials/ORM_Shader 1.shadergraph using Guid(6f1fd57abd2445e4c9041373dd0431b7) Importer(2089858483,b0f066a214c2f5e87bad3c948f4d605d) (ScriptedImporter) -> (Import Result ID: '1f02222f8302c2290d381bad4b6bd499') in 0.0244776 seconds [static and dynamic dependencies]. Details - ImportResultOutputID=4ff96c40575caec6c359686f6885bf3d DependenciesID=cf2daf8482a08158cb93db382ff3d2c1 StaticDependenciesID=01f55bf5662f3f35ef5a545d743b84cc 
Number of updated asset objects reloaded before import = 0Number of asset objects unloaded after import = 5

========================================================================
Received Import Request.
  Time since last request: 0.000016 seconds.
  path: Assets/Enviroment/enviroment/Office building/textures/Props/used/clock.png
  importAddress: Guid(4a4ef0d1fdeb0ba43bea6e24c4742a36) Importer(2089858483,b0f066a214c2f5e87bad3c948f4d605d)
Start importing Assets/Enviroment/enviroment/Office building/textures/Props/used/clock.png using Guid(4a4ef0d1fdeb0ba43bea6e24c4742a36) Importer(2089858483,b0f066a214c2f5e87bad3c948f4d605d) (ScriptedImporter) -> (Import Result ID: 'a132b88f5e8ab37f1ad5a015dc5eea67') in 0.0057919 seconds [static and dynamic dependencies]. Details - ImportResultOutputID=3f4ccbadc3e7db84c25a83d3ef37d655 DependenciesID=fa538de46c534f1ae946e41f679b443b StaticDependenciesID=d4113332c6137ff627f9b6dc981d44f9 
Number of updated asset objects reloaded before import = 0Number of asset objects unloaded after import = 1

========================================================================
Received Import Request.
  Time since last request: 0.000021 seconds.
  path: Assets/LoafbrrAssets/Interiors_A/prefabs/StairSet/Stairs_1m_D_Grp.prefab
  importAddress: Guid(322ccc8cc1c6a3d41acecbb9681633c1) Importer(2089858483,b0f066a214c2f5e87bad3c948f4d605d)
Start importing Assets/LoafbrrAssets/Interiors_A/prefabs/StairSet/Stairs_1m_D_Grp.prefab using Guid(322ccc8cc1c6a3d41acecbb9681633c1) Importer(2089858483,b0f066a214c2f5e87bad3c948f4d605d) (ScriptedImporter) -> (Import Result ID: '838fddc3751d51ccff4fdd39d8be8e19') in 0.0062367 seconds [static and dynamic dependencies]. Details - ImportResultOutputID=6dd8951d204a0e8f4ee99096fbacb513 DependenciesID=b60c705836a3aec07fbc47972fa7ae0f StaticDependenciesID=1fe04d946f16f46b5cf9104196701295 
Number of updated asset objects reloaded before import = 0Number of asset objects unloaded after import = 34

========================================================================
Received Import Request.
  Time since last request: 0.000015 seconds.
  path: Assets/LoafbrrAssets/Interiors_A/materials/Surface_Wall_A 1.mat
  importAddress: Guid(8fe940013ef6fa84aa5521ad3e8feab8) Importer(2089858483,b0f066a214c2f5e87bad3c948f4d605d)
Start importing Assets/LoafbrrAssets/Interiors_A/materials/Surface_Wall_A 1.mat using Guid(8fe940013ef6fa84aa5521ad3e8feab8) Importer(2089858483,b0f066a214c2f5e87bad3c948f4d605d) (ScriptedImporter) -> (Import Result ID: 'ac0d035e07c574408728b6138fbbb585') in 0.0177187 seconds [static and dynamic dependencies]. Details - ImportResultOutputID=bf910ffe51466a34583f2f1bb4f61285 DependenciesID=cb1f8fc3deca3008eaf8488420f69fb8 StaticDependenciesID=4bdbeeb1fd4504f4b0132990c15b3a29 
Number of updated asset objects reloaded before import = 0Number of asset objects unloaded after import = 9

========================================================================
Received Import Request.
  Time since last request: 0.000030 seconds.
  path: Assets/LoafbrrAssets/Interiors_A/prefabs/StairParts/Stairs_A_3x3.prefab
  importAddress: Guid(d96929396212d89479654d34d3473be5) Importer(2089858483,b0f066a214c2f5e87bad3c948f4d605d)
Start importing Assets/LoafbrrAssets/Interiors_A/prefabs/StairParts/Stairs_A_3x3.prefab using Guid(d96929396212d89479654d34d3473be5) Importer(2089858483,b0f066a214c2f5e87bad3c948f4d605d) (ScriptedImporter) -> (Import Result ID: 'ac29e1ef4fb162481720c473c86438be') in 0.0095715 seconds [static and dynamic dependencies]. Details - ImportResultOutputID=ef49aa6eea2cff901ef6ee95c59c20ac DependenciesID=b627569ffc111d0b78fc49d0c53bc9c9 StaticDependenciesID=e85f5af613b9b937b828d4626d2f4375 
Number of updated asset objects reloaded before import = 0Number of asset objects unloaded after import = 12

========================================================================
Received Import Request.
  Time since last request: 0.000019 seconds.
  path: Assets/Enviroment/enviroment/Office building/Prefabs/Kindergarten chair Prefab.prefab
  importAddress: Guid(f06dcf5fd562e964b8e8bcc5537bf2fe) Importer(2089858483,b0f066a214c2f5e87bad3c948f4d605d)
Start importing Assets/Enviroment/enviroment/Office building/Prefabs/Kindergarten chair Prefab.prefab using Guid(f06dcf5fd562e964b8e8bcc5537bf2fe) Importer(2089858483,b0f066a214c2f5e87bad3c948f4d605d) (ScriptedImporter) -> (Import Result ID: 'a5d22161e01a2ce525bd9a15f23f552d') in 0.0051964 seconds [static and dynamic dependencies]. Details - ImportResultOutputID=1f5c1f7fa10964612557ce76615450f3 DependenciesID=6680097609f88bd9b51dae9312446bd9 StaticDependenciesID=a8daaff5732501fe33fad8feffe3c4ad 
Number of updated asset objects reloaded before import = 0Number of asset objects unloaded after import = 10

========================================================================
Received Import Request.
  Time since last request: 0.000019 seconds.
  path: Assets/LoafbrrAssets/Interiors_A/prefabs/StairParts/Wall_Stair_2m_Trim_Flipped.prefab
  importAddress: Guid(3677da2657691644788502fdf99719aa) Importer(2089858483,b0f066a214c2f5e87bad3c948f4d605d)
Start importing Assets/LoafbrrAssets/Interiors_A/prefabs/StairParts/Wall_Stair_2m_Trim_Flipped.prefab using Guid(3677da2657691644788502fdf99719aa) Importer(2089858483,b0f066a214c2f5e87bad3c948f4d605d) (ScriptedImporter) -> (Import Result ID: '4ab3bde09146b3d7c602d2be89b74705') in 0.0084247 seconds [static and dynamic dependencies]. Details - ImportResultOutputID=4bca6080df862eb29f21bce70b6925a2 DependenciesID=e931bb2eaf57d2eaddc3f6bf5d5407d2 StaticDependenciesID=0229fc42d48d011963222ad7f7025f41 
Number of updated asset objects reloaded before import = 0Number of asset objects unloaded after import = 10

========================================================================
Received Import Request.
  Time since last request: 0.000035 seconds.
  path: Assets/Enviroment/enviroment/Office building/textures/Props/used/ABC puzzle floor.png
  importAddress: Guid(156e83112f52e674b899f0d02a094c7d) Importer(2089858483,b0f066a214c2f5e87bad3c948f4d605d)
Start importing Assets/Enviroment/enviroment/Office building/textures/Props/used/ABC puzzle floor.png using Guid(156e83112f52e674b899f0d02a094c7d) Importer(2089858483,b0f066a214c2f5e87bad3c948f4d605d) (ScriptedImporter) -> (Import Result ID: '79f08c5e60d1592164cfe857899a5415') in 0.0054489 seconds [static and dynamic dependencies]. Details - ImportResultOutputID=7a7fb7de9c555f00abd693b311fb2bd6 DependenciesID=14a75147fa36e44322d9a4ff3743bbca StaticDependenciesID=35c40460726c8f1b06af8270b7931690 
Number of updated asset objects reloaded before import = 0Number of asset objects unloaded after import = 1

========================================================================
Received Import Request.
  Time since last request: 0.000014 seconds.
  path: Assets/LoafbrrAssets/Interiors_A/texture/Surface_Ceiling_B/Surface_Ceiling_B_Normal_1K.png
  importAddress: Guid(25bbe0cb9047bc347995400b08efdce4) Importer(2089858483,b0f066a214c2f5e87bad3c948f4d605d)
Start importing Assets/LoafbrrAssets/Interiors_A/texture/Surface_Ceiling_B/Surface_Ceiling_B_Normal_1K.png using Guid(25bbe0cb9047bc347995400b08efdce4) Importer(2089858483,b0f066a214c2f5e87bad3c948f4d605d) (ScriptedImporter) -> (Import Result ID: '8fb002d0bf2534a01b2e9ea732c62727') in 0.0100724 seconds [static and dynamic dependencies]. Details - ImportResultOutputID=f53a3fb45caf3627ac48ad90d310ce88 DependenciesID=2aa7160f6b7869501cda3347c991462c StaticDependenciesID=c483b4273923a862e501b8d02006e511 
Number of updated asset objects reloaded before import = 0Number of asset objects unloaded after import = 1

========================================================================
Received Import Request.
  Time since last request: 0.000019 seconds.
  path: Assets/Enviroment/enviroment/Office building/Prefabs/Window Prefab.prefab
  importAddress: Guid(825e92f1e5b55c745a191cc0957d5458) Importer(2089858483,b0f066a214c2f5e87bad3c948f4d605d)
Start importing Assets/Enviroment/enviroment/Office building/Prefabs/Window Prefab.prefab using Guid(825e92f1e5b55c745a191cc0957d5458) Importer(2089858483,b0f066a214c2f5e87bad3c948f4d605d) (ScriptedImporter) -> (Import Result ID: 'cb0f672ed507ef77d295eb13bb946dce') in 0.0104605 seconds [static and dynamic dependencies]. Details - ImportResultOutputID=85e664c2c2274cbbdd584c80f5d00f02 DependenciesID=03ccdb3b0c10e342f82afe3687d14aca StaticDependenciesID=1a425aa86356fbb2ece4d443ec1105d2 
Number of updated asset objects reloaded before import = 0Number of asset objects unloaded after import = 9

========================================================================
Received Import Request.
  Time since last request: 0.000019 seconds.
  path: Assets/Enviroment/enviroment/Office building/textures/Props/used/Computer chair.png
  importAddress: Guid(e4749485ec73c97468b368cc8b35d531) Importer(2089858483,b0f066a214c2f5e87bad3c948f4d605d)
Start importing Assets/Enviroment/enviroment/Office building/textures/Props/used/Computer chair.png using Guid(e4749485ec73c97468b368cc8b35d531) Importer(2089858483,b0f066a214c2f5e87bad3c948f4d605d) (ScriptedImporter) -> (Import Result ID: 'c135d36ff40057917e00a3970324726c') in 0.0060927 seconds [static and dynamic dependencies]. Details - ImportResultOutputID=8c43278d31b0e573e7c11661fd9ee847 DependenciesID=84e19d189ddb31f303d689056451f905 StaticDependenciesID=3a27730e3add26f811c30e3f91eb5388 
Number of updated asset objects reloaded before import = 0Number of asset objects unloaded after import = 1

========================================================================
Received Import Request.
  Time since last request: 0.000036 seconds.
  path: Assets/Enviroment/enviroment/Office building/Prefabs/Folder red prefab.prefab
  importAddress: Guid(fbf5b725007fd0b4eb57c499977f128d) Importer(2089858483,b0f066a214c2f5e87bad3c948f4d605d)
Start importing Assets/Enviroment/enviroment/Office building/Prefabs/Folder red prefab.prefab using Guid(fbf5b725007fd0b4eb57c499977f128d) Importer(2089858483,b0f066a214c2f5e87bad3c948f4d605d) (ScriptedImporter) -> (Import Result ID: 'fe3ea2062868b57db6b35bda55cefed1') in 0.0059772 seconds [static and dynamic dependencies]. Details - ImportResultOutputID=e1b73a3a31fca4ff19e4729cdfed4bd0 DependenciesID=c4c1c98895d87f9a8971758ddccadf15 StaticDependenciesID=d29e5a6b5afd5fd034ee12890adcc6af 
Number of updated asset objects reloaded before import = 0Number of asset objects unloaded after import = 10

========================================================================
Received Import Request.
  Time since last request: 0.000024 seconds.
  path: Assets/Enviroment/enviroment/Office building/meshes/Coffee cup.fbx
  importAddress: Guid(f0e8a8f9ab8b9fd43a8bdf9fb1e0e286) Importer(2089858483,b0f066a214c2f5e87bad3c948f4d605d)
Start importing Assets/Enviroment/enviroment/Office building/meshes/Coffee cup.fbx using Guid(f0e8a8f9ab8b9fd43a8bdf9fb1e0e286) Importer(2089858483,b0f066a214c2f5e87bad3c948f4d605d) (ScriptedImporter) -> (Import Result ID: '18c6baf276990a07d5faf75366462c35') in 0.0098041 seconds [static and dynamic dependencies]. Details - ImportResultOutputID=d8ee44bfc44819672b7a1bfd5eb89494 DependenciesID=20c5762069c5c7accae44a900799e5ba StaticDependenciesID=02882f9488105d4b6e649e573242dc1d 
Number of updated asset objects reloaded before import = 0Number of asset objects unloaded after import = 9

========================================================================
Received Import Request.
  Time since last request: 0.000022 seconds.
  path: Assets/LoafbrrAssets/Interiors_A/texture/Surface_Wall_A/Surface_Wall_A_Normal_1K.png
  importAddress: Guid(87a713e8008aba64e993fa67b69f2cd2) Importer(2089858483,b0f066a214c2f5e87bad3c948f4d605d)
Start importing Assets/LoafbrrAssets/Interiors_A/texture/Surface_Wall_A/Surface_Wall_A_Normal_1K.png using Guid(87a713e8008aba64e993fa67b69f2cd2) Importer(2089858483,b0f066a214c2f5e87bad3c948f4d605d) (ScriptedImporter) -> (Import Result ID: '8c19487316117af7efc74d59f1fb1dad') in 0.0087457 seconds [static and dynamic dependencies]. Details - ImportResultOutputID=be83f81bf39f66a4bad8b0001e786a15 DependenciesID=e838ee8ce8d6b19d1b8b43f143327e11 StaticDependenciesID=4c786ab7f3f8b01270a7c7e0561b480d 
Number of updated asset objects reloaded before import = 0Number of asset objects unloaded after import = 1

========================================================================
Received Import Request.
  Time since last request: 0.000028 seconds.
  path: Assets/LoafbrrAssets/Interiors_A/texture/MiscTrim/MiscTrim_ORM_1K.png
  importAddress: Guid(36cb8dc93a9f4c54e99c2ce9f3dcc913) Importer(2089858483,b0f066a214c2f5e87bad3c948f4d605d)
Start importing Assets/LoafbrrAssets/Interiors_A/texture/MiscTrim/MiscTrim_ORM_1K.png using Guid(36cb8dc93a9f4c54e99c2ce9f3dcc913) Importer(2089858483,b0f066a214c2f5e87bad3c948f4d605d) (ScriptedImporter) -> (Import Result ID: 'ab3e004b6145f7513dfcb4d29e8a4825') in 0.0096537 seconds [static and dynamic dependencies]. Details - ImportResultOutputID=e56acc94595cd26cb99039fb37778438 DependenciesID=7d2dec29c33ffcef268e34ed5fcaef5d StaticDependenciesID=4eeea71671cc1230ed19ce8be986aa98 
Number of updated asset objects reloaded before import = 0Number of asset objects unloaded after import = 1

========================================================================
Received Import Request.
  Time since last request: 0.000012 seconds.
  path: Assets/Enviroment/enviroment/Office building/material props/toilet cabine.mat
  importAddress: Guid(12e11908ce92276418e0258753323d31) Importer(2089858483,b0f066a214c2f5e87bad3c948f4d605d)
Start importing Assets/Enviroment/enviroment/Office building/material props/toilet cabine.mat using Guid(12e11908ce92276418e0258753323d31) Importer(2089858483,b0f066a214c2f5e87bad3c948f4d605d) (ScriptedImporter) -> (Import Result ID: '627a8bd360a3bf65011529198db2e7a8') in 0.0054192 seconds [static and dynamic dependencies]. Details - ImportResultOutputID=7402fc5ec0737cefe03154a797b3f195 DependenciesID=9c2e727ad3eb4221922fba4fdbaad9ec StaticDependenciesID=8fffacd35de3993d9be2f382dc73056c 
Number of updated asset objects reloaded before import = 0Number of asset objects unloaded after import = 2

========================================================================
Received Import Request.
  Time since last request: 0.000022 seconds.
  path: Assets/Enviroment/enviroment/Office building/materials Building/Enery room door.mat
  importAddress: Guid(13269f783f1cb9042ac11a5cd3603e74) Importer(2089858483,b0f066a214c2f5e87bad3c948f4d605d)
Start importing Assets/Enviroment/enviroment/Office building/materials Building/Enery room door.mat using Guid(13269f783f1cb9042ac11a5cd3603e74) Importer(2089858483,b0f066a214c2f5e87bad3c948f4d605d) (ScriptedImporter) -> (Import Result ID: '91e6526cf2d7b51bbdd88278f561e465') in 0.0044889 seconds [static and dynamic dependencies]. Details - ImportResultOutputID=b3fd4f943bad9fd1fbe7561cdf53574c DependenciesID=c2e4c93244e5f1d6b9739da370603ef5 StaticDependenciesID=07e59edf9f828891d613ef4630b79122 
Number of updated asset objects reloaded before import = 0Number of asset objects unloaded after import = 2

========================================================================
Received Import Request.
  Time since last request: 0.000016 seconds.
  path: Assets/Enviroment/enviroment/Office building/textures/Props/used/folder red.png
  importAddress: Guid(9a34be160c7ac5f4d99be6eaf39e2fac) Importer(2089858483,b0f066a214c2f5e87bad3c948f4d605d)
Start importing Assets/Enviroment/enviroment/Office building/textures/Props/used/folder red.png using Guid(9a34be160c7ac5f4d99be6eaf39e2fac) Importer(2089858483,b0f066a214c2f5e87bad3c948f4d605d) (ScriptedImporter) -> (Import Result ID: 'aa4de6b8b2134a42f982aa7f76600cc3') in 0.0060748 seconds [static and dynamic dependencies]. Details - ImportResultOutputID=10b4848e3d1fead5908653ee66f9c50a DependenciesID=184d837a2ce49a5f5ac8e243c128916c StaticDependenciesID=f53b58c779bcebfbb9c51fa6ff7ba21d 
Number of updated asset objects reloaded before import = 0Number of asset objects unloaded after import = 1

========================================================================
Received Import Request.
  Time since last request: 0.000027 seconds.
  path: Assets/Enviroment/enviroment/Office building/textures/out facade 1.png
  importAddress: Guid(5e16dfb3058fe584bacbb3fc050d0900) Importer(2089858483,b0f066a214c2f5e87bad3c948f4d605d)
Start importing Assets/Enviroment/enviroment/Office building/textures/out facade 1.png using Guid(5e16dfb3058fe584bacbb3fc050d0900) Importer(2089858483,b0f066a214c2f5e87bad3c948f4d605d) (ScriptedImporter) -> (Import Result ID: '23b4e65ffd92b394591d45267fe2863d') in 0.0072705 seconds [static and dynamic dependencies]. Details - ImportResultOutputID=6c771a9b9533a0da249412c39cc3dd14 DependenciesID=d7cd0c1e1caf7e5918aec62fffa5b421 StaticDependenciesID=b41a88d32f0b8d4d808eb1920ca854ac 
Number of updated asset objects reloaded before import = 0Number of asset objects unloaded after import = 1

========================================================================
Received Import Request.
  Time since last request: 0.000013 seconds.
  path: Assets/LoafbrrAssets/Interiors_A/prefabs/wall/Wall_3m_Door_B.prefab
  importAddress: Guid(3cd0415445dd2d546ae748985958a8fa) Importer(2089858483,b0f066a214c2f5e87bad3c948f4d605d)
Start importing Assets/LoafbrrAssets/Interiors_A/prefabs/wall/Wall_3m_Door_B.prefab using Guid(3cd0415445dd2d546ae748985958a8fa) Importer(2089858483,b0f066a214c2f5e87bad3c948f4d605d) (ScriptedImporter) -> (Import Result ID: '7375c5c441bc59acfd4f5fafaeb53c41') in 0.0092031 seconds [static and dynamic dependencies]. Details - ImportResultOutputID=0ab8cafc26d044976eb8d8b3b37aff50 DependenciesID=8e9f331921ea815b4896ac04fb37a9f2 StaticDependenciesID=e266cb8e1ac161210b319f784403e157 
Number of updated asset objects reloaded before import = 0Number of asset objects unloaded after import = 10

========================================================================
Received Import Request.
  Time since last request: 0.000049 seconds.
  path: Assets/Enviroment/enviroment/Office building/meshes/lobby table.fbx
  importAddress: Guid(c5576d09fbfa4774e937eb472ececd2b) Importer(2089858483,b0f066a214c2f5e87bad3c948f4d605d)
Start importing Assets/Enviroment/enviroment/Office building/meshes/lobby table.fbx using Guid(c5576d09fbfa4774e937eb472ececd2b) Importer(2089858483,b0f066a214c2f5e87bad3c948f4d605d) (ScriptedImporter) -> (Import Result ID: 'd090d815066d94daa45a2aa7470ab736') in 0.0096577 seconds [static and dynamic dependencies]. Details - ImportResultOutputID=20397447723186f63e283af906631fb3 DependenciesID=cc9b8eb0cf89f63913cdf078e0ac1266 StaticDependenciesID=618fb172ba3084168d3e66117f4b40d5 
Number of updated asset objects reloaded before import = 0Number of asset objects unloaded after import = 9

========================================================================
Received Import Request.
  Time since last request: 0.000017 seconds.
  path: Assets/LoafbrrAssets/Interiors_A/prefabs/wall/Wall_2m_Vent_A.prefab
  importAddress: Guid(ebfd8c61f08f65243a3325350f6d87e9) Importer(2089858483,b0f066a214c2f5e87bad3c948f4d605d)
Start importing Assets/LoafbrrAssets/Interiors_A/prefabs/wall/Wall_2m_Vent_A.prefab using Guid(ebfd8c61f08f65243a3325350f6d87e9) Importer(2089858483,b0f066a214c2f5e87bad3c948f4d605d) (ScriptedImporter) -> (Import Result ID: 'e03fefb6db3bca11f04a7c58d36301e9') in 0.0082878 seconds [static and dynamic dependencies]. Details - ImportResultOutputID=3f880de88f44fd70835907c28132d7e7 DependenciesID=0904b25fc17b92f349814a3dae99119e StaticDependenciesID=3a99925518d6d6b6ee65cb532fde1fb8 
Number of updated asset objects reloaded before import = 0Number of asset objects unloaded after import = 11

========================================================================
Received Import Request.
  Time since last request: 0.000032 seconds.
  path: Assets/Enviroment/enviroment/Office building/textures/Elevator emission graphics/Elevator Light On.png
  importAddress: Guid(a3fe2e9c7edcbca49aa9660496af7af2) Importer(2089858483,b0f066a214c2f5e87bad3c948f4d605d)
Start importing Assets/Enviroment/enviroment/Office building/textures/Elevator emission graphics/Elevator Light On.png using Guid(a3fe2e9c7edcbca49aa9660496af7af2) Importer(2089858483,b0f066a214c2f5e87bad3c948f4d605d) (ScriptedImporter) -> (Import Result ID: 'd5bc24721092756e2a1542bd416c1f0b') in 0.0088512 seconds [static and dynamic dependencies]. Details - ImportResultOutputID=a85f926ad37c5f69c8162e7bdd649713 DependenciesID=cf54b011ae97fd0189e8bc0d1c148a8c StaticDependenciesID=0434585002f3c9eb97aafca3bbfa2b64 
Number of updated asset objects reloaded before import = 0Number of asset objects unloaded after import = 1

========================================================================
Received Import Request.
  Time since last request: 0.000016 seconds.
  path: Assets/Enviroment/enviroment/Office building/textures/Props
  importAddress: Guid(46cdb365d00dae14daa86b8edf509ed0) Importer(2089858483,b0f066a214c2f5e87bad3c948f4d605d)
Start importing Assets/Enviroment/enviroment/Office building/textures/Props using Guid(46cdb365d00dae14daa86b8edf509ed0) Importer(2089858483,b0f066a214c2f5e87bad3c948f4d605d) (ScriptedImporter) -> (Import Result ID: '8f423dc0a5a9dc8cbbf8b3287e06b262') in 0.0034547 seconds [static and dynamic dependencies]. Details - ImportResultOutputID=295fd21b8ba63d1cc1c9d4f125c46c5a DependenciesID=604226730f8d83ef2be70f1872a37e14 StaticDependenciesID=f49bb4f38321de620bec759c75dbaf68 
Number of updated asset objects reloaded before import = 0Number of asset objects unloaded after import = 1

========================================================================
Received Import Request.
  Time since last request: 0.000018 seconds.
  path: Assets/Enviroment/enviroment/Office building/material props/Fridge.mat
  importAddress: Guid(aa73e3d5f0986f84ea786e033c686da3) Importer(2089858483,b0f066a214c2f5e87bad3c948f4d605d)
Start importing Assets/Enviroment/enviroment/Office building/material props/Fridge.mat using Guid(aa73e3d5f0986f84ea786e033c686da3) Importer(2089858483,b0f066a214c2f5e87bad3c948f4d605d) (ScriptedImporter) -> (Import Result ID: 'eb7fbbf5cd2a4a01604a0c46e076465f') in 0.0045187 seconds [static and dynamic dependencies]. Details - ImportResultOutputID=52961d5e3dece92b6099174086498e3e DependenciesID=9c556045c3d36d3754d9bf01d319e798 StaticDependenciesID=1bbe1b912739ee351c9326e14e7eaf03 
Number of updated asset objects reloaded before import = 0Number of asset objects unloaded after import = 2

========================================================================
Received Import Request.
  Time since last request: 0.000015 seconds.
  path: Assets/LoafbrrAssets/Interiors_A/texture/Door/Door_Normal_1K.png
  importAddress: Guid(d5b75e6a99a665343aa98eee2eddeb17) Importer(2089858483,b0f066a214c2f5e87bad3c948f4d605d)
Start importing Assets/LoafbrrAssets/Interiors_A/texture/Door/Door_Normal_1K.png using Guid(d5b75e6a99a665343aa98eee2eddeb17) Importer(2089858483,b0f066a214c2f5e87bad3c948f4d605d) (ScriptedImporter) -> (Import Result ID: '1ef310461d375f4280ccdba1a73a6b49') in 0.0073615 seconds [static and dynamic dependencies]. Details - ImportResultOutputID=ab17fbd01e84c9f9436821496b56120d DependenciesID=bdeba86a2a3b51dca7decdfaf5ba780b StaticDependenciesID=16298390d276e6843fbe9feb61c5cabc 
Number of updated asset objects reloaded before import = 0Number of asset objects unloaded after import = 1

========================================================================
Received Import Request.
  Time since last request: 0.000016 seconds.
  path: Assets/LoafbrrAssets/Interiors_A/prefabs/Floor/Floor_2x2.prefab
  importAddress: Guid(9579eec8368de3d43bc204d2b9c58ae2) Importer(2089858483,b0f066a214c2f5e87bad3c948f4d605d)
Start importing Assets/LoafbrrAssets/Interiors_A/prefabs/Floor/Floor_2x2.prefab using Guid(9579eec8368de3d43bc204d2b9c58ae2) Importer(2089858483,b0f066a214c2f5e87bad3c948f4d605d) (ScriptedImporter) -> (Import Result ID: '28a90ef8b51256a736d64584c4e5cbcb') in 0.0097933 seconds [static and dynamic dependencies]. Details - ImportResultOutputID=35d3bd4ba5297fd61966565d4de3f815 DependenciesID=71f96edbb9f3bf60497c9d74f8da4030 StaticDependenciesID=2f1fcf36790b702dce92f82e18515fe8 
Number of updated asset objects reloaded before import = 0Number of asset objects unloaded after import = 11

========================================================================
Received Import Request.
  Time since last request: 0.000019 seconds.
  path: Assets/LoafbrrAssets/Interiors_A/prefabs/StairParts/Wall_Stair_1m.prefab
  importAddress: Guid(58a01b0bd4132b8468880796a4aa94af) Importer(2089858483,b0f066a214c2f5e87bad3c948f4d605d)
Start importing Assets/LoafbrrAssets/Interiors_A/prefabs/StairParts/Wall_Stair_1m.prefab using Guid(58a01b0bd4132b8468880796a4aa94af) Importer(2089858483,b0f066a214c2f5e87bad3c948f4d605d) (ScriptedImporter) -> (Import Result ID: '4dee2966a807e448b45f382e38bc115a') in 0.0087923 seconds [static and dynamic dependencies]. Details - ImportResultOutputID=649b197f7ad81da5452ffc96bfb64e15 DependenciesID=ec2be40bb356706a9f46e5e9dd0d505e StaticDependenciesID=640531e8e75492b67e10da6e7a68df1f 
Number of updated asset objects reloaded before import = 0Number of asset objects unloaded after import = 10

========================================================================
Received Import Request.
  Time since last request: 0.000019 seconds.
  path: Assets/Enviroment/enviroment/Office building/material props/Kitchen Table A.mat
  importAddress: Guid(815f4d8fe19edb04ca9a680efa8b8855) Importer(2089858483,b0f066a214c2f5e87bad3c948f4d605d)
Start importing Assets/Enviroment/enviroment/Office building/material props/Kitchen Table A.mat using Guid(815f4d8fe19edb04ca9a680efa8b8855) Importer(2089858483,b0f066a214c2f5e87bad3c948f4d605d) (ScriptedImporter) -> (Import Result ID: '651451be9afbdecc346da83efeba7d19') in 0.006062 seconds [static and dynamic dependencies]. Details - ImportResultOutputID=0d0427c40ab5d4de34e6cf7524ab967b DependenciesID=59a1d0a00331fdf4a040f64acef8c43a StaticDependenciesID=6e6bcf8a64fe285981ef2a10234acc8e 
Number of updated asset objects reloaded before import = 0Number of asset objects unloaded after import = 2

========================================================================
Received Import Request.
  Time since last request: 0.000033 seconds.
  path: Assets/Enviroment/enviroment/Office building/textures/lamps/emission/Lamp B OFF emission.png
  importAddress: Guid(a3c718c7fab7f284b9f5814eefea1d5b) Importer(2089858483,b0f066a214c2f5e87bad3c948f4d605d)
Start importing Assets/Enviroment/enviroment/Office building/textures/lamps/emission/Lamp B OFF emission.png using Guid(a3c718c7fab7f284b9f5814eefea1d5b) Importer(2089858483,b0f066a214c2f5e87bad3c948f4d605d) (ScriptedImporter) -> (Import Result ID: 'b5ae19c952c538323804f8aba9a2f8b8') in 0.0050645 seconds [static and dynamic dependencies]. Details - ImportResultOutputID=ca0eb40682f8e3d8c21bd62f43b21698 DependenciesID=6a5ad1a86b8cb2d0c504e70839ed3e77 StaticDependenciesID=ed88028f2d98790abd4f80a0dd0153c9 
Number of updated asset objects reloaded before import = 0Number of asset objects unloaded after import = 1

========================================================================
Received Import Request.
  Time since last request: 0.000022 seconds.
  path: Assets/LoafbrrAssets/Interiors_A/prefabs/StairParts/Stair_Rail_Post_b.prefab
  importAddress: Guid(419d4a116ce695b4fab1f08e9eb8ab96) Importer(2089858483,b0f066a214c2f5e87bad3c948f4d605d)
Start importing Assets/LoafbrrAssets/Interiors_A/prefabs/StairParts/Stair_Rail_Post_b.prefab using Guid(419d4a116ce695b4fab1f08e9eb8ab96) Importer(2089858483,b0f066a214c2f5e87bad3c948f4d605d) (ScriptedImporter) -> (Import Result ID: '7dfa4d4048dbb58093971c0164221ec8') in 0.0105316 seconds [static and dynamic dependencies]. Details - ImportResultOutputID=450ff301af3a7180f8e7d96894514072 DependenciesID=2cf6d1ce27b49c945b73b2bfb4ac80e8 StaticDependenciesID=f4bb5b035722593bbf7796aeaf947896 
Number of updated asset objects reloaded before import = 0Number of asset objects unloaded after import = 10

========================================================================
Received Import Request.
  Time since last request: 0.000019 seconds.
  path: Assets/LoafbrrAssets/Interiors_A/prefabs/Floor/Floor_3x2_1Side.prefab
  importAddress: Guid(21f90bebff6c4964cbcebcf1cb518ea6) Importer(2089858483,b0f066a214c2f5e87bad3c948f4d605d)
Start importing Assets/LoafbrrAssets/Interiors_A/prefabs/Floor/Floor_3x2_1Side.prefab using Guid(21f90bebff6c4964cbcebcf1cb518ea6) Importer(2089858483,b0f066a214c2f5e87bad3c948f4d605d) (ScriptedImporter) -> (Import Result ID: 'e8f7024b88844980f90315b7b81cbaf9') in 0.0094744 seconds [static and dynamic dependencies]. Details - ImportResultOutputID=46843eb7b73354d6bfd9575efdb6ddea DependenciesID=706f6a0eb7eb792cbe7a06a2201d91a2 StaticDependenciesID=8306f656e18e1594919c0d4048d25f56 
Number of updated asset objects reloaded before import = 0Number of asset objects unloaded after import = 10

========================================================================
Received Import Request.
  Time since last request: 0.000013 seconds.
  path: Assets/LoafbrrAssets/Interiors_A/texture/Surface_Floor_B/Surface_Floor_B_ORM_1K.png
  importAddress: Guid(b25f313b386ce4b448364f236c31d6dc) Importer(2089858483,b0f066a214c2f5e87bad3c948f4d605d)
Start importing Assets/LoafbrrAssets/Interiors_A/texture/Surface_Floor_B/Surface_Floor_B_ORM_1K.png using Guid(b25f313b386ce4b448364f236c31d6dc) Importer(2089858483,b0f066a214c2f5e87bad3c948f4d605d) (ScriptedImporter) -> (Import Result ID: '7044e38b1d30f0a185d0474b44a547f9') in 0.0336702 seconds [static and dynamic dependencies]. Details - ImportResultOutputID=102da2a2f4b52b544e09f7eb5bcdceaf DependenciesID=2c69c1762f71915f7fbea2a7d795fd91 StaticDependenciesID=ab4d9ad49dd0597fed3a9be9821771d8 
Number of updated asset objects reloaded before import = 0Number of asset objects unloaded after import = 1

========================================================================
Received Import Request.
  Time since last request: 0.000015 seconds.
  path: Assets/Scenes/Settings/PC_Renderer.asset
  importAddress: Guid(f288ae1f4751b564a96ac7587541f7a2) Importer(2089858483,b0f066a214c2f5e87bad3c948f4d605d)
Start importing Assets/Scenes/Settings/PC_Renderer.asset using Guid(f288ae1f4751b564a96ac7587541f7a2) Importer(2089858483,b0f066a214c2f5e87bad3c948f4d605d) (ScriptedImporter) -> (Import Result ID: '5b13483877a97428297e8cc1c5a67af1') in 0.024379 seconds [static and dynamic dependencies]. Details - ImportResultOutputID=4b792edd8f097d9e464f8666532198a6 DependenciesID=9f8289851adaa113518deec5675f4ebc StaticDependenciesID=800f54a1895bf0f2aa1bb0ef00a7c525 
Number of updated asset objects reloaded before import = 0Number of asset objects unloaded after import = 1

========================================================================
Received Import Request.
  Time since last request: 0.000019 seconds.
  path: Assets/Enviroment/enviroment/Office building/Prefabs/Cupboard Prefab.prefab
  importAddress: Guid(4eba7747850446642b66b7de50916792) Importer(2089858483,b0f066a214c2f5e87bad3c948f4d605d)
Start importing Assets/Enviroment/enviroment/Office building/Prefabs/Cupboard Prefab.prefab using Guid(4eba7747850446642b66b7de50916792) Importer(2089858483,b0f066a214c2f5e87bad3c948f4d605d) (ScriptedImporter) -> (Import Result ID: 'c38a6b110acec4d451b7bd10f39031f7') in 0.003586 seconds [static and dynamic dependencies]. Details - ImportResultOutputID=00e3b1300c1f24446d000772915fe2b8 DependenciesID=d51377ef6e19eed6b5ac06f730062eb3 StaticDependenciesID=c6401486db6744fce0e057896b36964c 
Number of updated asset objects reloaded before import = 0Number of asset objects unloaded after import = 10

========================================================================
Received Import Request.
  Time since last request: 0.000023 seconds.
  path: Assets/Enviroment/enviroment/Office building/textures/Props/used/Kitchen Table B.png
  importAddress: Guid(6a3d9d2a66c92bc4c9813c8fdb6c5666) Importer(2089858483,b0f066a214c2f5e87bad3c948f4d605d)
Start importing Assets/Enviroment/enviroment/Office building/textures/Props/used/Kitchen Table B.png using Guid(6a3d9d2a66c92bc4c9813c8fdb6c5666) Importer(2089858483,b0f066a214c2f5e87bad3c948f4d605d) (ScriptedImporter) -> (Import Result ID: '008fcecfae35fdc5adf5c6adf66f7b0f') in 0.0056807 seconds [static and dynamic dependencies]. Details - ImportResultOutputID=4ae0d507eb40a36949105a745c4d0210 DependenciesID=761fe5bbbbba816918f3e31ae34a4852 StaticDependenciesID=ec60b99b9032cdc5cb13951840df6e6a 
Number of updated asset objects reloaded before import = 0Number of asset objects unloaded after import = 1

========================================================================
Received Import Request.
  Time since last request: 0.000014 seconds.
  path: Assets/Scenes/Settings/Mobile_Renderer.asset
  importAddress: Guid(65bc7dbf4170f435aa868c779acfb082) Importer(2089858483,b0f066a214c2f5e87bad3c948f4d605d)
Start importing Assets/Scenes/Settings/Mobile_Renderer.asset using Guid(65bc7dbf4170f435aa868c779acfb082) Importer(2089858483,b0f066a214c2f5e87bad3c948f4d605d) (ScriptedImporter) -> (Import Result ID: '2488e71c5510e78674ac557e0790ae89') in 0.0045607 seconds [static and dynamic dependencies]. Details - ImportResultOutputID=8d3e45bea0c7ea58bf2abcad22e40ccf DependenciesID=69c5cb0baadcba0481cec1c58955c97b StaticDependenciesID=26eae6fb2e182c755759d1ab226e9b51 
Number of updated asset objects reloaded before import = 0Number of asset objects unloaded after import = 1

========================================================================
Received Import Request.
  Time since last request: 0.000023 seconds.
  path: Assets/LoafbrrAssets/Interiors_A/prefabs/StairParts/Stair_Rail_1m.prefab
  importAddress: Guid(8b92f31496f8c854495a6c09c0f877a3) Importer(2089858483,b0f066a214c2f5e87bad3c948f4d605d)
Start importing Assets/LoafbrrAssets/Interiors_A/prefabs/StairParts/Stair_Rail_1m.prefab using Guid(8b92f31496f8c854495a6c09c0f877a3) Importer(2089858483,b0f066a214c2f5e87bad3c948f4d605d) (ScriptedImporter) -> (Import Result ID: '8aeb269eb428255acc52669d8768fa2c') in 0.008948 seconds [static and dynamic dependencies]. Details - ImportResultOutputID=1590cdcb34de9d04f7d53654f95d107a DependenciesID=df23097eae5c83b6ab367a367043f5aa StaticDependenciesID=787f6b0e766dfd2f8d72e2d434b35044 
Number of updated asset objects reloaded before import = 0Number of asset objects unloaded after import = 10

========================================================================
Received Import Request.
  Time since last request: 0.000020 seconds.
  path: Assets/LoafbrrAssets/Interiors_A/materials/Surface_Floor_B 1.mat
  importAddress: Guid(f54cd4b4f727e4740a59ea72c6091e8a) Importer(2089858483,b0f066a214c2f5e87bad3c948f4d605d)
Start importing Assets/LoafbrrAssets/Interiors_A/materials/Surface_Floor_B 1.mat using Guid(f54cd4b4f727e4740a59ea72c6091e8a) Importer(2089858483,b0f066a214c2f5e87bad3c948f4d605d) (ScriptedImporter) -> (Import Result ID: 'c877a583e92f42f4fbbfba4225de6463') in 0.0150676 seconds [static and dynamic dependencies]. Details - ImportResultOutputID=676bfa5200c48bb14e896e8325014eb9 DependenciesID=f13d07b9cf4ea4890db0fb2620f5f779 StaticDependenciesID=11b5d6a20bfd5a2b93a791625224d674 
Number of updated asset objects reloaded before import = 0Number of asset objects unloaded after import = 9

========================================================================
Received Import Request.
  Time since last request: 0.000028 seconds.
  path: Assets/LoafbrrAssets/Interiors_A/texture/Surface_Ceiling_A/Surface_Ceiling_A_Diffuse_2K_B.png
  importAddress: Guid(b24a0d2b59b33ab498f75f0f034cf2ce) Importer(2089858483,b0f066a214c2f5e87bad3c948f4d605d)
Start importing Assets/LoafbrrAssets/Interiors_A/texture/Surface_Ceiling_A/Surface_Ceiling_A_Diffuse_2K_B.png using Guid(b24a0d2b59b33ab498f75f0f034cf2ce) Importer(2089858483,b0f066a214c2f5e87bad3c948f4d605d) (ScriptedImporter) -> (Import Result ID: 'bda05a86deb00dda5bd4e9d29a20df7f') in 0.0094783 seconds [static and dynamic dependencies]. Details - ImportResultOutputID=8f8dc54e12135a78f80164078fc3f0f1 DependenciesID=3412eb70f31f80c9cee652cba72daf49 StaticDependenciesID=a8af2a5aa915a790dd14288c50250dbf 
Number of updated asset objects reloaded before import = 0Number of asset objects unloaded after import = 1

========================================================================
Received Import Request.
  Time since last request: 0.000025 seconds.
  path: Assets/Enviroment/enviroment/Office building/textures/Props/used/note block.png
  importAddress: Guid(8fe51d8e5d8a2754ea83c93ccc15ffe4) Importer(2089858483,b0f066a214c2f5e87bad3c948f4d605d)
Start importing Assets/Enviroment/enviroment/Office building/textures/Props/used/note block.png using Guid(8fe51d8e5d8a2754ea83c93ccc15ffe4) Importer(2089858483,b0f066a214c2f5e87bad3c948f4d605d) (ScriptedImporter) -> (Import Result ID: 'c01e7fddb9f6246e1788f7b192032c99') in 0.0080264 seconds [static and dynamic dependencies]. Details - ImportResultOutputID=16134508321cc2266d273c910b023b81 DependenciesID=2769777b216efa70ea72951d0ceea3ba StaticDependenciesID=909deb4ba4c559ac2a88cc567b97ac5c 
Number of updated asset objects reloaded before import = 0Number of asset objects unloaded after import = 1

========================================================================
Received Import Request.
  Time since last request: 0.000020 seconds.
  path: Assets/LoafbrrAssets/Interiors_A/prefabs/Floor/Floor_Edge_Corner_A.prefab
  importAddress: Guid(5d3ead9f904a839438fa8f7132d8eab1) Importer(2089858483,b0f066a214c2f5e87bad3c948f4d605d)
Start importing Assets/LoafbrrAssets/Interiors_A/prefabs/Floor/Floor_Edge_Corner_A.prefab using Guid(5d3ead9f904a839438fa8f7132d8eab1) Importer(2089858483,b0f066a214c2f5e87bad3c948f4d605d) (ScriptedImporter) -> (Import Result ID: '066f15f6d1ad8785ab4cdd35ece37af3') in 0.0094982 seconds [static and dynamic dependencies]. Details - ImportResultOutputID=75c139b01183be3250a9861b28a5b882 DependenciesID=534b7314e5a8b0577ecef9ee0b220a1c StaticDependenciesID=6b43cb4e35a2c9bbf0215de6b2749adc 
Number of updated asset objects reloaded before import = 0Number of asset objects unloaded after import = 11

========================================================================
Received Import Request.
  Time since last request: 0.000030 seconds.
  path: Assets/LoafbrrAssets/Interiors_A/prefabs/wall/Wall_2m_Window_A.prefab
  importAddress: Guid(880f9ed73872df849a392fb43e2de66d) Importer(2089858483,b0f066a214c2f5e87bad3c948f4d605d)
Start importing Assets/LoafbrrAssets/Interiors_A/prefabs/wall/Wall_2m_Window_A.prefab using Guid(880f9ed73872df849a392fb43e2de66d) Importer(2089858483,b0f066a214c2f5e87bad3c948f4d605d) (ScriptedImporter) -> (Import Result ID: 'f88e40d12c11631dd010296f009254d6') in 0.0080451 seconds [static and dynamic dependencies]. Details - ImportResultOutputID=1a430b5f25c88ea72b835bef69ea65d9 DependenciesID=0dd13d71c0d2a841547e2eab9da559a7 StaticDependenciesID=fb1c82c3c27f550e798a118678973e8d 
Number of updated asset objects reloaded before import = 0Number of asset objects unloaded after import = 12

========================================================================
Received Import Request.
  Time since last request: 0.000029 seconds.
  path: Assets/Enviroment/enviroment/Office building/textures/Props/used/Office chair.001.png
  importAddress: Guid(37506b21e4195c744a5ec3ae0d903c60) Importer(2089858483,b0f066a214c2f5e87bad3c948f4d605d)
Start importing Assets/Enviroment/enviroment/Office building/textures/Props/used/Office chair.001.png using Guid(37506b21e4195c744a5ec3ae0d903c60) Importer(2089858483,b0f066a214c2f5e87bad3c948f4d605d) (ScriptedImporter) -> (Import Result ID: 'e0d696998d7ac822e445cbc775ed1327') in 0.0076956 seconds [static and dynamic dependencies]. Details - ImportResultOutputID=14138439ef5459782c8b0733c7eba34f DependenciesID=305f01a653ca6954653f9d314f0cc610 StaticDependenciesID=5761c37d3716c25e2bf47f5e0408634a 
Number of updated asset objects reloaded before import = 0Number of asset objects unloaded after import = 1

========================================================================
Received Import Request.
  Time since last request: 0.000015 seconds.
  path: Assets/LoafbrrAssets/Interiors_A/prefabs/wall/Wall_Edge_1m.prefab
  importAddress: Guid(29699cc66965c834bab2ff0ecd7cb802) Importer(2089858483,b0f066a214c2f5e87bad3c948f4d605d)
Start importing Assets/LoafbrrAssets/Interiors_A/prefabs/wall/Wall_Edge_1m.prefab using Guid(29699cc66965c834bab2ff0ecd7cb802) Importer(2089858483,b0f066a214c2f5e87bad3c948f4d605d) (ScriptedImporter) -> (Import Result ID: '2750af66427c258eb0ed8369ab1eb3c3') in 0.0086553 seconds [static and dynamic dependencies]. Details - ImportResultOutputID=c57fc71f65ed7813f773ec2b1c6124c8 DependenciesID=e6b4ca461eb996f353821f1cd25dfbb3 StaticDependenciesID=413fbc4c6103a2472d2eb3a312b1b9bb 
Number of updated asset objects reloaded before import = 0Number of asset objects unloaded after import = 10

========================================================================
Received Import Request.
  Time since last request: 0.000018 seconds.
  path: Assets/LoafbrrAssets/Interiors_A/prefabs/wall/Wall_3m_Window_F.prefab
  importAddress: Guid(3c046b74c4e576e458923467785c2366) Importer(2089858483,b0f066a214c2f5e87bad3c948f4d605d)
Start importing Assets/LoafbrrAssets/Interiors_A/prefabs/wall/Wall_3m_Window_F.prefab using Guid(3c046b74c4e576e458923467785c2366) Importer(2089858483,b0f066a214c2f5e87bad3c948f4d605d) (ScriptedImporter) -> (Import Result ID: '59c1b38491ff0248f6f760c502976be6') in 0.0119797 seconds [static and dynamic dependencies]. Details - ImportResultOutputID=6a48d6363eca92f4040018573f33103e DependenciesID=c32a89070b9d9503d05a1077302efee8 StaticDependenciesID=75c6870119937ad6b18deb4cd3155276 
Number of updated asset objects reloaded before import = 0Number of asset objects unloaded after import = 12

========================================================================
Received Import Request.
  Time since last request: 0.000014 seconds.
  path: Assets/Enviroment/enviroment/Office building/textures/Props/used/Server.png
  importAddress: Guid(d14a67e65c77c1045ae0f2ed55fb5f0c) Importer(2089858483,b0f066a214c2f5e87bad3c948f4d605d)
Start importing Assets/Enviroment/enviroment/Office building/textures/Props/used/Server.png using Guid(d14a67e65c77c1045ae0f2ed55fb5f0c) Importer(2089858483,b0f066a214c2f5e87bad3c948f4d605d) (ScriptedImporter) -> (Import Result ID: '8cb1db1fd34a4f3ab44cef18fc53e12a') in 0.0087648 seconds [static and dynamic dependencies]. Details - ImportResultOutputID=80d00c28b13200c72359c4a972852c80 DependenciesID=8c60ed3fee755cf8768a213e8a78f6e4 StaticDependenciesID=4d529c6f24d6ad85d8c3914dfca8e9db 
Number of updated asset objects reloaded before import = 0Number of asset objects unloaded after import = 1

========================================================================
Received Import Request.
  Time since last request: 0.000028 seconds.
  path: Assets/LoafbrrAssets/Interiors_A/prefabs/StairSet/Stairs_2m_D_Grp.prefab
  importAddress: Guid(0305065e0017dcd4fa97492a83f7f8d6) Importer(2089858483,b0f066a214c2f5e87bad3c948f4d605d)
Start importing Assets/LoafbrrAssets/Interiors_A/prefabs/StairSet/Stairs_2m_D_Grp.prefab using Guid(0305065e0017dcd4fa97492a83f7f8d6) Importer(2089858483,b0f066a214c2f5e87bad3c948f4d605d) (ScriptedImporter) -> (Import Result ID: 'a3dbc914bb8b0bdf91e30db3096ca16e') in 0.0064303 seconds [static and dynamic dependencies]. Details - ImportResultOutputID=6ccc1ed5f4abd937aa35e1da1becb480 DependenciesID=7d1b505e8e4458747b3b5cc197b4a7af StaticDependenciesID=2f12a356ca93d6b8df7d8320f759032c 
Number of updated asset objects reloaded before import = 0Number of asset objects unloaded after import = 34

========================================================================
Received Import Request.
  Time since last request: 0.000020 seconds.
  path: Assets/LoafbrrAssets/Interiors_A/prefabs/Floor/Floor_2x3_1Side.prefab
  importAddress: Guid(7f0fe92fe23de304fb07e332c08a0844) Importer(2089858483,b0f066a214c2f5e87bad3c948f4d605d)
Start importing Assets/LoafbrrAssets/Interiors_A/prefabs/Floor/Floor_2x3_1Side.prefab using Guid(7f0fe92fe23de304fb07e332c08a0844) Importer(2089858483,b0f066a214c2f5e87bad3c948f4d605d) (ScriptedImporter) -> (Import Result ID: 'cb52800970961119930736d4d26dfe91') in 0.0088622 seconds [static and dynamic dependencies]. Details - ImportResultOutputID=b3903cb2c947c4a6ce5aa7ca45dc39f4 DependenciesID=79087d1ad03e9fa1763a0521046dca14 StaticDependenciesID=9984f7ae3f53ed6eb932a5097347987b 
Number of updated asset objects reloaded before import = 0Number of asset objects unloaded after import = 10

========================================================================
Received Import Request.
  Time since last request: 0.000029 seconds.
  path: Assets/LoafbrrAssets/Interiors_A/prefabs/Decal/Decal_Grate_3m.prefab
  importAddress: Guid(cec8226a446fed74294aa26297b94530) Importer(2089858483,b0f066a214c2f5e87bad3c948f4d605d)
Start importing Assets/LoafbrrAssets/Interiors_A/prefabs/Decal/Decal_Grate_3m.prefab using Guid(cec8226a446fed74294aa26297b94530) Importer(2089858483,b0f066a214c2f5e87bad3c948f4d605d) (ScriptedImporter) -> (Import Result ID: '13a77e5e0a68eecddc81751d75272899') in 0.0090767 seconds [static and dynamic dependencies]. Details - ImportResultOutputID=3155674bdf69aea413987c4dfb692442 DependenciesID=0f19e69f3bfb7c8fc6bec1967c71d269 StaticDependenciesID=6ce1e1326afb25cbd68f6091fef1498b 
Number of updated asset objects reloaded before import = 0Number of asset objects unloaded after import = 9

========================================================================
Received Import Request.
  Time since last request: 0.000042 seconds.
  path: Assets/LoafbrrAssets/Interiors_A/README.txt
  importAddress: Guid(4238d991963a21847acecef6998e5c9d) Importer(2089858483,b0f066a214c2f5e87bad3c948f4d605d)
Start importing Assets/LoafbrrAssets/Interiors_A/README.txt using Guid(4238d991963a21847acecef6998e5c9d) Importer(2089858483,b0f066a214c2f5e87bad3c948f4d605d) (ScriptedImporter) -> (Import Result ID: '34fa1566f65f78c5224d6110574e152d') in 0.00304 seconds [static and dynamic dependencies]. Details - ImportResultOutputID=b23e7252e5f6e796953cc340da6151cf DependenciesID=66f56610564d36d413280de2128068bb StaticDependenciesID=7e7aad352b148f500521469a58f2bb9f 
Number of updated asset objects reloaded before import = 0Number of asset objects unloaded after import = 1

========================================================================
Received Import Request.
  Time since last request: 0.000015 seconds.
  path: Assets/LoafbrrAssets/Interiors_A/prefabs/Decal/Decal_Tape_Danger_3m.prefab
  importAddress: Guid(9a9cd31a6831fef4fb4552c14693a04f) Importer(2089858483,b0f066a214c2f5e87bad3c948f4d605d)
Start importing Assets/LoafbrrAssets/Interiors_A/prefabs/Decal/Decal_Tape_Danger_3m.prefab using Guid(9a9cd31a6831fef4fb4552c14693a04f) Importer(2089858483,b0f066a214c2f5e87bad3c948f4d605d) (ScriptedImporter) -> (Import Result ID: '3adaa4014bad7170c44bdbb3c129c527') in 0.0085085 seconds [static and dynamic dependencies]. Details - ImportResultOutputID=fe819fe11604d81588a2160757450a36 DependenciesID=9a2cfc68ff798942d14119a11fc86286 StaticDependenciesID=d32d5d28d55916f6b00b000dc713c810 
Number of updated asset objects reloaded before import = 0Number of asset objects unloaded after import = 9

Editor requested this worker to shutdown with reason: Scaling down because of idle timeout
AssetImportWorker is now disconnected from the server
Process exiting
Exiting without the bug reporter. Application will terminate with return code 0