[Licensing::Module] Trying to connect to existing licensing client channel...
[Licensing::IpcConnector] Successfully connected to: "LicenseClient-LOQ" at "2026-06-17T17:28:17.8998215Z"
Built from '6000.4/staging' branch; Version is '6000.4.6f1 (0b051c2e5d54) revision 722204'; Using compiler version '194234433'; Build Type 'Release'
OS: 'Windows 11  (10.0.26200) CoreSingleLanguage' Language: 'en' Physical Memory: 16091 MB
BatchMode: 1, IsHumanControllingUs: 0, StartBugReporterOnCrash: 0, Is64bit: 1
System  architecture: x64
Process architecture: x64
Date: 2026-06-17T17:28:17Z

COMMAND LINE ARGUMENTS:
C:\Program Files\Unity\Hub\Editor\6000.4.6f1\Editor\Unity.exe
-adb2
-batchMode
-noUpm
-name
AssetImportWorker4
-projectPath
D:/Kuliah/Virtual Reality/3d-elevator-system
-logFile
Logs/AssetImportWorker4.log
-srvPort
54724
-licensingIpc
LicenseClient-LOQ
-force-d3d12
-job-worker-count
7
-background-job-worker-count
8
-gc-helper-count
1
-name
AssetImport
Successfully changed project path to: D:/Kuliah/Virtual Reality/3d-elevator-system
D:/Kuliah/Virtual Reality/3d-elevator-system
[UnityMemory] Configuration Parameters - Can be set up in boot.config
    "memorysetup-temp-allocator-size-gi-baking-worker=262144"
    "memorysetup-temp-allocator-size-gi-baking-worker=262144"
    "memorysetup-temp-allocator-size-gi-baking-worker=262144"
    "memorysetup-temp-allocator-size-gi-baking-worker=262144"
    "memorysetup-temp-allocator-size-gi-baking-worker=262144"
    "memorysetup-temp-allocator-size-nav-mesh-worker=65536"
    "memorysetup-temp-allocator-size-audio-worker=65536"
    "memorysetup-temp-allocator-size-cloud-worker=32768"
    "memorysetup-temp-allocator-size-gfx=262144"
    "memorysetup-temp-allocator-size-preload-manager=33554432"
    "memorysetup-temp-allocator-size-job-worker=262144"
    "memorysetup-temp-allocator-size-background-worker=32768"
    "memorysetup-allocator-temp-initial-block-size-main=262144"
    "memorysetup-allocator-temp-initial-block-size-worker=262144"
    "memorysetup-bucket-allocator-granularity=16"
    "memorysetup-bucket-allocator-bucket-count=8"
    "memorysetup-bucket-allocator-block-size=33554432"
    "memorysetup-bucket-allocator-block-count=8"
    "memorysetup-main-allocator-block-size=16777216"
    "memorysetup-thread-allocator-block-size=16777216"
    "memorysetup-gfx-main-allocator-block-size=16777216"
    "memorysetup-gfx-thread-allocator-block-size=16777216"
    "memorysetup-cache-allocator-block-size=4194304"
    "memorysetup-typetree-allocator-block-size=2097152"
    "memorysetup-profiler-bucket-allocator-granularity=16"
    "memorysetup-profiler-bucket-allocator-bucket-count=8"
    "memorysetup-profiler-bucket-allocator-block-size=33554432"
    "memorysetup-profiler-bucket-allocator-block-count=8"
    "memorysetup-profiler-allocator-block-size=16777216"
    "memorysetup-profiler-editor-allocator-block-size=1048576"
    "memorysetup-temp-allocator-size-main=16777216"
    "memorysetup-job-temp-allocator-block-size=2097152"
    "memorysetup-job-temp-allocator-block-size-background=1048576"
    "memorysetup-job-temp-allocator-reduction-small-platforms=262144"
Player connection [18508]  Target information:

Player connection [18508]  * "[IP] 192.168.56.1 [Port] 0 [Flags] 2 [Guid] 2032930241 [EditorId] 2032930241 [Version] 1048832 [Id] WindowsEditor(7,LAPTOP-F8GBUHJM) [Debug] 1 [PackageName] WindowsEditor [ProjectName] Editor" 

Player connection [18508]  * "[IP] 10.135.62.109 [Port] 0 [Flags] 2 [Guid] 2032930241 [EditorId] 2032930241 [Version] 1048832 [Id] WindowsEditor(7,LAPTOP-F8GBUHJM) [Debug] 1 [PackageName] WindowsEditor [ProjectName] Editor" 

Player connection [18508] Host joined multi-casting on [225.0.0.222:54997]...
Player connection [18508] Host joined alternative multi-casting on [225.0.0.222:34997]...
JobSystem: Creating JobQueue using job-worker-count value 7
Input System module state changed to: Initialized.
[Physics::Module] Initialized fallback backend.
[Physics::Module] Id: 0xdecafbad
Library Redirect Path: Library/
[Physics::Module] Selected backend.
[Physics::Module] Name: PhysX
[Physics::Module] Id: 0xf2b8ea05
[Physics::Module] SDK Version: 4.1.2
[Physics::Module] Integration Version: 1.0.0
[Physics::Module] Threading Mode: Multi-Threaded
Refreshing native plugins compatible for Editor in 4.55 ms, found 1 plugins.
Initialize engine version: 6000.4.6f1 (0b051c2e5d54)
[Subsystems] Discovering subsystems at path C:/Program Files/Unity/Hub/Editor/6000.4.6f1/Editor/Data/Resources/UnitySubsystems
[Subsystems] Discovering subsystems at path D:/Kuliah/Virtual Reality/3d-elevator-system/Assets
Forcing GfxDevice: Direct3D 12
GfxDevice: creating device client; kGfxThreadingModeNonThreaded
d3d12: failed to query info queue interface (0x80004002).
Direct3D:
    Version:         Direct3D 12 [level 12.2]
    Renderer:        NVIDIA GeForce RTX 3050 6GB Laptop GPU (ID=0x25ec)
    Vendor:          NVIDIA
    VRAM:            6002 MB
    App VRAM Budget: 5234 MB
    Driver:          32.0.15.8186
Initialize mono
Mono path[0] = 'C:/Program Files/Unity/Hub/Editor/6000.4.6f1/Editor/Data/Managed'
Mono path[1] = 'C:/Program Files/Unity/Hub/Editor/6000.4.6f1/Editor/Data/MonoBleedingEdge/lib/mono/unityjit-win32'
Mono config path = 'C:/Program Files/Unity/Hub/Editor/6000.4.6f1/Editor/Data/MonoBleedingEdge/etc'
Using monoOptions --debugger-agent=transport=dt_socket,embedding=1,server=y,suspend=n,address=127.0.0.1:56104
CodeReloadManager initialized
Begin MonoManager ReloadAssembly
Registering precompiled unity dll's ...
Register platform support module: C:/Program Files/Unity/Hub/Editor/6000.4.6f1/Editor/Data/PlaybackEngines/WebGLSupport/UnityEditor.WebGL.Extensions.dll
Register platform support module: C:/Program Files/Unity/Hub/Editor/6000.4.6f1/Editor/Data/PlaybackEngines/WindowsStandaloneSupport/UnityEditor.WindowsStandalone.Extensions.dll
Registered in 0.003274 seconds.
Native extension for WindowsStandalone target not found
Native extension for WebGL target not found
Package Manager log level set to [2]
[Package Manager] Failed to launch server process. Reason: Unity was launched with the -noUpm command-line argument
[Package Manager] Unable to send message (not connected to server process).
[Package Manager] Cannot connect to Unity Package Manager local server
[Licensing::Client] Error: HandshakeResponse reported an error:
	ResponseCode: 505
	ResponseStatus: Unsupported protocol version '1.18.1'.
[Licensing::Module] Error: Failed to handshake to channel: "LicenseClient-LOQ"
[Licensing::IpcConnector] LicenseClient-LOQ channel disconnected successfully.
[Licensing::IpcConnector] Successfully connected to: "LicenseClient-LOQ-6000.4.6" at "2026-06-17T17:28:20.1569444Z"
[Licensing::Client] Code 10 while verifying Licensing Client signature (process Id: 11068, path: "C:/Program Files/Unity/Hub/Editor/6000.4.6f1/Editor/Data/Resources/Licensing/Client/Unity.Licensing.Client.exe")
[Licensing::Module] LicensingClient has failed validation; ignoring
[Licensing::Client] Handshaking with LicensingClient:
  Version:                 1.18.1+9fbee8e
  Session Id:              975c264bcd714761bf3df4cdf916827b
  Correlation Id:          4bf5dc600c1db5c51dc2b9ec8367c116
  External correlation Id: 6889843946068004058
  Machine Id:              OYKFVGYTU/U7QT+36Tnk/ih5/gY=
[Licensing::Module] Successfully connected to LicensingClient on channel: "LicenseClient-LOQ-6000.4.6" (connect: 0.00s, validation: 0.00s, handshake: 0.01s)
[Licensing::IpcConnector] Successfully connected to: "LicenseClient-LOQ-6000.4.6-notifications" at "2026-06-17T17:28:20.1676228Z"
[Licensing::Module] Licensing Background thread has ended after 2.27s
ScheduleIndexationOnStartup MainProcess:False IndexOnStartup:True
Mono: successfully reloaded assembly
- Finished resetting the current domain, in  0.475 seconds
Domain Reload Profiling: 1027ms
	BeginReloadAssembly (153ms)
	RebuildCommonClasses (41ms)
	RebuildNativeTypeToScriptingClass (17ms)
	initialDomainReloadingComplete (78ms)
	LoadAllAssembliesAndSetupDomain (262ms)
		LoadAssemblies (149ms)
		AnalyzeDomain (250ms)
			TypeCache.Refresh (250ms)
				TypeCache.ScanAssembly (233ms)
	FinalizeReload (476ms)
		SetupLoadedEditorAssemblies (0ms)
			InitializePlatformSupportModulesInManaged (55ms)
			BeforeProcessingInitializeOnLoad (101ms)
			ProcessInitializeOnLoadAttributes (131ms)
			ProcessInitializeOnLoadMethodAttributes (103ms)
========================================================================
Worker process is ready to serve import requests
Import Worker Mode flag is 0x00
Begin MonoManager ReloadAssembly
[Licensing::Client] Successfully resolved entitlement details
[Licensing::Module] License group:
  Id: 18968439435909-UnityPersXXXX
  Product: Unity Personal
  Type: Assigned
  Expiration: Unlimited
Assembly Assembly-CSharp-Editor-firstpass.dll at Library/ScriptAssemblies/Assembly-CSharp-Editor-firstpass.dll not valid. Loading of assembly skipped.
Assembly Assembly-CSharp-firstpass.dll at Library/ScriptAssemblies/Assembly-CSharp-firstpass.dll not valid. Loading of assembly skipped.
Assembly DocCodeExamples.dll at Library/ScriptAssemblies/DocCodeExamples.dll not valid. Loading of assembly skipped.
Assembly TestNewCustomAssembly.dll at Library/ScriptAssemblies/TestNewCustomAssembly.dll not valid. Loading of assembly skipped.
Assembly Unity.Collections.BurstCompatibilityGen.dll at Library/ScriptAssemblies/Unity.Collections.BurstCompatibilityGen.dll not valid. Loading of assembly skipped.
Assembly Unity.Collections.DocCodeSamples.dll at Library/ScriptAssemblies/Unity.Collections.DocCodeSamples.dll not valid. Loading of assembly skipped.
Assembly Unity.Collections.PerformanceTests.dll at Library/ScriptAssemblies/Unity.Collections.PerformanceTests.dll not valid. Loading of assembly skipped.
Assembly Unity.Collections.Tests.dll at Library/ScriptAssemblies/Unity.Collections.Tests.dll not valid. Loading of assembly skipped.
Assembly Unity.Collections.Tests.Playmode.dll at Library/ScriptAssemblies/Unity.Collections.Tests.Playmode.dll not valid. Loading of assembly skipped.
Assembly Unity.InputSystem.IntegrationTests.dll at Library/ScriptAssemblies/Unity.InputSystem.IntegrationTests.dll not valid. Loading of assembly skipped.
Assembly Unity.Mathematics.Tests.dll at Library/ScriptAssemblies/Unity.Mathematics.Tests.dll not valid. Loading of assembly skipped.
Assembly Unity.Multiplayer.Center.Editor.Tests.dll at Library/ScriptAssemblies/Unity.Multiplayer.Center.Editor.Tests.dll not valid. Loading of assembly skipped.
Assembly Unity.Multiplayer.Center.Tests.dll at Library/ScriptAssemblies/Unity.Multiplayer.Center.Tests.dll not valid. Loading of assembly skipped.
Assembly Unity.Nuget.Mono-Cecil.dll at Library/ScriptAssemblies/Unity.Nuget.Mono-Cecil.dll not valid. Loading of assembly skipped.
Assembly Unity.PathTracing.Editor.Tests.dll at Library/ScriptAssemblies/Unity.PathTracing.Editor.Tests.dll not valid. Loading of assembly skipped.
Assembly Unity.PathTracing.Runtime.Tests.dll at Library/ScriptAssemblies/Unity.PathTracing.Runtime.Tests.dll not valid. Loading of assembly skipped.
Assembly Unity.RenderPipelines.Core.Editor.Tests.dll at Library/ScriptAssemblies/Unity.RenderPipelines.Core.Editor.Tests.dll not valid. Loading of assembly skipped.
Assembly Unity.RenderPipelines.Core.Runtime.Tests.dll at Library/ScriptAssemblies/Unity.RenderPipelines.Core.Runtime.Tests.dll not valid. Loading of assembly skipped.
Assembly Unity.RenderPipelines.Universal.Config.Editor.Tests.dll at Library/ScriptAssemblies/Unity.RenderPipelines.Universal.Config.Editor.Tests.dll not valid. Loading of assembly skipped.
Assembly Unity.RenderPipelines.Universal.Editor.Tests.dll at Library/ScriptAssemblies/Unity.RenderPipelines.Universal.Editor.Tests.dll not valid. Loading of assembly skipped.
Assembly Unity.RenderPipelines.Universal.Runtime.Tests.dll at Library/ScriptAssemblies/Unity.RenderPipelines.Universal.Runtime.Tests.dll not valid. Loading of assembly skipped.
Assembly Unity.Searcher.EditorTests.dll at Library/ScriptAssemblies/Unity.Searcher.EditorTests.dll not valid. Loading of assembly skipped.
Assembly Unity.Settings.Tests.dll at Library/ScriptAssemblies/Unity.Settings.Tests.dll not valid. Loading of assembly skipped.
Assembly Unity.ShaderGraph.Editor.Tests.dll at Library/ScriptAssemblies/Unity.ShaderGraph.Editor.Tests.dll not valid. Loading of assembly skipped.
Assembly Unity.TextMeshPro.Editor.Tests.dll at Library/ScriptAssemblies/Unity.TextMeshPro.Editor.Tests.dll not valid. Loading of assembly skipped.
Assembly Unity.TextMeshPro.Tests.dll at Library/ScriptAssemblies/Unity.TextMeshPro.Tests.dll not valid. Loading of assembly skipped.
Assembly Unity.UnifiedRayTracing.Editor.Tests.dll at Library/ScriptAssemblies/Unity.UnifiedRayTracing.Editor.Tests.dll not valid. Loading of assembly skipped.
Assembly UnityEditor.UI.Common.Tests.dll at Library/ScriptAssemblies/UnityEditor.UI.Common.Tests.dll not valid. Loading of assembly skipped.
Assembly UnityEditor.UI.EditorTests.dll at Library/ScriptAssemblies/UnityEditor.UI.EditorTests.dll not valid. Loading of assembly skipped.
Assembly UnityEngine.UI.Tests.dll at Library/ScriptAssemblies/UnityEngine.UI.Tests.dll not valid. Loading of assembly skipped.
Native extension for WindowsStandalone target not found
Native extension for WebGL target not found
[Package Manager] Failed to launch server process. Reason: Unity was launched with the -noUpm command-line argument
[Package Manager] Unable to send message (not connected to server process).
[Package Manager] Cannot connect to Unity Package Manager local server
[Package Manager] Failed to launch server process. Reason: Unity was launched with the -noUpm command-line argument
[Package Manager] Unable to send message (not connected to server process).
[Package Manager] Cannot connect to Unity Package Manager local server
[Package Manager] Failed to launch server process. Reason: Unity was launched with the -noUpm command-line argument
[Package Manager] Unable to send message (not connected to server process).
[Package Manager] Cannot connect to Unity Package Manager local server
[MODES] ModeService[none].Initialize
[MODES] ModeService[none].LoadModes
[MODES] Loading mode Default (0) for mode-current-id-Elevator Floor Selection Panel
ScheduleIndexationOnStartup MainProcess:False IndexOnStartup:True
Mono: successfully reloaded assembly
- Finished resetting the current domain, in  0.761 seconds
Domain Reload Profiling: 1631ms
	BeginReloadAssembly (206ms)
		DisableScriptedObjects (6ms)
		CreateAndSetChildDomain (33ms)
	RebuildCommonClasses (46ms)
	RebuildNativeTypeToScriptingClass (13ms)
	initialDomainReloadingComplete (95ms)
	LoadAllAssembliesAndSetupDomain (510ms)
		LoadAssemblies (392ms)
		AnalyzeDomain (228ms)
			TypeCache.Refresh (151ms)
				TypeCache.ScanAssembly (136ms)
			BuildScriptInfoCaches (64ms)
			ResolveRequiredComponents (11ms)
	FinalizeReload (762ms)
		SetupLoadedEditorAssemblies (0ms)
			InitializePlatformSupportModulesInManaged (3ms)
			BeforeProcessingInitializeOnLoad (135ms)
			ProcessInitializeOnLoadAttributes (229ms)
			ProcessInitializeOnLoadMethodAttributes (139ms)
			AfterProcessingInitializeOnLoad (6ms)
		AwakeInstancesAfterBackupRestoration (9ms)
Launched and connected shader compiler UnityShaderCompiler.exe after 0.01 seconds
Unloading 25 Unused Serialized files (Serialized files now loaded: 0)
Unloading 6514 unused Assets / (5.4 MB). Loaded Objects now: 7376.
Memory consumption went from 162.9 MB to 157.5 MB.
Total: 9.714300 ms (FindLiveObjects: 0.583200 ms CreateObjectMapping: 0.433800 ms MarkObjects: 4.797300 ms  DeleteObjects: 3.897200 ms)

========================================================================
Received Import Request.
  Time since last request: 38309.829114 seconds.
  path: Assets/LoafbrrAssets/Interiors_A/prefabs/wall/Wall_2m_Window_B.prefab
  importAddress: Guid(da4eebe7a1046344db888a2514ea547d) Importer(2089858483,b0f066a214c2f5e87bad3c948f4d605d)
Start importing Assets/LoafbrrAssets/Interiors_A/prefabs/wall/Wall_2m_Window_B.prefab using Guid(da4eebe7a1046344db888a2514ea547d) Importer(2089858483,b0f066a214c2f5e87bad3c948f4d605d) (ScriptedImporter) -> (Import Result ID: '791d0f882090ddf5ea2b6ca231c87b6c') in 0.1347015 seconds [static and dynamic dependencies]. Details - ImportResultOutputID=7889fd877e7b47525b98ef5288a0a24a DependenciesID=31b97159d5101566b42781247593f3cc StaticDependenciesID=f81e22b4707a8fef71f9179ab4da8317 
Number of updated asset objects reloaded before import = 0Number of asset objects unloaded after import = 10

========================================================================
Received Import Request.
  Time since last request: 0.000040 seconds.
  path: Assets/LoafbrrAssets/Interiors_A/prefabs/Vent/Vent_Corner_C.prefab
  importAddress: Guid(e5e2e505285393b4989a13641d870f6d) Importer(2089858483,b0f066a214c2f5e87bad3c948f4d605d)
Start importing Assets/LoafbrrAssets/Interiors_A/prefabs/Vent/Vent_Corner_C.prefab using Guid(e5e2e505285393b4989a13641d870f6d) Importer(2089858483,b0f066a214c2f5e87bad3c948f4d605d) (ScriptedImporter) -> (Import Result ID: 'ed6c9290d8aa8064f6c99ff6f64a1628') in 0.0096991 seconds [static and dynamic dependencies]. Details - ImportResultOutputID=9805bacda1bc4768abad482ff1a01603 DependenciesID=8522f3e10ab34dcf23c49dc38aea7634 StaticDependenciesID=3e84867ac2c79a8583362c81eafa1674 
Number of updated asset objects reloaded before import = 0Number of asset objects unloaded after import = 10

========================================================================
Received Import Request.
  Time since last request: 0.000012 seconds.
  path: Assets/Enviroment/enviroment/Office building/Prefabs/File cupboard prefab.prefab
  importAddress: Guid(915dd1cfab33f5842802f4774a95100c) Importer(2089858483,b0f066a214c2f5e87bad3c948f4d605d)
Start importing Assets/Enviroment/enviroment/Office building/Prefabs/File cupboard prefab.prefab using Guid(915dd1cfab33f5842802f4774a95100c) Importer(2089858483,b0f066a214c2f5e87bad3c948f4d605d) (ScriptedImporter) -> (Import Result ID: 'fa8ae47763dd57a9ce31278ccbcd1731') in 0.0063158 seconds [static and dynamic dependencies]. Details - ImportResultOutputID=c643a47f42c408cb8277d85c4927337c DependenciesID=1bc4188e8bb68b73826a7b7280ea3af1 StaticDependenciesID=2a0675f87210e7857911900847cf1201 
Number of updated asset objects reloaded before import = 0Number of asset objects unloaded after import = 10

========================================================================
Received Import Request.
  Time since last request: 0.000020 seconds.
  path: Assets/Enviroment/enviroment/Office building/material props/folder Blue.mat
  importAddress: Guid(809f3feb679107046a14ff7f99daa788) Importer(2089858483,b0f066a214c2f5e87bad3c948f4d605d)
Start importing Assets/Enviroment/enviroment/Office building/material props/folder Blue.mat using Guid(809f3feb679107046a14ff7f99daa788) Importer(2089858483,b0f066a214c2f5e87bad3c948f4d605d) (ScriptedImporter) -> (Import Result ID: '252bd2f63b4c1c650f412367f5baa808') in 0.0162092 seconds [static and dynamic dependencies]. Details - ImportResultOutputID=0419cec445aa3d0eba3cae29d6b1534f DependenciesID=91dacca19e2c2eea1a870671fab363b8 StaticDependenciesID=15cb4a6de568b4835d7fcb9455951a53 
Number of updated asset objects reloaded before import = 0Number of asset objects unloaded after import = 2

========================================================================
Received Import Request.
  Time since last request: 0.000065 seconds.
  path: Assets/Enviroment/enviroment/Office building/textures/lamps/emission/Lamp A ON Emssion.png
  importAddress: Guid(89d6b78d62bd7a84c8967f397388cd63) Importer(2089858483,b0f066a214c2f5e87bad3c948f4d605d)
Start importing Assets/Enviroment/enviroment/Office building/textures/lamps/emission/Lamp A ON Emssion.png using Guid(89d6b78d62bd7a84c8967f397388cd63) Importer(2089858483,b0f066a214c2f5e87bad3c948f4d605d) (ScriptedImporter) -> (Import Result ID: '8ccabc4e2b51626d2cd4d1092293ebee') in 0.0302291 seconds [static and dynamic dependencies]. Details - ImportResultOutputID=10bb974c022f40d1602bc4c607c7c8f8 DependenciesID=97316a24e80f572e4e634bb7fc50ea1b StaticDependenciesID=af7f13983832389eb4ea4c4bc6ea7fde 
Number of updated asset objects reloaded before import = 0Number of asset objects unloaded after import = 1

========================================================================
Received Import Request.
  Time since last request: 0.000014 seconds.
  path: Assets/Enviroment/enviroment/Office building/materials Building/Floor 2.mat
  importAddress: Guid(9bef9df5cae7b6c4b872463cfa851d45) Importer(2089858483,b0f066a214c2f5e87bad3c948f4d605d)
Start importing Assets/Enviroment/enviroment/Office building/materials Building/Floor 2.mat using Guid(9bef9df5cae7b6c4b872463cfa851d45) Importer(2089858483,b0f066a214c2f5e87bad3c948f4d605d) (ScriptedImporter) -> (Import Result ID: 'abf817340c86ddb5a1246d85e7518edc') in 0.0044702 seconds [static and dynamic dependencies]. Details - ImportResultOutputID=983fb83769cc54de1825f65005b008ee DependenciesID=8c6d182afe473366769e24f5750efac1 StaticDependenciesID=5b3c73f77f7b42da6b74019251c83b3c 
Number of updated asset objects reloaded before import = 0Number of asset objects unloaded after import = 2

========================================================================
Received Import Request.
  Time since last request: 0.000027 seconds.
  path: Assets/Enviroment/enviroment/Office building/meshes/Table.fbx
  importAddress: Guid(551a322242ed2bb4ca53da420f240310) Importer(2089858483,b0f066a214c2f5e87bad3c948f4d605d)
Start importing Assets/Enviroment/enviroment/Office building/meshes/Table.fbx using Guid(551a322242ed2bb4ca53da420f240310) Importer(2089858483,b0f066a214c2f5e87bad3c948f4d605d) (ScriptedImporter) -> (Import Result ID: '1d91753e9efbd3095d1fddce7b8192dc') in 0.028805 seconds [static and dynamic dependencies]. Details - ImportResultOutputID=52e16e3b8b84b12aed27eabc8b59460f DependenciesID=7f0b87493a9bddbfc1a7ef4f21997cfa StaticDependenciesID=47f8e3dc3f4a69ba028d77b73e988c2c 
Number of updated asset objects reloaded before import = 0Number of asset objects unloaded after import = 9

========================================================================
Received Import Request.
  Time since last request: 0.000018 seconds.
  path: Assets/Enviroment/enviroment/Office building/Prefabs/Storage box red prefab.prefab
  importAddress: Guid(d155e6b1b5bb6ee4ab0dd45db69cb41f) Importer(2089858483,b0f066a214c2f5e87bad3c948f4d605d)
Start importing Assets/Enviroment/enviroment/Office building/Prefabs/Storage box red prefab.prefab using Guid(d155e6b1b5bb6ee4ab0dd45db69cb41f) Importer(2089858483,b0f066a214c2f5e87bad3c948f4d605d) (ScriptedImporter) -> (Import Result ID: 'fe4cff4d434825f0fa2b33b5bed5af86') in 0.0074435 seconds [static and dynamic dependencies]. Details - ImportResultOutputID=a945fb34fcfc44f8c6c652490a109388 DependenciesID=fbc081bc508f9b0a6ab9fc357c2beacf StaticDependenciesID=27df57ab7d86c1ce1a056985231869de 
Number of updated asset objects reloaded before import = 0Number of asset objects unloaded after import = 10

========================================================================
Received Import Request.
  Time since last request: 0.000021 seconds.
  path: Assets/Enviroment/enviroment/Office building/textures/Props/used/Toiletpaper.png
  importAddress: Guid(a3b269c378f0553468d3d06a832fdc93) Importer(2089858483,b0f066a214c2f5e87bad3c948f4d605d)
Start importing Assets/Enviroment/enviroment/Office building/textures/Props/used/Toiletpaper.png using Guid(a3b269c378f0553468d3d06a832fdc93) Importer(2089858483,b0f066a214c2f5e87bad3c948f4d605d) (ScriptedImporter) -> (Import Result ID: '8444ebe1aedf019d2e333956edb0ff98') in 0.0057161 seconds [static and dynamic dependencies]. Details - ImportResultOutputID=48cf875792327ed609dc764ba17ad199 DependenciesID=dbd7dc42e9e7b18b3a601a67f551feb0 StaticDependenciesID=bb78aacc1ed7b99efe338af48f2dc380 
Number of updated asset objects reloaded before import = 0Number of asset objects unloaded after import = 1

========================================================================
Received Import Request.
  Time since last request: 0.000017 seconds.
  path: Assets/LoafbrrAssets/Interiors_A/prefabs/Decal/Decal_Ceiling_A_Light.prefab
  importAddress: Guid(68a35f8cf421ae845a076c7f1f5d235f) Importer(2089858483,b0f066a214c2f5e87bad3c948f4d605d)
Start importing Assets/LoafbrrAssets/Interiors_A/prefabs/Decal/Decal_Ceiling_A_Light.prefab using Guid(68a35f8cf421ae845a076c7f1f5d235f) Importer(2089858483,b0f066a214c2f5e87bad3c948f4d605d) (ScriptedImporter) -> (Import Result ID: '8864af8ed76854355c6f529180c48023') in 0.0093813 seconds [static and dynamic dependencies]. Details - ImportResultOutputID=253d0156db557244f5075b3fbda592a4 DependenciesID=bc9a432053025b8225dc9220fb0b0e97 StaticDependenciesID=34722685e32f08b84ff026e11739fdaa 
Number of updated asset objects reloaded before import = 0Number of asset objects unloaded after import = 9

========================================================================
Received Import Request.
  Time since last request: 0.000034 seconds.
  path: Assets/Enviroment/enviroment/Office building/textures/Props/used/Securety desk EMISSION OFF.png
  importAddress: Guid(dd353addbb7619e4fbe017bf197344f3) Importer(2089858483,b0f066a214c2f5e87bad3c948f4d605d)
Start importing Assets/Enviroment/enviroment/Office building/textures/Props/used/Securety desk EMISSION OFF.png using Guid(dd353addbb7619e4fbe017bf197344f3) Importer(2089858483,b0f066a214c2f5e87bad3c948f4d605d) (ScriptedImporter) -> (Import Result ID: '1930c09cea4850a698b6c9cc2159d644') in 0.0082612 seconds [static and dynamic dependencies]. Details - ImportResultOutputID=136da3c97be60f4f8c077c2c80668325 DependenciesID=c0213eff8539677320f32d18b2e28862 StaticDependenciesID=0f992af9334a8cf3e978adaeab17830b 
Number of updated asset objects reloaded before import = 0Number of asset objects unloaded after import = 1

========================================================================
Received Import Request.
  Time since last request: 0.000026 seconds.
  path: Assets/Enviroment/enviroment/Office building/material props/Office table 2.mat
  importAddress: Guid(9d8e7d69ec137a14892283cd8fb839d6) Importer(2089858483,b0f066a214c2f5e87bad3c948f4d605d)
Start importing Assets/Enviroment/enviroment/Office building/material props/Office table 2.mat using Guid(9d8e7d69ec137a14892283cd8fb839d6) Importer(2089858483,b0f066a214c2f5e87bad3c948f4d605d) (ScriptedImporter) -> (Import Result ID: '647ca37de9c7ed6cf0d4fe68f52313ed') in 0.0069166 seconds [static and dynamic dependencies]. Details - ImportResultOutputID=b2604c1e5d19ff2a5a585e1f23cef833 DependenciesID=6f7d5c5781d9fb946d9a05c577811f2b StaticDependenciesID=3c2166dc48cc579d9c763c5a0b65dddf 
Number of updated asset objects reloaded before import = 0Number of asset objects unloaded after import = 2

========================================================================
Received Import Request.
  Time since last request: 0.000017 seconds.
  path: Assets/Scenes/Playground.unity
  importAddress: Guid(e9017d5f96b9f09489b4b37e1d6eb914) Importer(2089858483,b0f066a214c2f5e87bad3c948f4d605d)
Start importing Assets/Scenes/Playground.unity using Guid(e9017d5f96b9f09489b4b37e1d6eb914) Importer(2089858483,b0f066a214c2f5e87bad3c948f4d605d) (ScriptedImporter) -> (Import Result ID: '9a125986d06e27a924fe7987c22da47f') in 0.006857 seconds [static and dynamic dependencies]. Details - ImportResultOutputID=f845dd1a12a63f2ca8ccb85c9b877c88 DependenciesID=b6b5b145829e639c59b3cd7e0f74dfd3 StaticDependenciesID=5c1f1c01b344e4d3c90f36f812d6b51f 
Number of updated asset objects reloaded before import = 0Number of asset objects unloaded after import = 1

========================================================================
Received Import Request.
  Time since last request: 0.000016 seconds.
  path: Assets/LoafbrrAssets/Interiors_A/prefabs/StairParts/Stairs_A_2x3.prefab
  importAddress: Guid(4715e121b7bfae04f8a7c54659e5946a) Importer(2089858483,b0f066a214c2f5e87bad3c948f4d605d)
Start importing Assets/LoafbrrAssets/Interiors_A/prefabs/StairParts/Stairs_A_2x3.prefab using Guid(4715e121b7bfae04f8a7c54659e5946a) Importer(2089858483,b0f066a214c2f5e87bad3c948f4d605d) (ScriptedImporter) -> (Import Result ID: '226d80fafc648295c8b56fb2b25c37ea') in 0.0123715 seconds [static and dynamic dependencies]. Details - ImportResultOutputID=0657b46783a3136cfecbb83cde429eb3 DependenciesID=49ac6a8f9540499e80629dae6c7717f4 StaticDependenciesID=3093e57037494c263faf40789183ed2b 
Number of updated asset objects reloaded before import = 0Number of asset objects unloaded after import = 12

========================================================================
Received Import Request.
  Time since last request: 0.000018 seconds.
  path: Assets/LoafbrrAssets/Interiors_A/prefabs/StairParts/Stair_Rail_B.prefab
  importAddress: Guid(a80265b86003eba4a9b043b6d3a18011) Importer(2089858483,b0f066a214c2f5e87bad3c948f4d605d)
Start importing Assets/LoafbrrAssets/Interiors_A/prefabs/StairParts/Stair_Rail_B.prefab using Guid(a80265b86003eba4a9b043b6d3a18011) Importer(2089858483,b0f066a214c2f5e87bad3c948f4d605d) (ScriptedImporter) -> (Import Result ID: 'a3354331c98b3ab4f5abe371e97ac824') in 0.0110387 seconds [static and dynamic dependencies]. Details - ImportResultOutputID=de8942212acc0dcb71dcd5ebdc09fdac DependenciesID=d692a5a5093d5fa159912125ffeeb101 StaticDependenciesID=17ea23e36ec3e061aa19a39477f09c1f 
Number of updated asset objects reloaded before import = 0Number of asset objects unloaded after import = 10

========================================================================
Received Import Request.
  Time since last request: 0.000020 seconds.
  path: Assets/Enviroment/enviroment/Office building/Prefabs/Sink Prefab.prefab
  importAddress: Guid(b1295682df892f4458bfeed5b1cc271f) Importer(2089858483,b0f066a214c2f5e87bad3c948f4d605d)
Start importing Assets/Enviroment/enviroment/Office building/Prefabs/Sink Prefab.prefab using Guid(b1295682df892f4458bfeed5b1cc271f) Importer(2089858483,b0f066a214c2f5e87bad3c948f4d605d) (ScriptedImporter) -> (Import Result ID: 'adbbe26e63b655c7a6078bb872804a0d') in 0.0051401 seconds [static and dynamic dependencies]. Details - ImportResultOutputID=d7a4bd0dcc35b67ef401cf8965be85ad DependenciesID=f1524c32f8ba9ea02d4569978765b050 StaticDependenciesID=59f22e643daed5a448b0567a8b6bf8a0 
Number of updated asset objects reloaded before import = 0Number of asset objects unloaded after import = 10

========================================================================
Received Import Request.
  Time since last request: 0.000025 seconds.
  path: Assets/Enviroment/enviroment/Office building/materials Building/marmor floor.mat
  importAddress: Guid(e49e5f32f7bddf743b8a795c90796f75) Importer(2089858483,b0f066a214c2f5e87bad3c948f4d605d)
Start importing Assets/Enviroment/enviroment/Office building/materials Building/marmor floor.mat using Guid(e49e5f32f7bddf743b8a795c90796f75) Importer(2089858483,b0f066a214c2f5e87bad3c948f4d605d) (ScriptedImporter) -> (Import Result ID: '05761d362797542c48a62d4bd7b14214') in 0.0087572 seconds [static and dynamic dependencies]. Details - ImportResultOutputID=69bf73506f8899650eed7a488f6cd6e2 DependenciesID=93bdc98dc604ae3f2edf89993fcf0065 StaticDependenciesID=1f587b24071d64d0deb37e2742ae6080 
Number of updated asset objects reloaded before import = 0Number of asset objects unloaded after import = 2

========================================================================
Received Import Request.
  Time since last request: 0.000028 seconds.
  path: Assets/Enviroment/enviroment/Office building/textures/Props/used/Kitchen Chair B.png
  importAddress: Guid(a1cbf0d492b250f4da359b47a02725fa) Importer(2089858483,b0f066a214c2f5e87bad3c948f4d605d)
Start importing Assets/Enviroment/enviroment/Office building/textures/Props/used/Kitchen Chair B.png using Guid(a1cbf0d492b250f4da359b47a02725fa) Importer(2089858483,b0f066a214c2f5e87bad3c948f4d605d) (ScriptedImporter) -> (Import Result ID: 'ef89012520540b3882346c131c00811e') in 0.0068448 seconds [static and dynamic dependencies]. Details - ImportResultOutputID=195f4aec5ee8a78ea8255a3370cb42bc DependenciesID=1ab4c7519679741979f73f4e2b3e7f1b StaticDependenciesID=c11ec8dfc63506778ad9d279539f12dc 
Number of updated asset objects reloaded before import = 0Number of asset objects unloaded after import = 1

========================================================================
Received Import Request.
  Time since last request: 0.000014 seconds.
  path: Assets/Enviroment/enviroment/Office building/material props/paper.mat
  importAddress: Guid(7c3888fe438a77449b56c42efee91043) Importer(2089858483,b0f066a214c2f5e87bad3c948f4d605d)
Start importing Assets/Enviroment/enviroment/Office building/material props/paper.mat using Guid(7c3888fe438a77449b56c42efee91043) Importer(2089858483,b0f066a214c2f5e87bad3c948f4d605d) (ScriptedImporter) -> (Import Result ID: 'e4ab0d2cef5056f40170250d3f2c27f7') in 0.0044992 seconds [static and dynamic dependencies]. Details - ImportResultOutputID=8104add8dac00ca63a1dd4f119713f5d DependenciesID=7ec527a1ef61ba27ec0c08b4641f82e5 StaticDependenciesID=eabb7f825d97bfcebe56f37bc9e49698 
Number of updated asset objects reloaded before import = 0Number of asset objects unloaded after import = 1

========================================================================
Received Import Request.
  Time since last request: 0.000017 seconds.
  path: Assets/Enviroment/enviroment/Office building/Prefabs/Kitchen oven Prefab.prefab
  importAddress: Guid(b37815e008a205f44944d74b1fb1a477) Importer(2089858483,b0f066a214c2f5e87bad3c948f4d605d)
Start importing Assets/Enviroment/enviroment/Office building/Prefabs/Kitchen oven Prefab.prefab using Guid(b37815e008a205f44944d74b1fb1a477) Importer(2089858483,b0f066a214c2f5e87bad3c948f4d605d) (ScriptedImporter) -> (Import Result ID: '8eb1f7aea97fe0b7b1e8539228fef127') in 0.0062665 seconds [static and dynamic dependencies]. Details - ImportResultOutputID=eca59a728321efda21e38cb1a8d82757 DependenciesID=858cac541b6b88ab3cb59627274b080a StaticDependenciesID=cf24e8449f3d3a97c8ced6f95bdba389 
Number of updated asset objects reloaded before import = 0Number of asset objects unloaded after import = 16

========================================================================
Received Import Request.
  Time since last request: 0.000016 seconds.
  path: Assets/Enviroment/enviroment
  importAddress: Guid(b688ec3b38d16874195c421d6ee1afc9) Importer(2089858483,b0f066a214c2f5e87bad3c948f4d605d)
Start importing Assets/Enviroment/enviroment using Guid(b688ec3b38d16874195c421d6ee1afc9) Importer(2089858483,b0f066a214c2f5e87bad3c948f4d605d) (ScriptedImporter) -> (Import Result ID: 'c6d11ffc5088917e31cfa0514842e8f5') in 0.0028605 seconds [static and dynamic dependencies]. Details - ImportResultOutputID=853c8018ed2f94f5cefc431dc2ded1af DependenciesID=653def2ede09d5323b988732daaec00d StaticDependenciesID=49a576d00b5bbbbeee0e64d0b86bf7ba 
Number of updated asset objects reloaded before import = 0Number of asset objects unloaded after import = 1

========================================================================
Received Import Request.
  Time since last request: 0.000017 seconds.
  path: Assets/LoafbrrAssets/Interiors_A/prefabs/wall/Wall_3m_Vent_B.prefab
  importAddress: Guid(e2598e58d43c3e249bc5b752e92811cd) Importer(2089858483,b0f066a214c2f5e87bad3c948f4d605d)
Start importing Assets/LoafbrrAssets/Interiors_A/prefabs/wall/Wall_3m_Vent_B.prefab using Guid(e2598e58d43c3e249bc5b752e92811cd) Importer(2089858483,b0f066a214c2f5e87bad3c948f4d605d) (ScriptedImporter) -> (Import Result ID: '6debe339d41bd1a82af4eac4f8aebd94') in 0.0102428 seconds [static and dynamic dependencies]. Details - ImportResultOutputID=900b77fe71f1c3aafb721e83e448954c DependenciesID=641432e44c5c924116ec26c5f5bb9d7c StaticDependenciesID=1519f2d8e81028217080c42bba66cedf 
Number of updated asset objects reloaded before import = 0Number of asset objects unloaded after import = 11

========================================================================
Received Import Request.
  Time since last request: 0.000025 seconds.
  path: Assets/Enviroment/enviroment/Office building/textures/Props/used/storage room.png
  importAddress: Guid(ea3f6890d21707744b8c64eed328ddd5) Importer(2089858483,b0f066a214c2f5e87bad3c948f4d605d)
Start importing Assets/Enviroment/enviroment/Office building/textures/Props/used/storage room.png using Guid(ea3f6890d21707744b8c64eed328ddd5) Importer(2089858483,b0f066a214c2f5e87bad3c948f4d605d) (ScriptedImporter) -> (Import Result ID: 'd02f14b7e00792700d4556dcc363d50d') in 0.0067294 seconds [static and dynamic dependencies]. Details - ImportResultOutputID=0bc4e334ee5f1967ae2dd1ede5161532 DependenciesID=bf1f12f7b8f47bad8e63ccc89f32c200 StaticDependenciesID=a275bef246dab59fffbdf803dce9f0b7 
Number of updated asset objects reloaded before import = 0Number of asset objects unloaded after import = 1

========================================================================
Received Import Request.
  Time since last request: 0.000017 seconds.
  path: Assets/Enviroment/enviroment/Office building/textures/Props/used/pen holder.png
  importAddress: Guid(edfabdf8b26309147a36756bb199b16c) Importer(2089858483,b0f066a214c2f5e87bad3c948f4d605d)
Start importing Assets/Enviroment/enviroment/Office building/textures/Props/used/pen holder.png using Guid(edfabdf8b26309147a36756bb199b16c) Importer(2089858483,b0f066a214c2f5e87bad3c948f4d605d) (ScriptedImporter) -> (Import Result ID: '83058f33b65d964da406f8ee249913dc') in 0.0077142 seconds [static and dynamic dependencies]. Details - ImportResultOutputID=6c6c768ef1545b7900475fddc86e3bc0 DependenciesID=6561bdf390ac5fedf49dd240b60cd4dc StaticDependenciesID=181fdb28321c3ac92e15007e18631804 
Number of updated asset objects reloaded before import = 0Number of asset objects unloaded after import = 1

========================================================================
Received Import Request.
  Time since last request: 0.000030 seconds.
  path: Assets/LoafbrrAssets/Interiors_A/prefabs/Decal/Floor_Separator_1m.prefab
  importAddress: Guid(6e68f3062bcb5044392c6ccd1a988abd) Importer(2089858483,b0f066a214c2f5e87bad3c948f4d605d)
Start importing Assets/LoafbrrAssets/Interiors_A/prefabs/Decal/Floor_Separator_1m.prefab using Guid(6e68f3062bcb5044392c6ccd1a988abd) Importer(2089858483,b0f066a214c2f5e87bad3c948f4d605d) (ScriptedImporter) -> (Import Result ID: '68553c20106d623d7af968fc2e8d412f') in 0.0093801 seconds [static and dynamic dependencies]. Details - ImportResultOutputID=7235c6b86419bd6ce911d984f6ba032f DependenciesID=c40ea32a662a98d587bb6d6a3bf0dd01 StaticDependenciesID=2e0df5718f1504ff7207354d1d8560b2 
Number of updated asset objects reloaded before import = 0Number of asset objects unloaded after import = 9

========================================================================
Received Import Request.
  Time since last request: 0.000035 seconds.
  path: Assets/LoafbrrAssets/Interiors_A/prefabs/StairParts/Stairs_A_1x2.prefab
  importAddress: Guid(78f20f05c3145194da5cf6f819a984c6) Importer(2089858483,b0f066a214c2f5e87bad3c948f4d605d)
Start importing Assets/LoafbrrAssets/Interiors_A/prefabs/StairParts/Stairs_A_1x2.prefab using Guid(78f20f05c3145194da5cf6f819a984c6) Importer(2089858483,b0f066a214c2f5e87bad3c948f4d605d) (ScriptedImporter) -> (Import Result ID: 'd5397f8ae2082ca709b42bfbb6fc216e') in 0.0102723 seconds [static and dynamic dependencies]. Details - ImportResultOutputID=cc02555b4b719fc76a94715f4b0c4701 DependenciesID=cb8f99a520de0b0e7a90734dc2bc23bd StaticDependenciesID=a42859d6bda98e091344f84460c046a6 
Number of updated asset objects reloaded before import = 0Number of asset objects unloaded after import = 12

========================================================================
Received Import Request.
  Time since last request: 0.000022 seconds.
  path: Assets/LoafbrrAssets/Interiors_A/prefabs/StairSet/Stairs_1m_G_Grp.prefab
  importAddress: Guid(35b905efd020fd04690ba5a9a296ab3a) Importer(2089858483,b0f066a214c2f5e87bad3c948f4d605d)
Start importing Assets/LoafbrrAssets/Interiors_A/prefabs/StairSet/Stairs_1m_G_Grp.prefab using Guid(35b905efd020fd04690ba5a9a296ab3a) Importer(2089858483,b0f066a214c2f5e87bad3c948f4d605d) (ScriptedImporter) -> (Import Result ID: '82cc3b737ee16cca35764b54ac41a24d') in 0.0071977 seconds [static and dynamic dependencies]. Details - ImportResultOutputID=34d2cf9aea74391f57466b0a78144299 DependenciesID=0d4dbe5ef851d635d97eb9ad57f77d42 StaticDependenciesID=f395c620a553360e7be5cc2c680d1de2 
Number of updated asset objects reloaded before import = 0Number of asset objects unloaded after import = 28

========================================================================
Received Import Request.
  Time since last request: 0.000013 seconds.
  path: Assets/LoafbrrAssets/Interiors_A/prefabs/wall/Wall_3m_Window_F_Flipped.prefab
  importAddress: Guid(f301d84b626851e4588e96bd963bc80f) Importer(2089858483,b0f066a214c2f5e87bad3c948f4d605d)
Start importing Assets/LoafbrrAssets/Interiors_A/prefabs/wall/Wall_3m_Window_F_Flipped.prefab using Guid(f301d84b626851e4588e96bd963bc80f) Importer(2089858483,b0f066a214c2f5e87bad3c948f4d605d) (ScriptedImporter) -> (Import Result ID: 'ec4d8552425394fb64686e663ea5a2fb') in 0.0094955 seconds [static and dynamic dependencies]. Details - ImportResultOutputID=f8c154a1c285c7fc5fc63e86d8eb2238 DependenciesID=658eb20b3c5abcba7ab72c292fd450ec StaticDependenciesID=be9ae621d1b00f38ab4998b3d1f9760d 
Number of updated asset objects reloaded before import = 0Number of asset objects unloaded after import = 12

========================================================================
Received Import Request.
  Time since last request: 0.000018 seconds.
  path: Assets/Enviroment/enviroment/Office building/material props/Cupboard.mat
  importAddress: Guid(48d73beabad5c4942a89c45d73c8c4d1) Importer(2089858483,b0f066a214c2f5e87bad3c948f4d605d)
Start importing Assets/Enviroment/enviroment/Office building/material props/Cupboard.mat using Guid(48d73beabad5c4942a89c45d73c8c4d1) Importer(2089858483,b0f066a214c2f5e87bad3c948f4d605d) (ScriptedImporter) -> (Import Result ID: '5cf89915080c10d6e26e6fb29f34f4a0') in 0.0041004 seconds [static and dynamic dependencies]. Details - ImportResultOutputID=05a604f967b9fb45cae273a24e447040 DependenciesID=65410be8eb600ad022ef8abc62f37be0 StaticDependenciesID=bdef085076411d6a3fd658f830e1fa8c 
Number of updated asset objects reloaded before import = 0Number of asset objects unloaded after import = 2

========================================================================
Received Import Request.
  Time since last request: 0.000019 seconds.
  path: Assets/Enviroment/enviroment/Office building/textures/Props/used/Kitchen oven.png
  importAddress: Guid(dc23c5cc324f43b42af879b8d6231070) Importer(2089858483,b0f066a214c2f5e87bad3c948f4d605d)
Start importing Assets/Enviroment/enviroment/Office building/textures/Props/used/Kitchen oven.png using Guid(dc23c5cc324f43b42af879b8d6231070) Importer(2089858483,b0f066a214c2f5e87bad3c948f4d605d) (ScriptedImporter) -> (Import Result ID: '7681d906af2841fa7fdcbd75b8bec43d') in 0.0066771 seconds [static and dynamic dependencies]. Details - ImportResultOutputID=f755af5cd1a349a3c833f835577c3be1 DependenciesID=0f58a78ccac2705487111f323a47fa9f StaticDependenciesID=59721040e4989b9a85f4c58685536558 
Number of updated asset objects reloaded before import = 0Number of asset objects unloaded after import = 1

========================================================================
Received Import Request.
  Time since last request: 0.000016 seconds.
  path: Assets/LoafbrrAssets/Interiors_A/prefabs/StairParts/Wall_Stair_1m_Corner_C.prefab
  importAddress: Guid(3946389c43ddc594c8c04c6139d93c47) Importer(2089858483,b0f066a214c2f5e87bad3c948f4d605d)
Start importing Assets/LoafbrrAssets/Interiors_A/prefabs/StairParts/Wall_Stair_1m_Corner_C.prefab using Guid(3946389c43ddc594c8c04c6139d93c47) Importer(2089858483,b0f066a214c2f5e87bad3c948f4d605d) (ScriptedImporter) -> (Import Result ID: '44a4aa2a713274edd372b5087456a8ca') in 0.0109564 seconds [static and dynamic dependencies]. Details - ImportResultOutputID=b335138d7d80474595a3c9585a67129e DependenciesID=5b8ea8094dea813ddcb233157e696c8e StaticDependenciesID=550a053d49b4b58974f782df6f0fac65 
Number of updated asset objects reloaded before import = 0Number of asset objects unloaded after import = 10

========================================================================
Received Import Request.
  Time since last request: 0.000017 seconds.
  path: Assets/LoafbrrAssets/Interiors_A/prefabs/StairSet/Stairs_1m_C_Grp_Flipped.prefab
  importAddress: Guid(0e0c6b64cb52864429dd07fed6a2f107) Importer(2089858483,b0f066a214c2f5e87bad3c948f4d605d)
Start importing Assets/LoafbrrAssets/Interiors_A/prefabs/StairSet/Stairs_1m_C_Grp_Flipped.prefab using Guid(0e0c6b64cb52864429dd07fed6a2f107) Importer(2089858483,b0f066a214c2f5e87bad3c948f4d605d) (ScriptedImporter) -> (Import Result ID: '922ed2d3ad5112cbcd4093c2044f7728') in 0.0068633 seconds [static and dynamic dependencies]. Details - ImportResultOutputID=01c2b29de7dd9b2429c56d421d34f4b4 DependenciesID=e228e164d4bd66ede1e0871f45a3695e StaticDependenciesID=4dc2e9ada28786762bfde7f268acb429 
Number of updated asset objects reloaded before import = 0Number of asset objects unloaded after import = 34

========================================================================
Received Import Request.
  Time since last request: 0.000030 seconds.
  path: Assets/LoafbrrAssets/Interiors_A/texture/Surface_Wall_A/Surface_Wall_A_Diffuse_2K_B.png
  importAddress: Guid(e291056116e17ce4fbfb7cc6a7274b9f) Importer(2089858483,b0f066a214c2f5e87bad3c948f4d605d)
Start importing Assets/LoafbrrAssets/Interiors_A/texture/Surface_Wall_A/Surface_Wall_A_Diffuse_2K_B.png using Guid(e291056116e17ce4fbfb7cc6a7274b9f) Importer(2089858483,b0f066a214c2f5e87bad3c948f4d605d) (ScriptedImporter) -> (Import Result ID: '7657e969e48666f413ba66c58e07448a') in 0.0092882 seconds [static and dynamic dependencies]. Details - ImportResultOutputID=cbfe9e09e622ef75e022ef856b88c767 DependenciesID=6ae69c6c27f7a0a8e51654ff682b0d4f StaticDependenciesID=06a1c414de9fd3119dcb88d254343fc5 
Number of updated asset objects reloaded before import = 0Number of asset objects unloaded after import = 1

========================================================================
Received Import Request.
  Time since last request: 0.000019 seconds.
  path: Assets/Enviroment/enviroment/Office building/Prefabs/Plant 2 prefab.prefab
  importAddress: Guid(c7e13309d6fe92b44aeae0c3ce40fab7) Importer(2089858483,b0f066a214c2f5e87bad3c948f4d605d)
Start importing Assets/Enviroment/enviroment/Office building/Prefabs/Plant 2 prefab.prefab using Guid(c7e13309d6fe92b44aeae0c3ce40fab7) Importer(2089858483,b0f066a214c2f5e87bad3c948f4d605d) (ScriptedImporter) -> (Import Result ID: 'd453b0e971660fad3697dc762688c06e') in 0.006323 seconds [static and dynamic dependencies]. Details - ImportResultOutputID=43766de0795a54c3eec8b11bcf9eeb7f DependenciesID=3595d2e220abda98110536245bfa996a StaticDependenciesID=4da73ff2763d5d492ed920177641d210 
Number of updated asset objects reloaded before import = 0Number of asset objects unloaded after import = 15

========================================================================
Received Import Request.
  Time since last request: 0.000018 seconds.
  path: Assets/Enviroment/enviroment/Office building/textures/plank.png
  importAddress: Guid(f0a75af7e9ac9eb49bd79acbdb7b24f9) Importer(2089858483,b0f066a214c2f5e87bad3c948f4d605d)
Start importing Assets/Enviroment/enviroment/Office building/textures/plank.png using Guid(f0a75af7e9ac9eb49bd79acbdb7b24f9) Importer(2089858483,b0f066a214c2f5e87bad3c948f4d605d) (ScriptedImporter) -> (Import Result ID: '001aa3dfbec19a9c6b99645d6fb9abe4') in 0.0071512 seconds [static and dynamic dependencies]. Details - ImportResultOutputID=efe813fe8e3a0ee8d6228ce6ba439efd DependenciesID=5cb0642dee56f8a086f6c251fa615db6 StaticDependenciesID=4df8bc45ee6f48a328af825183105c3c 
Number of updated asset objects reloaded before import = 0Number of asset objects unloaded after import = 1

========================================================================
Received Import Request.
  Time since last request: 0.000016 seconds.
  path: Assets/Enviroment/enviroment/Office building/textures/Props/used/Office chair.png
  importAddress: Guid(184e50ab9f3cf0d4fb64bbd491b6d96b) Importer(2089858483,b0f066a214c2f5e87bad3c948f4d605d)
Start importing Assets/Enviroment/enviroment/Office building/textures/Props/used/Office chair.png using Guid(184e50ab9f3cf0d4fb64bbd491b6d96b) Importer(2089858483,b0f066a214c2f5e87bad3c948f4d605d) (ScriptedImporter) -> (Import Result ID: '30a1290e6ea1a757b191e37d49d65a6d') in 0.0076139 seconds [static and dynamic dependencies]. Details - ImportResultOutputID=19c8cccb6db93fb41ae9ba931d664eeb DependenciesID=03b46f1911e6461d1fa0d4af633f48c0 StaticDependenciesID=1674366436989c1a42eca20b17861a82 
Number of updated asset objects reloaded before import = 0Number of asset objects unloaded after import = 1

========================================================================
Received Import Request.
  Time since last request: 0.000021 seconds.
  path: Assets/LoafbrrAssets/Interiors_A/prefabs/Vent/Vent_2m.prefab
  importAddress: Guid(0fbd21801b6a5af4caafc7f4b3ba0121) Importer(2089858483,b0f066a214c2f5e87bad3c948f4d605d)
Start importing Assets/LoafbrrAssets/Interiors_A/prefabs/Vent/Vent_2m.prefab using Guid(0fbd21801b6a5af4caafc7f4b3ba0121) Importer(2089858483,b0f066a214c2f5e87bad3c948f4d605d) (ScriptedImporter) -> (Import Result ID: '751582058399d4f4fc40a53baac21af6') in 0.0118491 seconds [static and dynamic dependencies]. Details - ImportResultOutputID=b90598d2b7a56a990cbb9196fa4585e6 DependenciesID=ff629ebdeb21e5173efa4a537d518870 StaticDependenciesID=2112c62c3e736a8bc0651735d2d3efb8 
Number of updated asset objects reloaded before import = 0Number of asset objects unloaded after import = 10

========================================================================
Received Import Request.
  Time since last request: 0.000018 seconds.
  path: Assets/LoafbrrAssets/Interiors_A/fbx/Interiors_A.fbx
  importAddress: Guid(efd7a9b8104d825438596dfd274cb6de) Importer(2089858483,b0f066a214c2f5e87bad3c948f4d605d)
Start importing Assets/LoafbrrAssets/Interiors_A/fbx/Interiors_A.fbx using Guid(efd7a9b8104d825438596dfd274cb6de) Importer(2089858483,b0f066a214c2f5e87bad3c948f4d605d) (ScriptedImporter) -> (Import Result ID: 'e542561dabb442e7186158f57f2d21e0') in 0.2373131 seconds [static and dynamic dependencies]. Details - ImportResultOutputID=5384a0f20e59b9f1c5e2d01e607a0c28 DependenciesID=89b960f1eee88940b07d1208000b2c5d StaticDependenciesID=f9ee24ad718ae3060351fbdbea69779a 
Number of updated asset objects reloaded before import = 0Number of asset objects unloaded after import = 1965

========================================================================
Received Import Request.
  Time since last request: 0.000028 seconds.
  path: Assets/Enviroment/enviroment/Office building/Prefabs/Toilet sign Prefab.prefab
  importAddress: Guid(60703c96bc9c6524ab54de501c41d6a1) Importer(2089858483,b0f066a214c2f5e87bad3c948f4d605d)
Start importing Assets/Enviroment/enviroment/Office building/Prefabs/Toilet sign Prefab.prefab using Guid(60703c96bc9c6524ab54de501c41d6a1) Importer(2089858483,b0f066a214c2f5e87bad3c948f4d605d) (ScriptedImporter) -> (Import Result ID: '1bbfa0ecbcaf5219e67dcad14a5aad99') in 0.0043349 seconds [static and dynamic dependencies]. Details - ImportResultOutputID=a286b1f4680c74348592b00656250cb8 DependenciesID=d7f682da54d33c412db1c03f23c94345 StaticDependenciesID=5730893b7e359dd9532dffed86c653c8 
Number of updated asset objects reloaded before import = 0Number of asset objects unloaded after import = 9

========================================================================
Received Import Request.
  Time since last request: 0.000032 seconds.
  path: Assets/LoafbrrAssets/Interiors_A/fbx
  importAddress: Guid(2fca32ce51d49ea409e4114f82a61af4) Importer(2089858483,b0f066a214c2f5e87bad3c948f4d605d)
Start importing Assets/LoafbrrAssets/Interiors_A/fbx using Guid(2fca32ce51d49ea409e4114f82a61af4) Importer(2089858483,b0f066a214c2f5e87bad3c948f4d605d) (ScriptedImporter) -> (Import Result ID: '983efb0ba32685e23e8b0ca9219c4408') in 0.0023898 seconds [static and dynamic dependencies]. Details - ImportResultOutputID=d138bc5fd682a3b69d9ddb3bd1611b2f DependenciesID=9084af9540cddb69c11f416fcd74c267 StaticDependenciesID=3df3a38c73b0f42c1958f1741bcbf4a6 
Number of updated asset objects reloaded before import = 0Number of asset objects unloaded after import = 1

========================================================================
Received Import Request.
  Time since last request: 0.000013 seconds.
  path: Assets/Scripts
  importAddress: Guid(70bd01526fd542c4aa92eb6b3a692507) Importer(2089858483,b0f066a214c2f5e87bad3c948f4d605d)
Start importing Assets/Scripts using Guid(70bd01526fd542c4aa92eb6b3a692507) Importer(2089858483,b0f066a214c2f5e87bad3c948f4d605d) (ScriptedImporter) -> (Import Result ID: 'e3bc38d9a2dcd7462d60f386c76620e0') in 0.0027832 seconds [static and dynamic dependencies]. Details - ImportResultOutputID=d3a5d4f3cfa1abce711a4e3f874189a3 DependenciesID=9b3c621d92ed7e4e352fcdb2dd997df4 StaticDependenciesID=cb87338c557ae1f71cdba71dd5a37c2d 
Number of updated asset objects reloaded before import = 0Number of asset objects unloaded after import = 1

========================================================================
Received Import Request.
  Time since last request: 0.000014 seconds.
  path: Assets/Enviroment/enviroment/Office building/scripts/Fix_elevator_fall.cs
  importAddress: Guid(86a2df34564f23e44a2ff09161975011) Importer(2089858483,b0f066a214c2f5e87bad3c948f4d605d)
Start importing Assets/Enviroment/enviroment/Office building/scripts/Fix_elevator_fall.cs using Guid(86a2df34564f23e44a2ff09161975011) Importer(2089858483,b0f066a214c2f5e87bad3c948f4d605d) (ScriptedImporter) -> (Import Result ID: '7c49089132e8941d3196ba2891a257d8') in 0.0034667 seconds [static and dynamic dependencies]. Details - ImportResultOutputID=eda94b7c370ae763b984d91613171214 DependenciesID=f06514caad848f546b04d017dd1ea5ed StaticDependenciesID=1e27aaccba51168797fa22116e6fbe10 
Number of updated asset objects reloaded before import = 0Number of asset objects unloaded after import = 0

========================================================================
Received Import Request.
  Time since last request: 0.000015 seconds.
  path: Assets/LoafbrrAssets/Interiors_A/prefabs/StairParts/Stairs_B_2x3.prefab
  importAddress: Guid(42236919817442b48b739899a5695a0f) Importer(2089858483,b0f066a214c2f5e87bad3c948f4d605d)
Start importing Assets/LoafbrrAssets/Interiors_A/prefabs/StairParts/Stairs_B_2x3.prefab using Guid(42236919817442b48b739899a5695a0f) Importer(2089858483,b0f066a214c2f5e87bad3c948f4d605d) (ScriptedImporter) -> (Import Result ID: '5d231caafa0ddb18962a43aef64b89a0') in 0.0117467 seconds [static and dynamic dependencies]. Details - ImportResultOutputID=a3e997d1b5497ee76142b86237a119f4 DependenciesID=35e9857cb7683a977888ec7e667c690e StaticDependenciesID=163849aa3439b7359c1de82171347965 
Number of updated asset objects reloaded before import = 0Number of asset objects unloaded after import = 12

========================================================================
Received Import Request.
  Time since last request: 0.000019 seconds.
  path: Assets/LoafbrrAssets/Interiors_A/prefabs/Decal/Decal_Tape_Caution_1m.prefab
  importAddress: Guid(eac1efaf08d820341b74c3edf6a185da) Importer(2089858483,b0f066a214c2f5e87bad3c948f4d605d)
Start importing Assets/LoafbrrAssets/Interiors_A/prefabs/Decal/Decal_Tape_Caution_1m.prefab using Guid(eac1efaf08d820341b74c3edf6a185da) Importer(2089858483,b0f066a214c2f5e87bad3c948f4d605d) (ScriptedImporter) -> (Import Result ID: '56d6c7187f2cea14501cdf82c17a8407') in 0.0077893 seconds [static and dynamic dependencies]. Details - ImportResultOutputID=a6865e4f2b1cd67bbf40b342026c6a58 DependenciesID=2df5103613e1fc78f27fa1f2fe091ce1 StaticDependenciesID=dc9a68f53107a9aa4c5d6b7469303242 
Number of updated asset objects reloaded before import = 0Number of asset objects unloaded after import = 9

========================================================================
Received Import Request.
  Time since last request: 0.000020 seconds.
  path: Assets/Enviroment/enviroment/Office building/material props/water dispenser Transparent.mat
  importAddress: Guid(7c29179ebff32d34faa0208e74c8c0bd) Importer(2089858483,b0f066a214c2f5e87bad3c948f4d605d)
Start importing Assets/Enviroment/enviroment/Office building/material props/water dispenser Transparent.mat using Guid(7c29179ebff32d34faa0208e74c8c0bd) Importer(2089858483,b0f066a214c2f5e87bad3c948f4d605d) (ScriptedImporter) -> (Import Result ID: '73121e016629efe3d4b3a84f98f1deb5') in 0.0300294 seconds [static and dynamic dependencies]. Details - ImportResultOutputID=79e9441c9d8a0064f3d31a3c88b5de67 DependenciesID=16822bfa986196cc020d92c56e908a5f StaticDependenciesID=65e4e6296ae0d635256589ad2f38eca0 
Number of updated asset objects reloaded before import = 0Number of asset objects unloaded after import = 2

========================================================================
Received Import Request.
  Time since last request: 0.000018 seconds.
  path: Assets/LoafbrrAssets/Interiors_A/prefabs/wall/Wall_Bottom_1m.prefab
  importAddress: Guid(6f20bfdd08bf72546b98a42ef45e5ca4) Importer(2089858483,b0f066a214c2f5e87bad3c948f4d605d)
Start importing Assets/LoafbrrAssets/Interiors_A/prefabs/wall/Wall_Bottom_1m.prefab using Guid(6f20bfdd08bf72546b98a42ef45e5ca4) Importer(2089858483,b0f066a214c2f5e87bad3c948f4d605d) (ScriptedImporter) -> (Import Result ID: '62736e6fa2f5db3ded3ef608ae256eea') in 0.0076499 seconds [static and dynamic dependencies]. Details - ImportResultOutputID=2616ac70c94828ffd970f6e69d8ca7a0 DependenciesID=44727da135b16cbf53a0d65d4acba5ed StaticDependenciesID=df3ea219d2b990a4a389f2c7c3b96a1b 
Number of updated asset objects reloaded before import = 0Number of asset objects unloaded after import = 11

========================================================================
Received Import Request.
  Time since last request: 0.000029 seconds.
  path: Assets/Enviroment/enviroment/Office building/Prefabs/Printer A prefab.prefab
  importAddress: Guid(376d9b5720043db4e869a7ef729a88a0) Importer(2089858483,b0f066a214c2f5e87bad3c948f4d605d)
Start importing Assets/Enviroment/enviroment/Office building/Prefabs/Printer A prefab.prefab using Guid(376d9b5720043db4e869a7ef729a88a0) Importer(2089858483,b0f066a214c2f5e87bad3c948f4d605d) (ScriptedImporter) -> (Import Result ID: '4510bc48dddae9eeae148b90269753d9') in 0.0059008 seconds [static and dynamic dependencies]. Details - ImportResultOutputID=d28baaa21aa2d932f9e9f485b8996e7d DependenciesID=229781b243f953967264da2874755ad1 StaticDependenciesID=64fff93564bf5537357635269cc3c692 
Number of updated asset objects reloaded before import = 0Number of asset objects unloaded after import = 10

========================================================================
Received Import Request.
  Time since last request: 0.000018 seconds.
  path: Assets/LoafbrrAssets/Interiors_A/prefabs/StairSet/Stairs_2m_B_Grp_Flipped.prefab
  importAddress: Guid(d57af9dba5a6af0478634ca885cc568b) Importer(2089858483,b0f066a214c2f5e87bad3c948f4d605d)
Start importing Assets/LoafbrrAssets/Interiors_A/prefabs/StairSet/Stairs_2m_B_Grp_Flipped.prefab using Guid(d57af9dba5a6af0478634ca885cc568b) Importer(2089858483,b0f066a214c2f5e87bad3c948f4d605d) (ScriptedImporter) -> (Import Result ID: '2108feeeffcaa24b2fd79ed53dd3ade5') in 0.0076237 seconds [static and dynamic dependencies]. Details - ImportResultOutputID=51feffaa0b731e8e53db54863547ba81 DependenciesID=4e00eeefe75cb41153e558c4b19b236d StaticDependenciesID=766683d765235e5096bb797f77ed66c0 
Number of updated asset objects reloaded before import = 0Number of asset objects unloaded after import = 34

========================================================================
Received Import Request.
  Time since last request: 0.000015 seconds.
  path: Assets/Enviroment/enviroment/Office building/material props/Kitchen Table B.mat
  importAddress: Guid(f798579e6d2772e4e99187964a987044) Importer(2089858483,b0f066a214c2f5e87bad3c948f4d605d)
Start importing Assets/Enviroment/enviroment/Office building/material props/Kitchen Table B.mat using Guid(f798579e6d2772e4e99187964a987044) Importer(2089858483,b0f066a214c2f5e87bad3c948f4d605d) (ScriptedImporter) -> (Import Result ID: '08b1a14571b2d94814fe48312e8d11d5') in 0.0062489 seconds [static and dynamic dependencies]. Details - ImportResultOutputID=8775ba6c183588fb42453f48c07d0aa8 DependenciesID=eaee41020896a459a787290c433170b1 StaticDependenciesID=c7b3b3164032bdc968c464921ce3f890 
Number of updated asset objects reloaded before import = 0Number of asset objects unloaded after import = 2

========================================================================
Received Import Request.
  Time since last request: 0.000017 seconds.
  path: Assets/Scripts/ElevatorManager.cs
  importAddress: Guid(3ff4e1e6ab89ae64497e5f88f0a5d47a) Importer(2089858483,b0f066a214c2f5e87bad3c948f4d605d)
Start importing Assets/Scripts/ElevatorManager.cs using Guid(3ff4e1e6ab89ae64497e5f88f0a5d47a) Importer(2089858483,b0f066a214c2f5e87bad3c948f4d605d) (ScriptedImporter) -> (Import Result ID: 'cfbf33c1c0f1d0d6de5b5e5c36318a27') in 0.0032085 seconds [static and dynamic dependencies]. Details - ImportResultOutputID=30324122e0469163d6f02086472ea8b3 DependenciesID=37afbb0123f4154a8f30701c03e3db3c StaticDependenciesID=64a1f9f1cb7adcfdd159217931f1a952 
Number of updated asset objects reloaded before import = 0Number of asset objects unloaded after import = 0

========================================================================
Received Import Request.
  Time since last request: 0.000017 seconds.
  path: Assets/Enviroment/enviroment/Office building/material props/Kindergarten chair.mat
  importAddress: Guid(2e8b1b2da7e7ef94b924bc64e5894048) Importer(2089858483,b0f066a214c2f5e87bad3c948f4d605d)
Start importing Assets/Enviroment/enviroment/Office building/material props/Kindergarten chair.mat using Guid(2e8b1b2da7e7ef94b924bc64e5894048) Importer(2089858483,b0f066a214c2f5e87bad3c948f4d605d) (ScriptedImporter) -> (Import Result ID: 'a868a13e0022826b58fa4bd1a5e1a12e') in 0.0070745 seconds [static and dynamic dependencies]. Details - ImportResultOutputID=b4afc35847b3f12a204745f3203dd142 DependenciesID=537e575f5f25601d9a983060fa205d0d StaticDependenciesID=cdd12665893c01268551c6374b97f510 
Number of updated asset objects reloaded before import = 0Number of asset objects unloaded after import = 2

========================================================================
Received Import Request.
  Time since last request: 0.000024 seconds.
  path: Assets/LoafbrrAssets/Interiors_A/prefabs/wall/Wall_1m_Door.prefab
  importAddress: Guid(60c52bc665b0a9d4d91b90fc8b2eafee) Importer(2089858483,b0f066a214c2f5e87bad3c948f4d605d)
Start importing Assets/LoafbrrAssets/Interiors_A/prefabs/wall/Wall_1m_Door.prefab using Guid(60c52bc665b0a9d4d91b90fc8b2eafee) Importer(2089858483,b0f066a214c2f5e87bad3c948f4d605d) (ScriptedImporter) -> (Import Result ID: 'eb0b5e8c41764239b2e3b9e7739ff557') in 0.0097872 seconds [static and dynamic dependencies]. Details - ImportResultOutputID=257be44a5cbecc4d439b5316ea04b02c DependenciesID=9c2e187b849d4b4583168a4f106db67c StaticDependenciesID=9fb37821d1a0deaccc354e594fc6212f 
Number of updated asset objects reloaded before import = 0Number of asset objects unloaded after import = 10

========================================================================
Received Import Request.
  Time since last request: 0.000044 seconds.
  path: Assets/LoafbrrAssets/Interiors_A/prefabs/Decal
  importAddress: Guid(2a2c227cb1442e14ab4d6180d1e9da1a) Importer(2089858483,b0f066a214c2f5e87bad3c948f4d605d)
Start importing Assets/LoafbrrAssets/Interiors_A/prefabs/Decal using Guid(2a2c227cb1442e14ab4d6180d1e9da1a) Importer(2089858483,b0f066a214c2f5e87bad3c948f4d605d) (ScriptedImporter) -> (Import Result ID: '8436e5e3f63ce99b7126774d0fa42c43') in 0.0029745 seconds [static and dynamic dependencies]. Details - ImportResultOutputID=745d1102e7b3bb68eca24c7e077af6ca DependenciesID=d2d12e9b4a9bcd1b8f8faf0e07f210f0 StaticDependenciesID=c09eac006d5d8018832fbf124e7ee304 
Number of updated asset objects reloaded before import = 0Number of asset objects unloaded after import = 1

========================================================================
Received Import Request.
  Time since last request: 0.000029 seconds.
  path: Assets/Enviroment/enviroment/Office building/scripts
  importAddress: Guid(5fbf166c3e3446944b26c9d896f2701d) Importer(2089858483,b0f066a214c2f5e87bad3c948f4d605d)
Start importing Assets/Enviroment/enviroment/Office building/scripts using Guid(5fbf166c3e3446944b26c9d896f2701d) Importer(2089858483,b0f066a214c2f5e87bad3c948f4d605d) (ScriptedImporter) -> (Import Result ID: '62b341a32bc9a49707c791257455ad3e') in 0.0032111 seconds [static and dynamic dependencies]. Details - ImportResultOutputID=e6142b95b0a22c11ff52c4878ef8aee2 DependenciesID=40081d817a7ad117dc21f2a6577258e3 StaticDependenciesID=aa14aa6eb3222c44e0b25cc837fac934 
Number of updated asset objects reloaded before import = 0Number of asset objects unloaded after import = 1

========================================================================
Received Import Request.
  Time since last request: 0.000015 seconds.
  path: Assets/LoafbrrAssets/Interiors_A/prefabs/StairSet/Stairs_3m_C_Grp.prefab
  importAddress: Guid(7100b76fab906b446bfb1c271ced2fe9) Importer(2089858483,b0f066a214c2f5e87bad3c948f4d605d)
Start importing Assets/LoafbrrAssets/Interiors_A/prefabs/StairSet/Stairs_3m_C_Grp.prefab using Guid(7100b76fab906b446bfb1c271ced2fe9) Importer(2089858483,b0f066a214c2f5e87bad3c948f4d605d) (ScriptedImporter) -> (Import Result ID: '6f028e1339bb61fff7b4da3f19454eb2') in 0.0061083 seconds [static and dynamic dependencies]. Details - ImportResultOutputID=e9e6c13ce9f8fc65a4d01011552ea7e3 DependenciesID=2b5e229e26c593be546aca0eb622ca44 StaticDependenciesID=b62d182b086433d6e7a60be46d5aa2b3 
Number of updated asset objects reloaded before import = 0Number of asset objects unloaded after import = 40

========================================================================
Received Import Request.
  Time since last request: 0.000019 seconds.
  path: Assets/Scripts/ElevatorPanelController.cs
  importAddress: Guid(d08eea453ca3ba14d949d99a5f047aa7) Importer(2089858483,b0f066a214c2f5e87bad3c948f4d605d)
Start importing Assets/Scripts/ElevatorPanelController.cs using Guid(d08eea453ca3ba14d949d99a5f047aa7) Importer(2089858483,b0f066a214c2f5e87bad3c948f4d605d) (ScriptedImporter) -> (Import Result ID: 'bcabbb9410b631650d5905c37b939880') in 0.0025531 seconds [static and dynamic dependencies]. Details - ImportResultOutputID=0bfca4e3f2118f6c1550b00571eb1995 DependenciesID=af352a84a3dfc633570cdd0956813a32 StaticDependenciesID=d03745c925af60b7fad555788db44362 
Number of updated asset objects reloaded before import = 0Number of asset objects unloaded after import = 0

========================================================================
Received Import Request.
  Time since last request: 0.000015 seconds.
  path: Assets/LoafbrrAssets/Interiors_A/materials/Glass.mat
  importAddress: Guid(7b855e30670c8d24984daa2a3573165d) Importer(2089858483,b0f066a214c2f5e87bad3c948f4d605d)
Start importing Assets/LoafbrrAssets/Interiors_A/materials/Glass.mat using Guid(7b855e30670c8d24984daa2a3573165d) Importer(2089858483,b0f066a214c2f5e87bad3c948f4d605d) (ScriptedImporter) -> (Import Result ID: '7dad075595f6929fde1de638f5b147cc') in 0.0200981 seconds [static and dynamic dependencies]. Details - ImportResultOutputID=0936b0973a81239ce5a93e8ac4b0dc5f DependenciesID=3ccdfc7ba59d899f7b9d60fc58bdc346 StaticDependenciesID=9b178fb91f133731648f12fb0dbc0bb9 
Number of updated asset objects reloaded before import = 0Number of asset objects unloaded after import = 9

========================================================================
Received Import Request.
  Time since last request: 0.000020 seconds.
  path: Assets/LoafbrrAssets/Interiors_A/prefabs/StairParts/Stair_Rail_A_Flipped.prefab
  importAddress: Guid(79f59a9c5e56be84cb95a528dd5eb628) Importer(2089858483,b0f066a214c2f5e87bad3c948f4d605d)
Start importing Assets/LoafbrrAssets/Interiors_A/prefabs/StairParts/Stair_Rail_A_Flipped.prefab using Guid(79f59a9c5e56be84cb95a528dd5eb628) Importer(2089858483,b0f066a214c2f5e87bad3c948f4d605d) (ScriptedImporter) -> (Import Result ID: 'f8f8bc3640fa921dd3c7fbe6d1e36103') in 0.0103263 seconds [static and dynamic dependencies]. Details - ImportResultOutputID=8bb10737b5f93b10390effee8f6d9e60 DependenciesID=a3f52b47242bad79d509f935863b7aba StaticDependenciesID=a46597a1a81b51939b0a89323071da9d 
Number of updated asset objects reloaded before import = 0Number of asset objects unloaded after import = 10

========================================================================
Received Import Request.
  Time since last request: 0.000024 seconds.
  path: Assets/LoafbrrAssets/Interiors_A/prefabs/Decal/Decal_Wall_Plugs.prefab
  importAddress: Guid(be87f500931e25747a60ab130811926d) Importer(2089858483,b0f066a214c2f5e87bad3c948f4d605d)
Start importing Assets/LoafbrrAssets/Interiors_A/prefabs/Decal/Decal_Wall_Plugs.prefab using Guid(be87f500931e25747a60ab130811926d) Importer(2089858483,b0f066a214c2f5e87bad3c948f4d605d) (ScriptedImporter) -> (Import Result ID: '2631716c7414c64d90ade54e0bb42b4c') in 0.0084119 seconds [static and dynamic dependencies]. Details - ImportResultOutputID=fd1941f6a1b62f5a10713cd1984e7cfb DependenciesID=d5dd6d3a868be9673620cedd527f05b5 StaticDependenciesID=116855a568211a97e611c84fcc19c343 
Number of updated asset objects reloaded before import = 0Number of asset objects unloaded after import = 9

========================================================================
Received Import Request.
  Time since last request: 0.000022 seconds.
  path: Assets/Enviroment/enviroment/Office building/material props/Table.mat
  importAddress: Guid(d80708ccb50a0804688af007435a0828) Importer(2089858483,b0f066a214c2f5e87bad3c948f4d605d)
Start importing Assets/Enviroment/enviroment/Office building/material props/Table.mat using Guid(d80708ccb50a0804688af007435a0828) Importer(2089858483,b0f066a214c2f5e87bad3c948f4d605d) (ScriptedImporter) -> (Import Result ID: 'e3f7da0fed5ae098eb0ffd110bfe8e33') in 0.0040728 seconds [static and dynamic dependencies]. Details - ImportResultOutputID=8f9cd61f74022ceaeb1708eb85a33d37 DependenciesID=c76d165dcb2554e9bb46f75051b94b57 StaticDependenciesID=69578fda054438be0ffae6051a33bfd0 
Number of updated asset objects reloaded before import = 0Number of asset objects unloaded after import = 2

========================================================================
Received Import Request.
  Time since last request: 0.000034 seconds.
  path: Assets/Enviroment/enviroment/Office building/textures/lamps
  importAddress: Guid(4c68d809ff8d65d4bb136e385ab88762) Importer(2089858483,b0f066a214c2f5e87bad3c948f4d605d)
Start importing Assets/Enviroment/enviroment/Office building/textures/lamps using Guid(4c68d809ff8d65d4bb136e385ab88762) Importer(2089858483,b0f066a214c2f5e87bad3c948f4d605d) (ScriptedImporter) -> (Import Result ID: '6254e248c70fb6d6bd986bef0d82cd6b') in 0.0029437 seconds [static and dynamic dependencies]. Details - ImportResultOutputID=ce934842dfe6426f86cd9e4001d0e86a DependenciesID=d67331faf8de44280a524b69baea2745 StaticDependenciesID=2779c7ae86700eadcaec4c90b42e99f1 
Number of updated asset objects reloaded before import = 0Number of asset objects unloaded after import = 1

========================================================================
Received Import Request.
  Time since last request: 0.000022 seconds.
  path: Assets/LoafbrrAssets/Interiors_A/texture/MiscTrim/MiscTrim_Normal_1K.png
  importAddress: Guid(5d4695ab9d2503248be1d44bada66a05) Importer(2089858483,b0f066a214c2f5e87bad3c948f4d605d)
Start importing Assets/LoafbrrAssets/Interiors_A/texture/MiscTrim/MiscTrim_Normal_1K.png using Guid(5d4695ab9d2503248be1d44bada66a05) Importer(2089858483,b0f066a214c2f5e87bad3c948f4d605d) (ScriptedImporter) -> (Import Result ID: '5810d2a25efc15bf02a37a6024045709') in 0.0092896 seconds [static and dynamic dependencies]. Details - ImportResultOutputID=b1721a1789ba7a04d064b95ddc7502c2 DependenciesID=e9aec2c23ea74ce9ea4cbecab4b7409f StaticDependenciesID=fc5010943468e4f3efc4c14ea2f662f6 
Number of updated asset objects reloaded before import = 0Number of asset objects unloaded after import = 1

========================================================================
Received Import Request.
  Time since last request: 0.000013 seconds.
  path: Assets/LoafbrrAssets/Interiors_A/prefabs/StairSet/Stairs_2m_G_Grp.prefab
  importAddress: Guid(dde49a8e96cc7764c9f5cf091d7a9ef4) Importer(2089858483,b0f066a214c2f5e87bad3c948f4d605d)
Start importing Assets/LoafbrrAssets/Interiors_A/prefabs/StairSet/Stairs_2m_G_Grp.prefab using Guid(dde49a8e96cc7764c9f5cf091d7a9ef4) Importer(2089858483,b0f066a214c2f5e87bad3c948f4d605d) (ScriptedImporter) -> (Import Result ID: '928f4ea2df24821c6d14d2b5182a1319') in 0.0071137 seconds [static and dynamic dependencies]. Details - ImportResultOutputID=2f6b23ac3e7b51a1c77f9e31d97dd62b DependenciesID=b50cc87fe32e4a289f4678438dea5bb9 StaticDependenciesID=e36c1da92a136b524f0625b34f841e74 
Number of updated asset objects reloaded before import = 0Number of asset objects unloaded after import = 28

========================================================================
Received Import Request.
  Time since last request: 0.000016 seconds.
  path: Assets/Enviroment/enviroment/Office building/textures/Props/used/partition wall.png
  importAddress: Guid(a7fb3302f9859194d8e4abfd0f3d65b3) Importer(2089858483,b0f066a214c2f5e87bad3c948f4d605d)
Start importing Assets/Enviroment/enviroment/Office building/textures/Props/used/partition wall.png using Guid(a7fb3302f9859194d8e4abfd0f3d65b3) Importer(2089858483,b0f066a214c2f5e87bad3c948f4d605d) (ScriptedImporter) -> (Import Result ID: '8834c0951c871fe8ac2852deea04d665') in 0.0054485 seconds [static and dynamic dependencies]. Details - ImportResultOutputID=858353a2217870c0665e071896a881c1 DependenciesID=1d6b24ed292d9ef50fa217353911c6e1 StaticDependenciesID=09edb15740a9a4020e124543467a8274 
Number of updated asset objects reloaded before import = 0Number of asset objects unloaded after import = 1

========================================================================
Received Import Request.
  Time since last request: 0.000020 seconds.
  path: Assets/Enviroment/enviroment/Office building/material props/File box grey.mat
  importAddress: Guid(e75cd6b779025fc45afeb37e003880f3) Importer(2089858483,b0f066a214c2f5e87bad3c948f4d605d)
Start importing Assets/Enviroment/enviroment/Office building/material props/File box grey.mat using Guid(e75cd6b779025fc45afeb37e003880f3) Importer(2089858483,b0f066a214c2f5e87bad3c948f4d605d) (ScriptedImporter) -> (Import Result ID: '4b1bd22b6c082e885424a5f9a62d4f3d') in 0.0043802 seconds [static and dynamic dependencies]. Details - ImportResultOutputID=5f6cd9a0401e68ad0f8c9b96b819cc44 DependenciesID=a56843a56bbba80ccb3324baeb2c5ea9 StaticDependenciesID=778f74788f84697d3d810d395775550f 
Number of updated asset objects reloaded before import = 0Number of asset objects unloaded after import = 2

========================================================================
Received Import Request.
  Time since last request: 0.000021 seconds.
  path: Assets/LoafbrrAssets/Interiors_A/prefabs/StairParts/Wall_Stair_2m_Corner_C.prefab
  importAddress: Guid(116d06c238329cf43a99f706bb040700) Importer(2089858483,b0f066a214c2f5e87bad3c948f4d605d)
Start importing Assets/LoafbrrAssets/Interiors_A/prefabs/StairParts/Wall_Stair_2m_Corner_C.prefab using Guid(116d06c238329cf43a99f706bb040700) Importer(2089858483,b0f066a214c2f5e87bad3c948f4d605d) (ScriptedImporter) -> (Import Result ID: 'cedda8a4b4f56c2252a342febf00a3a8') in 0.0100109 seconds [static and dynamic dependencies]. Details - ImportResultOutputID=d2065e0e4a1f8da8fdc7f038b1e52703 DependenciesID=acf604e950b5bdc9ca58250986b158b9 StaticDependenciesID=6f8c86f559367ffe1a661516d89ab1d0 
Number of updated asset objects reloaded before import = 0Number of asset objects unloaded after import = 10

========================================================================
Received Import Request.
  Time since last request: 0.000020 seconds.
  path: Assets/LoafbrrAssets/Interiors_A/prefabs/StairParts/Wall_Stair_3m_Corner_B.prefab
  importAddress: Guid(1533473bf20562d4a8ff8712ab010187) Importer(2089858483,b0f066a214c2f5e87bad3c948f4d605d)
Start importing Assets/LoafbrrAssets/Interiors_A/prefabs/StairParts/Wall_Stair_3m_Corner_B.prefab using Guid(1533473bf20562d4a8ff8712ab010187) Importer(2089858483,b0f066a214c2f5e87bad3c948f4d605d) (ScriptedImporter) -> (Import Result ID: 'c0eb44066bedd0bbe467d294ca04f7a5') in 0.0090811 seconds [static and dynamic dependencies]. Details - ImportResultOutputID=1a0c77b14bffddcc9132186f5bf5726b DependenciesID=4b240fbd5692cc8df85bb167506da8ce StaticDependenciesID=57a34bb604d457b940334ac66ef076fd 
Number of updated asset objects reloaded before import = 0Number of asset objects unloaded after import = 10

========================================================================
Received Import Request.
  Time since last request: 0.000022 seconds.
  path: Assets/Enviroment/enviroment/Office building/material props/ABC puzzle floor.mat
  importAddress: Guid(0761c066c2e2acf42a5af28eff154182) Importer(2089858483,b0f066a214c2f5e87bad3c948f4d605d)
Start importing Assets/Enviroment/enviroment/Office building/material props/ABC puzzle floor.mat using Guid(0761c066c2e2acf42a5af28eff154182) Importer(2089858483,b0f066a214c2f5e87bad3c948f4d605d) (ScriptedImporter) -> (Import Result ID: 'e3d453df4024038e900e4abc1b8226df') in 0.0050033 seconds [static and dynamic dependencies]. Details - ImportResultOutputID=711e40f620ecec5820462e587f0d10ef DependenciesID=08bef8e0258764d9c3b21de0e02d095b StaticDependenciesID=e37cfb68ab10976db1b0bb60e2fb8bd4 
Number of updated asset objects reloaded before import = 0Number of asset objects unloaded after import = 2

========================================================================
Received Import Request.
  Time since last request: 0.000030 seconds.
  path: Assets/Enviroment/enviroment/Office building/Materials
  importAddress: Guid(55fbc2bc57831b24cbcbc02a450d14f0) Importer(2089858483,b0f066a214c2f5e87bad3c948f4d605d)
Start importing Assets/Enviroment/enviroment/Office building/Materials using Guid(55fbc2bc57831b24cbcbc02a450d14f0) Importer(2089858483,b0f066a214c2f5e87bad3c948f4d605d) (ScriptedImporter) -> (Import Result ID: 'e53cd60a36ed22db16515540cce5a3c8') in 0.0024257 seconds [static and dynamic dependencies]. Details - ImportResultOutputID=c3c02a603f6472697bbaad82adde5c72 DependenciesID=e2b722ad67da500facd63d1a65948d5f StaticDependenciesID=927d02aa0244c4642883f4cbb94f9eb8 
Number of updated asset objects reloaded before import = 0Number of asset objects unloaded after import = 1

========================================================================
Received Import Request.
  Time since last request: 0.000017 seconds.
  path: Assets/Enviroment/enviroment/Office building/material props/Sign securety only.mat
  importAddress: Guid(42945357b9b9a764fb4481e7c602799a) Importer(2089858483,b0f066a214c2f5e87bad3c948f4d605d)
Start importing Assets/Enviroment/enviroment/Office building/material props/Sign securety only.mat using Guid(42945357b9b9a764fb4481e7c602799a) Importer(2089858483,b0f066a214c2f5e87bad3c948f4d605d) (ScriptedImporter) -> (Import Result ID: '7deff71018703a7d692b637ec09a2dc5') in 0.0056844 seconds [static and dynamic dependencies]. Details - ImportResultOutputID=4dd14c20463396726e86368a61ad2e8a DependenciesID=e38d274e906367e23f76b42adfe89003 StaticDependenciesID=6f2eae58951b3b1839e5a28b86f7799d 
Number of updated asset objects reloaded before import = 0Number of asset objects unloaded after import = 2

========================================================================
Received Import Request.
  Time since last request: 0.000023 seconds.
  path: Assets/LoafbrrAssets/Interiors_A/prefabs/wall/Wall_2m_Door_A.prefab
  importAddress: Guid(c055e52abb59c0f4bbd2582a31d4eea8) Importer(2089858483,b0f066a214c2f5e87bad3c948f4d605d)
Start importing Assets/LoafbrrAssets/Interiors_A/prefabs/wall/Wall_2m_Door_A.prefab using Guid(c055e52abb59c0f4bbd2582a31d4eea8) Importer(2089858483,b0f066a214c2f5e87bad3c948f4d605d) (ScriptedImporter) -> (Import Result ID: '6ed7038ff72ec9dceca6459567b72da5') in 0.0113284 seconds [static and dynamic dependencies]. Details - ImportResultOutputID=2f0c840c6208287b80b92746e0ac776b DependenciesID=b3076e920303f3e10c81b9051de5f6b9 StaticDependenciesID=0df0e3b5a7cd46af31f2916d0441129f 
Number of updated asset objects reloaded before import = 0Number of asset objects unloaded after import = 10

========================================================================
Received Import Request.
  Time since last request: 0.000015 seconds.
  path: Assets/Enviroment/enviroment/Office building/Material lamps evelator
  importAddress: Guid(197412994957bbd4697fb85a3a44ae4d) Importer(2089858483,b0f066a214c2f5e87bad3c948f4d605d)
Start importing Assets/Enviroment/enviroment/Office building/Material lamps evelator using Guid(197412994957bbd4697fb85a3a44ae4d) Importer(2089858483,b0f066a214c2f5e87bad3c948f4d605d) (ScriptedImporter) -> (Import Result ID: 'a0f430c7aca5b0d58450d63953ab0ecf') in 0.0027077 seconds [static and dynamic dependencies]. Details - ImportResultOutputID=a03290408a13c2ccfa21e4944362f0f2 DependenciesID=0dfb220114c19012b9f6b43132bb7e9c StaticDependenciesID=1691674b9d69ddabfd4d92534f3ac414 
Number of updated asset objects reloaded before import = 0Number of asset objects unloaded after import = 1

========================================================================
Received Import Request.
  Time since last request: 0.000014 seconds.
  path: Assets/LoafbrrAssets/Interiors_A/prefabs/StairSet/Stairs_2m_F_Grp.prefab
  importAddress: Guid(03a4fe58c8129fd4a93268b2abf749d4) Importer(2089858483,b0f066a214c2f5e87bad3c948f4d605d)
Start importing Assets/LoafbrrAssets/Interiors_A/prefabs/StairSet/Stairs_2m_F_Grp.prefab using Guid(03a4fe58c8129fd4a93268b2abf749d4) Importer(2089858483,b0f066a214c2f5e87bad3c948f4d605d) (ScriptedImporter) -> (Import Result ID: '1494cb27f815c4b6b078eecf07ea46e9') in 0.0058116 seconds [static and dynamic dependencies]. Details - ImportResultOutputID=17baa3afbf607f2784a3e796baac01c5 DependenciesID=1f2f86bcd5aa2f98475358bfcff85434 StaticDependenciesID=137fee8325758cafb17f6e9adab5247a 
Number of updated asset objects reloaded before import = 0Number of asset objects unloaded after import = 34

========================================================================
Received Import Request.
  Time since last request: 0.000013 seconds.
  path: Assets/LoafbrrAssets/Interiors_A/prefabs/Decal/Decal_Wall_Switch.prefab
  importAddress: Guid(1648def156698c44ca34e6a954470679) Importer(2089858483,b0f066a214c2f5e87bad3c948f4d605d)
Start importing Assets/LoafbrrAssets/Interiors_A/prefabs/Decal/Decal_Wall_Switch.prefab using Guid(1648def156698c44ca34e6a954470679) Importer(2089858483,b0f066a214c2f5e87bad3c948f4d605d) (ScriptedImporter) -> (Import Result ID: 'ac773e2c80f6f3ed5339ec528e006612') in 0.0097059 seconds [static and dynamic dependencies]. Details - ImportResultOutputID=5eed591d3bb84276a8c409f2a050273e DependenciesID=26b63f7aa066d0af6a014cc8f32c6782 StaticDependenciesID=c3fded327e66ac765dc812333b9a73c6 
Number of updated asset objects reloaded before import = 0Number of asset objects unloaded after import = 9

========================================================================
Received Import Request.
  Time since last request: 0.000017 seconds.
  path: Assets/Enviroment/enviroment/Office building/Material lamps evelator/Lamp C.mat
  importAddress: Guid(64e2ee8987f77774fa23328f88ce3685) Importer(2089858483,b0f066a214c2f5e87bad3c948f4d605d)
Start importing Assets/Enviroment/enviroment/Office building/Material lamps evelator/Lamp C.mat using Guid(64e2ee8987f77774fa23328f88ce3685) Importer(2089858483,b0f066a214c2f5e87bad3c948f4d605d) (ScriptedImporter) -> (Import Result ID: 'c113f61902396b12ce0cdcdbcbe5d551') in 0.0044686 seconds [static and dynamic dependencies]. Details - ImportResultOutputID=5b6035b533a78bd76c11f6c08c2c65f0 DependenciesID=8bb6a5ed34cbf5459897473cb871611f StaticDependenciesID=4879bf69a4a81e2f82ab4a889c9c7293 
Number of updated asset objects reloaded before import = 0Number of asset objects unloaded after import = 3

========================================================================
Received Import Request.
  Time since last request: 0.000024 seconds.
  path: Assets/Enviroment/enviroment/Office building/scripts/Door.cs
  importAddress: Guid(7e7954b3afdba044799272ef7bf5c206) Importer(2089858483,b0f066a214c2f5e87bad3c948f4d605d)
Start importing Assets/Enviroment/enviroment/Office building/scripts/Door.cs using Guid(7e7954b3afdba044799272ef7bf5c206) Importer(2089858483,b0f066a214c2f5e87bad3c948f4d605d) (ScriptedImporter) -> (Import Result ID: '86bb177bfcc8e657dae5ffc7534ba4ac') in 0.0024299 seconds [static and dynamic dependencies]. Details - ImportResultOutputID=b527c8c109016a6e635d70a2a04e85f9 DependenciesID=4248b2e21f6a7aaa73386f8158a35da8 StaticDependenciesID=7511c9b1c5460b1f449767ec8d1caca5 
Number of updated asset objects reloaded before import = 0Number of asset objects unloaded after import = 0

========================================================================
Received Import Request.
  Time since last request: 0.000016 seconds.
  path: Assets/LoafbrrAssets/Interiors_A/prefabs/wall/Wall_3m_Window_B.prefab
  importAddress: Guid(fb3262ba14d41c34abd40f3d9af648b4) Importer(2089858483,b0f066a214c2f5e87bad3c948f4d605d)
Start importing Assets/LoafbrrAssets/Interiors_A/prefabs/wall/Wall_3m_Window_B.prefab using Guid(fb3262ba14d41c34abd40f3d9af648b4) Importer(2089858483,b0f066a214c2f5e87bad3c948f4d605d) (ScriptedImporter) -> (Import Result ID: 'a5c57a954c350b774e79cf46b0841b6a') in 0.0104525 seconds [static and dynamic dependencies]. Details - ImportResultOutputID=66d5185269bf2ffa43977685f37e251f DependenciesID=f9647710874dcb1ea95cffe4fb932da8 StaticDependenciesID=e4962412a3a5d3f357baf4b4c91ffb07 
Number of updated asset objects reloaded before import = 0Number of asset objects unloaded after import = 10

========================================================================
Received Import Request.
  Time since last request: 0.000013 seconds.
  path: Assets/Enviroment/enviroment/Office building/meshes/Clock.fbx
  importAddress: Guid(8e0070b5b411d204a804fff8e62d694e) Importer(2089858483,b0f066a214c2f5e87bad3c948f4d605d)
Start importing Assets/Enviroment/enviroment/Office building/meshes/Clock.fbx using Guid(8e0070b5b411d204a804fff8e62d694e) Importer(2089858483,b0f066a214c2f5e87bad3c948f4d605d) (ScriptedImporter) -> (Import Result ID: '4a6bd1885f90ccd608399155dfc30925') in 0.0117566 seconds [static and dynamic dependencies]. Details - ImportResultOutputID=ee640bc19584eb9a9cb39130bfe03286 DependenciesID=cf7c33bb90c47708f6c511a6ae76045e StaticDependenciesID=59fedc9d7633391cca59dc1c82955396 
Number of updated asset objects reloaded before import = 0Number of asset objects unloaded after import = 9

========================================================================
Received Import Request.
  Time since last request: 0.000016 seconds.
  path: Assets/Enviroment/enviroment/Office building/Prefabs/Fridge Prefab.prefab
  importAddress: Guid(a9601c421be01af42bdaca1eec89db93) Importer(2089858483,b0f066a214c2f5e87bad3c948f4d605d)
Start importing Assets/Enviroment/enviroment/Office building/Prefabs/Fridge Prefab.prefab using Guid(a9601c421be01af42bdaca1eec89db93) Importer(2089858483,b0f066a214c2f5e87bad3c948f4d605d) (ScriptedImporter) -> (Import Result ID: 'cb34467688c75c5484bdef851c4c39a4') in 0.0058079 seconds [static and dynamic dependencies]. Details - ImportResultOutputID=574f06337587d19a44c3f9f0d1a2889d DependenciesID=d1dde490cec3193a29c9902a2ba7e70c StaticDependenciesID=3f55facab22feceea63eafe4d570298b 
Number of updated asset objects reloaded before import = 0Number of asset objects unloaded after import = 10

========================================================================
Received Import Request.
  Time since last request: 0.000020 seconds.
  path: Assets/LoafbrrAssets/Interiors_A/prefabs/StairParts/Wall_Stair_1m_Trim_Flipped.prefab
  importAddress: Guid(28a104dbaa8d7424f870bdb27b050fdb) Importer(2089858483,b0f066a214c2f5e87bad3c948f4d605d)
Start importing Assets/LoafbrrAssets/Interiors_A/prefabs/StairParts/Wall_Stair_1m_Trim_Flipped.prefab using Guid(28a104dbaa8d7424f870bdb27b050fdb) Importer(2089858483,b0f066a214c2f5e87bad3c948f4d605d) (ScriptedImporter) -> (Import Result ID: '4fa6741434547cbc5ac9d603f76d5213') in 0.0080882 seconds [static and dynamic dependencies]. Details - ImportResultOutputID=86176c98fb86374f4b8ec9a389b05c6e DependenciesID=5c95256a7e8ae756514ef47789708912 StaticDependenciesID=05203e28fc4e9b400d5359581a26a2e6 
Number of updated asset objects reloaded before import = 0Number of asset objects unloaded after import = 10

========================================================================
Received Import Request.
  Time since last request: 0.000017 seconds.
  path: Assets/Enviroment/enviroment/Office building/material props/PaperBox.mat
  importAddress: Guid(30a79def0fa2f1145878ebd8a086ba4e) Importer(2089858483,b0f066a214c2f5e87bad3c948f4d605d)
Start importing Assets/Enviroment/enviroment/Office building/material props/PaperBox.mat using Guid(30a79def0fa2f1145878ebd8a086ba4e) Importer(2089858483,b0f066a214c2f5e87bad3c948f4d605d) (ScriptedImporter) -> (Import Result ID: '116396063ac6438db6f6006e05af5406') in 0.0047229 seconds [static and dynamic dependencies]. Details - ImportResultOutputID=fdeaa7f98110b70a238aac7171ce508c DependenciesID=ab6a621da1cb2fcffea802b62c70ef12 StaticDependenciesID=fb3358f8f7f868430cc09c98e8e977be 
Number of updated asset objects reloaded before import = 0Number of asset objects unloaded after import = 2

========================================================================
Received Import Request.
  Time since last request: 0.000019 seconds.
  path: Assets/LoafbrrAssets/Interiors_A/texture/Surface_Floor_B/Surface_Floor_B_Diffuse_1K.png
  importAddress: Guid(571a9cbce290e9245af9c54b0d6fe766) Importer(2089858483,b0f066a214c2f5e87bad3c948f4d605d)
Start importing Assets/LoafbrrAssets/Interiors_A/texture/Surface_Floor_B/Surface_Floor_B_Diffuse_1K.png using Guid(571a9cbce290e9245af9c54b0d6fe766) Importer(2089858483,b0f066a214c2f5e87bad3c948f4d605d) (ScriptedImporter) -> (Import Result ID: 'd3d58a2044878b07b698ae05f45a9c95') in 0.007725 seconds [static and dynamic dependencies]. Details - ImportResultOutputID=439e414a6e49e6b4f5d2953c393ec005 DependenciesID=e40d8e290851fb268a6b810ab5aab22f StaticDependenciesID=11d82546a0aad039d99dcd736d971b6a 
Number of updated asset objects reloaded before import = 0Number of asset objects unloaded after import = 1

========================================================================
Received Import Request.
  Time since last request: 0.000016 seconds.
  path: Assets/LoafbrrAssets/Interiors_A/prefabs/StairSet/Stairs_1m_F_Grp.prefab
  importAddress: Guid(60c31e4f99498b447a79e9ea446c46d5) Importer(2089858483,b0f066a214c2f5e87bad3c948f4d605d)
Start importing Assets/LoafbrrAssets/Interiors_A/prefabs/StairSet/Stairs_1m_F_Grp.prefab using Guid(60c31e4f99498b447a79e9ea446c46d5) Importer(2089858483,b0f066a214c2f5e87bad3c948f4d605d) (ScriptedImporter) -> (Import Result ID: '01e9127817b716ab9e4bf9f5f7fc916c') in 0.0068968 seconds [static and dynamic dependencies]. Details - ImportResultOutputID=adaaac51a6f67da3b09519d4b75d1dd9 DependenciesID=2b166922f5c599e5dbe9f843f81133a9 StaticDependenciesID=f010b09e7662040cd839dee5cc52aa3f 
Number of updated asset objects reloaded before import = 0Number of asset objects unloaded after import = 34

========================================================================
Received Import Request.
  Time since last request: 0.000026 seconds.
  path: Assets/Enviroment/enviroment/Office building/textures/Props/used/Kindergarten carpet.png
  importAddress: Guid(054c3d545422cf444be940cbfd4766da) Importer(2089858483,b0f066a214c2f5e87bad3c948f4d605d)
Start importing Assets/Enviroment/enviroment/Office building/textures/Props/used/Kindergarten carpet.png using Guid(054c3d545422cf444be940cbfd4766da) Importer(2089858483,b0f066a214c2f5e87bad3c948f4d605d) (ScriptedImporter) -> (Import Result ID: '7d957a349f27f10791874f7cac9a6588') in 0.0060919 seconds [static and dynamic dependencies]. Details - ImportResultOutputID=ebfe986d1c936e44e67d942bf7545c2e DependenciesID=108140b452b898c96d7f175ad295ead7 StaticDependenciesID=31933b04e82cea4e59a6b2adcf5f0caa 
Number of updated asset objects reloaded before import = 0Number of asset objects unloaded after import = 1

========================================================================
Received Import Request.
  Time since last request: 0.000018 seconds.
  path: Assets/LoafbrrAssets/Interiors_A/prefabs/StairParts/Wall_Stair_2m_Edge_C_Flipped.prefab
  importAddress: Guid(3704d5f7bc5040a449dfd9925d60a330) Importer(2089858483,b0f066a214c2f5e87bad3c948f4d605d)
Start importing Assets/LoafbrrAssets/Interiors_A/prefabs/StairParts/Wall_Stair_2m_Edge_C_Flipped.prefab using Guid(3704d5f7bc5040a449dfd9925d60a330) Importer(2089858483,b0f066a214c2f5e87bad3c948f4d605d) (ScriptedImporter) -> (Import Result ID: 'd0265cb353d22c6b4b83f83bf68497f4') in 0.0093344 seconds [static and dynamic dependencies]. Details - ImportResultOutputID=1219f586d88df05db463ff89d199cb0c DependenciesID=a1baa0c7ee3f2b721b6c0c65609d397d StaticDependenciesID=f9e9f36103161f2bfac31084354953e1 
Number of updated asset objects reloaded before import = 0Number of asset objects unloaded after import = 10

========================================================================
Received Import Request.
  Time since last request: 0.000018 seconds.
  path: Assets/Enviroment/enviroment/Office building/meshes/elevator cabin.fbx
  importAddress: Guid(75181ddabc44e404f9a4b441e892458f) Importer(2089858483,b0f066a214c2f5e87bad3c948f4d605d)
Start importing Assets/Enviroment/enviroment/Office building/meshes/elevator cabin.fbx using Guid(75181ddabc44e404f9a4b441e892458f) Importer(2089858483,b0f066a214c2f5e87bad3c948f4d605d) (ScriptedImporter) -> (Import Result ID: 'abe108e5a08fdf5dbc9820c5675343dc') in 0.0094985 seconds [static and dynamic dependencies]. Details - ImportResultOutputID=cb445558ce68d5b5a66a1343ab944e2e DependenciesID=d8ea29bd0b893f722027f40feed19805 StaticDependenciesID=d77e692f2abb7cb0ce974b50747edc76 
Number of updated asset objects reloaded before import = 0Number of asset objects unloaded after import = 18

========================================================================
Received Import Request.
  Time since last request: 0.000016 seconds.
  path: Assets/LoafbrrAssets/Interiors_A/prefabs/StairParts/Wall_Stair_Post.prefab
  importAddress: Guid(443bf386ab364f14c86e20c387626e79) Importer(2089858483,b0f066a214c2f5e87bad3c948f4d605d)
Start importing Assets/LoafbrrAssets/Interiors_A/prefabs/StairParts/Wall_Stair_Post.prefab using Guid(443bf386ab364f14c86e20c387626e79) Importer(2089858483,b0f066a214c2f5e87bad3c948f4d605d) (ScriptedImporter) -> (Import Result ID: 'dbd9061a50b71c31836c8b17e5c60b72') in 0.0075494 seconds [static and dynamic dependencies]. Details - ImportResultOutputID=139c12490f9702c984ad012ad36f32cb DependenciesID=7c7a2f9a9b0e9f5876009e4b37db6fd8 StaticDependenciesID=48904ef7b3483e38f7748bb9347a27d2 
Number of updated asset objects reloaded before import = 0Number of asset objects unloaded after import = 10

========================================================================
Received Import Request.
  Time since last request: 0.000019 seconds.
  path: Assets/Enviroment/enviroment/Office building/textures/Props/used/Little cactus.png
  importAddress: Guid(d28918e65928a114296af6ce3f8552e8) Importer(2089858483,b0f066a214c2f5e87bad3c948f4d605d)
Start importing Assets/Enviroment/enviroment/Office building/textures/Props/used/Little cactus.png using Guid(d28918e65928a114296af6ce3f8552e8) Importer(2089858483,b0f066a214c2f5e87bad3c948f4d605d) (ScriptedImporter) -> (Import Result ID: 'aa8ed1be7fa36a39e13bac07912b6809') in 0.0051042 seconds [static and dynamic dependencies]. Details - ImportResultOutputID=2aca5d87a4c33dfbcffb22b2bd5c5b84 DependenciesID=fe881464905f014a011906a06198afa3 StaticDependenciesID=bc6be6cfc041840c623be8f66a06f8f6 
Number of updated asset objects reloaded before import = 0Number of asset objects unloaded after import = 1

========================================================================
Received Import Request.
  Time since last request: 0.000017 seconds.
  path: Assets/Enviroment/enviroment/Office building/meshes/Exit sign.fbx
  importAddress: Guid(cb5caf2a3116edb4c845e8c28faae753) Importer(2089858483,b0f066a214c2f5e87bad3c948f4d605d)
Start importing Assets/Enviroment/enviroment/Office building/meshes/Exit sign.fbx using Guid(cb5caf2a3116edb4c845e8c28faae753) Importer(2089858483,b0f066a214c2f5e87bad3c948f4d605d) (ScriptedImporter) -> (Import Result ID: '176cbfb165cedf7828ae7b4640426e0f') in 0.0110312 seconds [static and dynamic dependencies]. Details - ImportResultOutputID=dc6f42be59e6407ecf9ee7c6e62f32df DependenciesID=fdb02de13b16dfd77bda6b8ba9449850 StaticDependenciesID=8d236639be8c4e19c31e7d6376f5fea5 
Number of updated asset objects reloaded before import = 0Number of asset objects unloaded after import = 9

========================================================================
Received Import Request.
  Time since last request: 0.000025 seconds.
  path: Assets/LoafbrrAssets/Interiors_A/prefabs/wall/Wall_3m_Window_H.prefab
  importAddress: Guid(be981c67f15db774aa6937f44b566fd9) Importer(2089858483,b0f066a214c2f5e87bad3c948f4d605d)
Start importing Assets/LoafbrrAssets/Interiors_A/prefabs/wall/Wall_3m_Window_H.prefab using Guid(be981c67f15db774aa6937f44b566fd9) Importer(2089858483,b0f066a214c2f5e87bad3c948f4d605d) (ScriptedImporter) -> (Import Result ID: 'cbd88aabe0fb0e82449316c9f1a404f9') in 0.0116749 seconds [static and dynamic dependencies]. Details - ImportResultOutputID=00a612f60419874f4afae40661b690b2 DependenciesID=1ae212f8b4264ea2b52596437898830d StaticDependenciesID=0d56d6718ddcf0d51e48c14a6398b9ba 
Number of updated asset objects reloaded before import = 0Number of asset objects unloaded after import = 12

========================================================================
Received Import Request.
  Time since last request: 0.000041 seconds.
  path: Assets/LoafbrrAssets/Interiors_A/prefabs/StairParts/Stair_Wall_2m_B_Flipped.prefab
  importAddress: Guid(8f4338992b6541847bb2aa0f29b673a2) Importer(2089858483,b0f066a214c2f5e87bad3c948f4d605d)
Start importing Assets/LoafbrrAssets/Interiors_A/prefabs/StairParts/Stair_Wall_2m_B_Flipped.prefab using Guid(8f4338992b6541847bb2aa0f29b673a2) Importer(2089858483,b0f066a214c2f5e87bad3c948f4d605d) (ScriptedImporter) -> (Import Result ID: 'b70ab1b7365053a64c6c0389212b5829') in 0.009691 seconds [static and dynamic dependencies]. Details - ImportResultOutputID=c7102fe6954e4c245bf9bfead27b1c16 DependenciesID=b92035ec15d30e12ca7919d65b3359d2 StaticDependenciesID=3c8122d70b715263407f7e39f793633c 
Number of updated asset objects reloaded before import = 0Number of asset objects unloaded after import = 10

========================================================================
Received Import Request.
  Time since last request: 0.000024 seconds.
  path: Assets/LoafbrrAssets/Interiors_A/prefabs/wall/Wall_Edge_Corner_A.prefab
  importAddress: Guid(6d0669a23f1d41e4f874af9ce32e5fcc) Importer(2089858483,b0f066a214c2f5e87bad3c948f4d605d)
Start importing Assets/LoafbrrAssets/Interiors_A/prefabs/wall/Wall_Edge_Corner_A.prefab using Guid(6d0669a23f1d41e4f874af9ce32e5fcc) Importer(2089858483,b0f066a214c2f5e87bad3c948f4d605d) (ScriptedImporter) -> (Import Result ID: 'ce65bcc4cab6a706ddb3867bd8b38e40') in 0.035429 seconds [static and dynamic dependencies]. Details - ImportResultOutputID=142236af1ef1d3f2f4239184c5372b68 DependenciesID=7be22c91c3e84f341ac5fef464b6e73c StaticDependenciesID=bb931fdd266708bde6338bce2f6b8ccc 
Number of updated asset objects reloaded before import = 0Number of asset objects unloaded after import = 10

========================================================================
Received Import Request.
  Time since last request: 0.000021 seconds.
  path: Assets/Enviroment/enviroment/Office building/textures/toilet floor.jpg
  importAddress: Guid(ac5994799d4431342a796b491493bbd4) Importer(2089858483,b0f066a214c2f5e87bad3c948f4d605d)
Start importing Assets/Enviroment/enviroment/Office building/textures/toilet floor.jpg using Guid(ac5994799d4431342a796b491493bbd4) Importer(2089858483,b0f066a214c2f5e87bad3c948f4d605d) (ScriptedImporter) -> (Import Result ID: '979ab2f094ada94108a2f9232197aaa4') in 0.006884 seconds [static and dynamic dependencies]. Details - ImportResultOutputID=4642e8fff6ba65de5bb5f47989c2242d DependenciesID=71036dcff572c350b7c1737aed1c87ce StaticDependenciesID=3386987fb03977f9c1b92f711fa23584 
Number of updated asset objects reloaded before import = 0Number of asset objects unloaded after import = 1

========================================================================
Received Import Request.
  Time since last request: 0.000023 seconds.
  path: Assets/Enviroment/enviroment/Office building/meshes/Little cactus 2.fbx
  importAddress: Guid(e9b66fa216f183b42b73fbd7bc3daa01) Importer(2089858483,b0f066a214c2f5e87bad3c948f4d605d)
Start importing Assets/Enviroment/enviroment/Office building/meshes/Little cactus 2.fbx using Guid(e9b66fa216f183b42b73fbd7bc3daa01) Importer(2089858483,b0f066a214c2f5e87bad3c948f4d605d) (ScriptedImporter) -> (Import Result ID: 'a2d8ed7c187c5aaad0c962b456792029') in 0.0120913 seconds [static and dynamic dependencies]. Details - ImportResultOutputID=d56f451cee0d64b05a9af0d61701b79c DependenciesID=2231cf1d7bcdd827e0a1361832723c14 StaticDependenciesID=e8098a2323974169b99c6706d3dab0ac 
Number of updated asset objects reloaded before import = 0Number of asset objects unloaded after import = 9

========================================================================
Received Import Request.
  Time since last request: 0.000021 seconds.
  path: Assets/Scenes/Settings/UniversalRenderPipelineGlobalSettings.asset
  importAddress: Guid(18dc0cd2c080841dea60987a38ce93fa) Importer(2089858483,b0f066a214c2f5e87bad3c948f4d605d)
Start importing Assets/Scenes/Settings/UniversalRenderPipelineGlobalSettings.asset using Guid(18dc0cd2c080841dea60987a38ce93fa) Importer(2089858483,b0f066a214c2f5e87bad3c948f4d605d) (ScriptedImporter) -> (Import Result ID: '2ef5b533ef11c59442e04e8e912756fb') in 0.0651932 seconds [static and dynamic dependencies]. Details - ImportResultOutputID=e5ee56fddddc364483b421d7c731b930 DependenciesID=635b38243fb4c53ccf16fcb2d0b60eda StaticDependenciesID=8a524083a7995bb053ac29aae1422a4c 
Number of updated asset objects reloaded before import = 0Number of asset objects unloaded after import = 0

========================================================================
Received Import Request.
  Time since last request: 0.000018 seconds.
  path: Assets/Enviroment/enviroment/Office building/textures/Props/used/bottle.png
  importAddress: Guid(203e1fddcfb3d8d438bd30b1ad6f523c) Importer(2089858483,b0f066a214c2f5e87bad3c948f4d605d)
Start importing Assets/Enviroment/enviroment/Office building/textures/Props/used/bottle.png using Guid(203e1fddcfb3d8d438bd30b1ad6f523c) Importer(2089858483,b0f066a214c2f5e87bad3c948f4d605d) (ScriptedImporter) -> (Import Result ID: '72c992a6d7b96b4e7be5e3ef692915f1') in 0.0058862 seconds [static and dynamic dependencies]. Details - ImportResultOutputID=cc8daa9cd0795922e9f76c8035baa67c DependenciesID=4e086340382f1d0927228061f4879b22 StaticDependenciesID=0d60347d3b3f1cd8378ad2b5af1252cf 
Number of updated asset objects reloaded before import = 0Number of asset objects unloaded after import = 1

========================================================================
Received Import Request.
  Time since last request: 0.000026 seconds.
  path: Assets/LoafbrrAssets/Interiors_A/texture/Surface_Ceiling_A/Surface_Ceiling_A_Normal_1K.png
  importAddress: Guid(755bfedeba955954a92a6b309561d3e2) Importer(2089858483,b0f066a214c2f5e87bad3c948f4d605d)
Start importing Assets/LoafbrrAssets/Interiors_A/texture/Surface_Ceiling_A/Surface_Ceiling_A_Normal_1K.png using Guid(755bfedeba955954a92a6b309561d3e2) Importer(2089858483,b0f066a214c2f5e87bad3c948f4d605d) (ScriptedImporter) -> (Import Result ID: 'c79e531add4cd4bba5c1fe16ef09ace5') in 0.0085831 seconds [static and dynamic dependencies]. Details - ImportResultOutputID=944ed90b14485e3f611f1b6ed526c341 DependenciesID=d97614c9c44a955cce623852a2b23d73 StaticDependenciesID=05708de3602801094b43b9432f82265d 
Number of updated asset objects reloaded before import = 0Number of asset objects unloaded after import = 1

========================================================================
Received Import Request.
  Time since last request: 0.000017 seconds.
  path: Assets/Enviroment/enviroment/Office building/Prefabs/plant 1 Prefab.prefab
  importAddress: Guid(ebb3fb0024366fa48b1a54ce15e27f7e) Importer(2089858483,b0f066a214c2f5e87bad3c948f4d605d)
Start importing Assets/Enviroment/enviroment/Office building/Prefabs/plant 1 Prefab.prefab using Guid(ebb3fb0024366fa48b1a54ce15e27f7e) Importer(2089858483,b0f066a214c2f5e87bad3c948f4d605d) (ScriptedImporter) -> (Import Result ID: '8d83cf5befec2611fbf691f73fcb56b8') in 0.0050824 seconds [static and dynamic dependencies]. Details - ImportResultOutputID=ae1a1477d8cbc749f3795f83595b0a61 DependenciesID=c706bcb49c0446f78212de5ef9215b86 StaticDependenciesID=7596e96cc4b97002477e8674ed15d85c 
Number of updated asset objects reloaded before import = 0Number of asset objects unloaded after import = 10

========================================================================
Received Import Request.
  Time since last request: 0.000022 seconds.
  path: Assets/Enviroment/enviroment/Office building/material props/water dispenser None Transparent.mat
  importAddress: Guid(2b9c5ce33ede7b84ab614d139cd8ec17) Importer(2089858483,b0f066a214c2f5e87bad3c948f4d605d)
Start importing Assets/Enviroment/enviroment/Office building/material props/water dispenser None Transparent.mat using Guid(2b9c5ce33ede7b84ab614d139cd8ec17) Importer(2089858483,b0f066a214c2f5e87bad3c948f4d605d) (ScriptedImporter) -> (Import Result ID: '94438145530c1a2dafd1809e4462028a') in 0.0046752 seconds [static and dynamic dependencies]. Details - ImportResultOutputID=79f23fea9adc17f21fb00b040d92838d DependenciesID=7e64f9e3bca9d0fb84f7cf83254d5aee StaticDependenciesID=28dcbd904807bcfed7c7048f9476135c 
Number of updated asset objects reloaded before import = 0Number of asset objects unloaded after import = 2

========================================================================
Received Import Request.
  Time since last request: 0.000020 seconds.
  path: Assets/Enviroment/enviroment/Office building/Prefabs/Storage box blue Prefab.prefab
  importAddress: Guid(7984ca01ffe708d49a738dc0585ed911) Importer(2089858483,b0f066a214c2f5e87bad3c948f4d605d)
Start importing Assets/Enviroment/enviroment/Office building/Prefabs/Storage box blue Prefab.prefab using Guid(7984ca01ffe708d49a738dc0585ed911) Importer(2089858483,b0f066a214c2f5e87bad3c948f4d605d) (ScriptedImporter) -> (Import Result ID: '0794db12df6562be38b25470c9928b17') in 0.0061338 seconds [static and dynamic dependencies]. Details - ImportResultOutputID=31741543fcf20cb56091fe36dc225ee8 DependenciesID=7126a98cb6ef507abba08be0d8ea58ec StaticDependenciesID=0f26fb7d1fc35c07bd41549b39f6ade7 
Number of updated asset objects reloaded before import = 0Number of asset objects unloaded after import = 10

========================================================================
Received Import Request.
  Time since last request: 0.000015 seconds.
  path: Assets/Enviroment/enviroment/Office building/material props/Trash bin.mat
  importAddress: Guid(7699b8bd7eed55840b156c98c1ecaf74) Importer(2089858483,b0f066a214c2f5e87bad3c948f4d605d)
Start importing Assets/Enviroment/enviroment/Office building/material props/Trash bin.mat using Guid(7699b8bd7eed55840b156c98c1ecaf74) Importer(2089858483,b0f066a214c2f5e87bad3c948f4d605d) (ScriptedImporter) -> (Import Result ID: '2fec94d5c4aa0aee36bc15b8b5619782') in 0.0044027 seconds [static and dynamic dependencies]. Details - ImportResultOutputID=fdd43d08a39c8515743a46fea11213cd DependenciesID=921c886ad0905af39f90abb11b5eff6a StaticDependenciesID=5bad8bc84b64fab5f278e2a6acaa9f2f 
Number of updated asset objects reloaded before import = 0Number of asset objects unloaded after import = 2

========================================================================
Received Import Request.
  Time since last request: 0.000015 seconds.
  path: Assets/LoafbrrAssets/Interiors_A/texture/Door
  importAddress: Guid(bca0c2c90b16da848946ffe31965c5d8) Importer(2089858483,b0f066a214c2f5e87bad3c948f4d605d)
Start importing Assets/LoafbrrAssets/Interiors_A/texture/Door using Guid(bca0c2c90b16da848946ffe31965c5d8) Importer(2089858483,b0f066a214c2f5e87bad3c948f4d605d) (ScriptedImporter) -> (Import Result ID: '6d0ce6cec8765b2c42c85a219b072ac0') in 0.0023307 seconds [static and dynamic dependencies]. Details - ImportResultOutputID=70ed114e0970becfd3987caba19c725f DependenciesID=a9d30a172021d6bb87f02235a72ced0e StaticDependenciesID=f62274bf335384591b629e49811be007 
Number of updated asset objects reloaded before import = 0Number of asset objects unloaded after import = 1

========================================================================
Received Import Request.
  Time since last request: 0.000022 seconds.
  path: Assets/Enviroment/enviroment/Office building/textures/Props/used/Office table.png
  importAddress: Guid(2dbc8f919cfd6fd4a82faf6c9425d98c) Importer(2089858483,b0f066a214c2f5e87bad3c948f4d605d)
Start importing Assets/Enviroment/enviroment/Office building/textures/Props/used/Office table.png using Guid(2dbc8f919cfd6fd4a82faf6c9425d98c) Importer(2089858483,b0f066a214c2f5e87bad3c948f4d605d) (ScriptedImporter) -> (Import Result ID: 'eaba2fdd4b61a4c8550d0bf109e6a870') in 0.0060084 seconds [static and dynamic dependencies]. Details - ImportResultOutputID=b369e67f49a1f3d7a59396a10ce4ffde DependenciesID=b70ed7386211dd97236d8fedc7f74d86 StaticDependenciesID=434d4f113555f085c72b43f169a73d01 
Number of updated asset objects reloaded before import = 0Number of asset objects unloaded after import = 1

========================================================================
Received Import Request.
  Time since last request: 0.000023 seconds.
  path: Assets/Enviroment/enviroment/Office building/Prefabs/Exit sign Prefab.prefab
  importAddress: Guid(2df4114bb280d25418ca52939e84b23f) Importer(2089858483,b0f066a214c2f5e87bad3c948f4d605d)
Start importing Assets/Enviroment/enviroment/Office building/Prefabs/Exit sign Prefab.prefab using Guid(2df4114bb280d25418ca52939e84b23f) Importer(2089858483,b0f066a214c2f5e87bad3c948f4d605d) (ScriptedImporter) -> (Import Result ID: '3ec6d2297bdb2823b20b18a9aa7ae24c') in 0.0059827 seconds [static and dynamic dependencies]. Details - ImportResultOutputID=139944533812b4b15f648781ae30ec4d DependenciesID=fcddb3fbd3773688cb31c198605b886f StaticDependenciesID=4a8dff84a1e0e58d2c3dc5afb931d3db 
Number of updated asset objects reloaded before import = 0Number of asset objects unloaded after import = 13

========================================================================
Received Import Request.
  Time since last request: 0.000047 seconds.
  path: Assets/Enviroment/enviroment/Office building/Prefabs/Lamp A Prefab.prefab
  importAddress: Guid(879cb87e1d568e0468212a4ef47d7ae3) Importer(2089858483,b0f066a214c2f5e87bad3c948f4d605d)
Start importing Assets/Enviroment/enviroment/Office building/Prefabs/Lamp A Prefab.prefab using Guid(879cb87e1d568e0468212a4ef47d7ae3) Importer(2089858483,b0f066a214c2f5e87bad3c948f4d605d) (ScriptedImporter) -> (Import Result ID: '22f35f37d72f56c7661524462801e6a7') in 0.0065858 seconds [static and dynamic dependencies]. Details - ImportResultOutputID=82cf11efa539910781297b2589fe1f86 DependenciesID=dee2035e9f896727843cc7b4ff86302b StaticDependenciesID=013e997e41f30eeb2f3e2a214591c687 
Number of updated asset objects reloaded before import = 0Number of asset objects unloaded after import = 13

========================================================================
Received Import Request.
  Time since last request: 0.000016 seconds.
  path: Assets/LoafbrrAssets/Interiors_A/prefabs/StairSet/Stairs_3m_B_Grp.prefab
  importAddress: Guid(09f652570bc36c2469832016401ff9fa) Importer(2089858483,b0f066a214c2f5e87bad3c948f4d605d)
Start importing Assets/LoafbrrAssets/Interiors_A/prefabs/StairSet/Stairs_3m_B_Grp.prefab using Guid(09f652570bc36c2469832016401ff9fa) Importer(2089858483,b0f066a214c2f5e87bad3c948f4d605d) (ScriptedImporter) -> (Import Result ID: 'f46af65cdf4e4e6455f41e17c6379667') in 0.0058191 seconds [static and dynamic dependencies]. Details - ImportResultOutputID=6e332f7073a5f5f024987e09e9aa3555 DependenciesID=0bfd3d7991a09145a6986acce0e37de0 StaticDependenciesID=e52600c5ae663347c91f637af4dca04f 
Number of updated asset objects reloaded before import = 0Number of asset objects unloaded after import = 40

========================================================================
Received Import Request.
  Time since last request: 0.000027 seconds.
  path: Assets/Enviroment/enviroment/Office building/Prefabs/Kindergarten table Prefab.prefab
  importAddress: Guid(5e579841623758e4b88852a225697a9d) Importer(2089858483,b0f066a214c2f5e87bad3c948f4d605d)
Start importing Assets/Enviroment/enviroment/Office building/Prefabs/Kindergarten table Prefab.prefab using Guid(5e579841623758e4b88852a225697a9d) Importer(2089858483,b0f066a214c2f5e87bad3c948f4d605d) (ScriptedImporter) -> (Import Result ID: '68b7876c32e4cb23ec7d70fa3afb6ad1') in 0.0043041 seconds [static and dynamic dependencies]. Details - ImportResultOutputID=7441e201fa197d94d957ff1b0b7ac8bc DependenciesID=54771c65398342e9336e3931b85815b1 StaticDependenciesID=dc53e8b704c82cdca4174ba11afca5d9 
Number of updated asset objects reloaded before import = 0Number of asset objects unloaded after import = 10

========================================================================
Received Import Request.
  Time since last request: 0.000019 seconds.
  path: Assets/Enviroment/enviroment/Office building/material props/Kitchen Chair B.mat
  importAddress: Guid(8e8d3363e2aba4741a9c2ca24fe77406) Importer(2089858483,b0f066a214c2f5e87bad3c948f4d605d)
Start importing Assets/Enviroment/enviroment/Office building/material props/Kitchen Chair B.mat using Guid(8e8d3363e2aba4741a9c2ca24fe77406) Importer(2089858483,b0f066a214c2f5e87bad3c948f4d605d) (ScriptedImporter) -> (Import Result ID: '26d3eea4fba9a42b0d62330682242af9') in 0.0257404 seconds [static and dynamic dependencies]. Details - ImportResultOutputID=6ac0f153d2f1c5ddc6522c937169f85b DependenciesID=58c0352ad12f98beeec0c6ba47841a9b StaticDependenciesID=cc753794311f79ca370855f6c8bee766 
Number of updated asset objects reloaded before import = 0Number of asset objects unloaded after import = 2

========================================================================
Received Import Request.
  Time since last request: 0.000020 seconds.
  path: Assets/LoafbrrAssets/Interiors_A/prefabs/Vent
  importAddress: Guid(e7444e580aff57d42a86ef50b1c7edcb) Importer(2089858483,b0f066a214c2f5e87bad3c948f4d605d)
Start importing Assets/LoafbrrAssets/Interiors_A/prefabs/Vent using Guid(e7444e580aff57d42a86ef50b1c7edcb) Importer(2089858483,b0f066a214c2f5e87bad3c948f4d605d) (ScriptedImporter) -> (Import Result ID: 'f477de00627ed6da9b71eae039349731') in 0.0022666 seconds [static and dynamic dependencies]. Details - ImportResultOutputID=7ba5bf79e78d1a2e062c8566f6d3a692 DependenciesID=02e8295a607a219b871aa5e7b7696288 StaticDependenciesID=fdcbc2ed6fca8f514a21fbb8e961aa4c 
Number of updated asset objects reloaded before import = 0Number of asset objects unloaded after import = 1

========================================================================
Received Import Request.
  Time since last request: 0.000020 seconds.
  path: Assets/Enviroment/enviroment/Office building/textures/Props/used/toilet.png
  importAddress: Guid(54e20126018107b4cab5a5c1daf049b1) Importer(2089858483,b0f066a214c2f5e87bad3c948f4d605d)
Start importing Assets/Enviroment/enviroment/Office building/textures/Props/used/toilet.png using Guid(54e20126018107b4cab5a5c1daf049b1) Importer(2089858483,b0f066a214c2f5e87bad3c948f4d605d) (ScriptedImporter) -> (Import Result ID: 'cd50740b3a43bbe0f15c9487f9dfcdb8') in 0.0056975 seconds [static and dynamic dependencies]. Details - ImportResultOutputID=3da8213a37c330e9cba08af6a8466f61 DependenciesID=5bdc6aafb10a43505a19b2ff6dad9c79 StaticDependenciesID=ebd43ebc7e86e4e857c11594019e4336 
Number of updated asset objects reloaded before import = 0Number of asset objects unloaded after import = 1

========================================================================
Received Import Request.
  Time since last request: 0.000017 seconds.
  path: Assets/LoafbrrAssets/Interiors_A/texture/MiscTrim/MiscTrim_Emission_2K.png
  importAddress: Guid(3beb20b7ddb6d754c8914aa119f6e07e) Importer(2089858483,b0f066a214c2f5e87bad3c948f4d605d)
Start importing Assets/LoafbrrAssets/Interiors_A/texture/MiscTrim/MiscTrim_Emission_2K.png using Guid(3beb20b7ddb6d754c8914aa119f6e07e) Importer(2089858483,b0f066a214c2f5e87bad3c948f4d605d) (ScriptedImporter) -> (Import Result ID: '846a01f08a40b585719a484423d223be') in 0.0068352 seconds [static and dynamic dependencies]. Details - ImportResultOutputID=f7241de72843a8cf82e5230756558c1b DependenciesID=cda37925a2cb1258e2f0a8fca4989b6f StaticDependenciesID=3da81f2b654c54b76213fbfcbd5ba04f 
Number of updated asset objects reloaded before import = 0Number of asset objects unloaded after import = 1

Editor requested this worker to shutdown with reason: Scaling down because of idle timeout
AssetImportWorker is now disconnected from the server
Process exiting
Exiting without the bug reporter. Application will terminate with return code 0